customer_id,tenure,monthly_charges,total_charges,gender,senior_citizen,partner,dependents,phone_service,multiple_lines,internet_service,online_security,online_backup,device_protection,tech_support,streaming_tv,streaming_movies,contract,paperless_billing,payment_method,churn
1,52,119.40816546455756,5752.9463359246365,Male,0,No,No,No,No,DSL,No internet service,Yes,Yes,Yes,No internet service,No internet service,Month-to-month,No,Credit card,0
2,15,21.107855259430966,5800.454556071712,Male,0,No,No,Yes,No,Fiber optic,Yes,No,No internet service,No,Yes,Yes,One year,No,Mailed check,1
3,61,93.01734533106766,2330.9371698360333,Male,0,No,No,Yes,No phone service,Fiber optic,No,No internet service,No,No internet service,Yes,Yes,Month-to-month,No,Mailed check,1
4,21,77.17893159359805,6698.921040781756,Male,0,No,Yes,No,No,Fiber optic,No,Yes,No,Yes,Yes,No internet service,Month-to-month,Yes,Credit card,1
5,24,63.40521760809567,2603.0750548376072,Male,1,Yes,No,No,No,DSL,No internet service,Yes,No,No,No,Yes,Two year,No,Electronic check,0
6,3,32.75701745713709,5828.235679493684,Male,0,Yes,Yes,No,No,No,No internet service,No,No internet service,Yes,No internet service,Yes,One year,Yes,Credit card,1
7,22,60.908514863487625,1055.8981633453247,Female,0,No,Yes,Yes,No,No,No internet service,Yes,No internet service,No internet service,No internet service,No,Month-to-month,No,Bank transfer,0
8,53,55.43771829861353,1432.7429781495907,Female,0,Yes,Yes,Yes,Yes,DSL,Yes,No internet service,No internet service,Yes,Yes,No,One year,No,Mailed check,0
9,2,50.28298889787422,2594.785591615184,Female,0,No,No,Yes,No phone service,No,Yes,No,Yes,No,No,No,Month-to-month,Yes,Bank transfer,1
10,30,93.08796233222077,4791.602764576106,Male,0,Yes,Yes,Yes,Yes,Fiber optic,No,No,Yes,No,No,No,One year,Yes,Mailed check,1
11,38,90.07255212842638,5199.540735281725,Male,0,Yes,Yes,No,No phone service,Fiber optic,No internet service,No,Yes,No internet service,No internet service,No internet service,Month-to-month,No,Mailed check,0
12,2,78.90200909809116,3231.2137585430514,Male,0,Yes,No,No,No phone service,No,No,No,No,Yes,Yes,No,Month-to-month,Yes,Bank transfer,1
13,64,113.86648132933722,714.9293095730609,Female,0,Yes,No,No,No phone service,No,Yes,No internet service,No,Yes,No internet service,No,One year,No,Mailed check,1
14,60,54.985438418085444,3051.7137515325217,Female,0,No,Yes,Yes,No phone service,No,No,No internet service,No,No internet service,Yes,Yes,Month-to-month,No,Credit card,1
15,21,44.38019377101796,5541.263376077297,Female,1,Yes,No,Yes,Yes,Fiber optic,No,No internet service,No internet service,No internet service,Yes,No internet service,Month-to-month,Yes,Credit card,1
16,33,85.59033130983995,5400.864142929496,Female,0,No,Yes,No,No phone service,Fiber optic,No internet service,No internet service,No internet service,No internet service,No internet service,Yes,One year,No,Mailed check,0
17,58,39.881406093740296,1365.5516643229978,Female,0,No,No,No,No,DSL,No,No internet service,No,No internet service,Yes,Yes,Two year,No,Mailed check,0
18,22,51.50105071834246,161.49336512484052,Female,0,Yes,Yes,No,No,DSL,No internet service,No internet service,No internet service,No,Yes,Yes,Two year,Yes,Credit card,0
19,49,42.460244007488484,6048.554776639323,Male,0,No,Yes,Yes,No phone service,Fiber optic,No,No,Yes,No,Yes,No,Month-to-month,Yes,Electronic check,1
20,59,26.91535677185012,940.3085144434253,Female,0,No,No,No,No,Fiber optic,No,No,Yes,No internet service,Yes,No internet service,One year,No,Mailed check,0
21,42,102.74987416356734,750.5582373178554,Male,0,No,No,Yes,No,DSL,Yes,No,No internet service,No internet service,No,No,Two year,No,Credit card,0
22,60,45.45405429216612,121.33961298989139,Female,0,No,No,No,No phone service,DSL,Yes,No internet service,Yes,Yes,Yes,No internet service,One year,No,Electronic check,1
23,15,67.30275033430206,3517.550475059725,Female,0,Yes,Yes,No,No phone service,Fiber optic,No,No,Yes,No,Yes,Yes,Two year,No,Electronic check,1
24,62,24.331527325431196,4075.7848171164337,Male,0,Yes,Yes,Yes,No phone service,No,No,No internet service,Yes,Yes,Yes,No internet service,Month-to-month,No,Bank transfer,1
25,62,89.93394662526431,5137.545964573866,Male,0,Yes,No,Yes,Yes,Fiber optic,No internet service,No,No,Yes,No internet service,Yes,One year,No,Electronic check,0
26,47,53.056100230629085,2438.904341629428,Male,1,Yes,Yes,Yes,No phone service,No,Yes,No internet service,No internet service,No,No,No,Month-to-month,No,Mailed check,0
27,62,94.473672782921,5712.355259455561,Female,0,No,No,No,No phone service,Fiber optic,Yes,No internet service,No internet service,No internet service,Yes,Yes,Month-to-month,No,Electronic check,0
28,51,61.240306046786614,1437.7216735148384,Female,0,No,Yes,Yes,Yes,DSL,No,No internet service,No,No,Yes,No,Month-to-month,Yes,Bank transfer,1
29,55,39.57556064056246,6672.721419571744,Male,0,Yes,Yes,No,No,DSL,No internet service,Yes,Yes,Yes,No internet service,No,One year,Yes,Credit card,0
30,64,71.3175082282036,4617.60179823452,Female,0,Yes,No,Yes,Yes,DSL,Yes,Yes,No,No,No,No,Two year,No,Bank transfer,0
31,3,33.05045596374398,4712.729604639183,Male,0,No,No,No,No,Fiber optic,No,No internet service,Yes,No internet service,No,Yes,Month-to-month,Yes,Credit card,1
32,51,64.05391598729948,1757.2257688549541,Female,1,Yes,Yes,Yes,Yes,Fiber optic,No,No,No,No,No,No,One year,Yes,Mailed check,1
33,7,51.73054774204866,685.4591194730672,Female,0,No,Yes,Yes,No phone service,Fiber optic,No,No internet service,Yes,No internet service,Yes,No internet service,Two year,No,Credit card,1
34,21,111.19595841996332,3771.3259443373045,Female,0,Yes,Yes,No,Yes,No,No,No internet service,No,No internet service,No,No internet service,Month-to-month,Yes,Electronic check,1
35,39,26.092872172071996,4963.334420186636,Male,0,No,Yes,Yes,No phone service,Fiber optic,No,Yes,No,Yes,No internet service,No internet service,Two year,Yes,Credit card,1
36,18,89.4017414105742,850.8670234273162,Female,0,No,No,No,No,No,Yes,No internet service,Yes,Yes,No internet service,No internet service,Two year,Yes,Electronic check,0
37,4,38.275116598743594,7609.222348772517,Male,0,Yes,No,No,No phone service,No,Yes,Yes,Yes,No internet service,Yes,No,One year,Yes,Bank transfer,0
38,60,51.90450743322398,7845.273445839174,Male,0,Yes,No,No,Yes,No,No internet service,No,No internet service,No internet service,Yes,No internet service,One year,Yes,Bank transfer,0
39,14,61.551406306206594,4409.107893600687,Male,0,Yes,Yes,Yes,Yes,DSL,No,No,No internet service,Yes,Yes,Yes,One year,No,Credit card,1
40,9,110.80150893749742,7605.546326659909,Male,0,No,Yes,No,No,No,No internet service,No,No,No internet service,Yes,No internet service,Two year,No,Bank transfer,0
41,53,44.25782660738251,1517.6173768887393,Male,0,Yes,Yes,Yes,No phone service,No,No,No internet service,No,No,No internet service,No internet service,Two year,Yes,Bank transfer,0
42,2,29.130880254467023,300.8234129182466,Male,0,Yes,Yes,Yes,No,DSL,No,Yes,No internet service,No internet service,Yes,Yes,One year,No,Bank transfer,1
43,60,51.868960399052355,411.33532879408045,Male,0,Yes,No,No,No phone service,No,No,No internet service,No internet service,No internet service,Yes,Yes,Two year,Yes,Electronic check,1
44,71,30.467597053553334,4741.348587471555,Male,0,Yes,No,Yes,No phone service,Fiber optic,No internet service,No,Yes,Yes,Yes,No internet service,Two year,Yes,Credit card,1
45,44,32.85964859605525,586.9708791509058,Male,0,Yes,No,No,No,Fiber optic,No,No internet service,No internet service,Yes,Yes,No,Two year,No,Electronic check,1
46,8,77.38505979750266,7672.510293910288,Female,0,No,Yes,No,No,DSL,No internet service,Yes,No,Yes,No internet service,Yes,One year,Yes,Credit card,1
47,47,26.09019330994933,1221.2723649992488,Male,0,Yes,No,No,No phone service,DSL,Yes,Yes,No internet service,No,No,No,Month-to-month,Yes,Electronic check,1
48,35,23.093088139356603,2507.310167818531,Female,1,Yes,No,No,No,No,No,No,No internet service,No internet service,Yes,No,Month-to-month,Yes,Mailed check,1
49,36,91.44141014704978,6597.890635786953,Male,0,Yes,No,No,No phone service,No,No internet service,No,No internet service,No internet service,No internet service,No internet service,One year,No,Mailed check,0
50,50,56.16470948410445,1828.0485525223353,Female,0,Yes,No,No,No,No,Yes,No,No internet service,Yes,No,No,Two year,No,Mailed check,1
51,4,32.53753492338733,2019.4508217911077,Female,0,No,Yes,Yes,No,DSL,No,No internet service,No,No internet service,No internet service,No,One year,No,Electronic check,0
52,2,45.361277085970826,5174.240750749044,Female,0,No,Yes,Yes,No,No,Yes,Yes,No internet service,No internet service,No,No,Month-to-month,No,Credit card,0
53,6,84.2086507352399,2281.0800990651724,Female,0,Yes,No,Yes,Yes,Fiber optic,No,No internet service,No internet service,No,No internet service,No internet service,One year,Yes,Electronic check,0
54,54,47.55365671408512,1817.8363086608322,Female,1,Yes,No,Yes,No,Fiber optic,No internet service,No,No,No internet service,Yes,Yes,Month-to-month,No,Credit card,1
55,4,69.4521125120408,2108.0039430146944,Female,0,Yes,No,Yes,Yes,No,No,Yes,No internet service,No,No,No internet service,Month-to-month,No,Mailed check,0
56,54,32.16953067266723,3976.115244791742,Male,0,No,No,No,No phone service,DSL,No,No,No,No internet service,No internet service,Yes,One year,Yes,Electronic check,0
57,63,78.8093637605447,7732.188994578709,Male,0,No,No,Yes,No phone service,Fiber optic,No internet service,Yes,No internet service,Yes,Yes,No,One year,No,Credit card,1
58,18,51.607768384326405,6674.679738333703,Male,0,Yes,Yes,No,No,DSL,No internet service,Yes,No internet service,Yes,Yes,Yes,Month-to-month,Yes,Credit card,1
59,44,82.69684345287166,2348.4210900253993,Male,0,No,No,Yes,Yes,Fiber optic,No internet service,No,No internet service,No internet service,No,Yes,Two year,Yes,Bank transfer,0
60,34,100.8394882304023,2970.648347134972,Male,0,No,No,Yes,No phone service,No,No,Yes,Yes,Yes,No internet service,Yes,Two year,Yes,Credit card,1
61,62,81.16464193899924,3769.6467789822113,Male,0,No,No,No,Yes,No,Yes,Yes,No internet service,No,Yes,Yes,Month-to-month,No,Mailed check,1
62,14,49.57475625950207,7833.544211434224,Female,0,No,Yes,Yes,Yes,DSL,No internet service,No,No,Yes,No internet service,No,Two year,Yes,Electronic check,0
63,48,45.574370154830035,1461.884699852154,Male,0,No,Yes,Yes,No phone service,No,Yes,Yes,Yes,No,Yes,Yes,Month-to-month,No,Bank transfer,0
64,15,52.7420958733448,2924.1165175858746,Female,0,No,Yes,Yes,Yes,DSL,No internet service,No,No internet service,No internet service,Yes,Yes,Month-to-month,No,Mailed check,0
65,62,36.462051323650485,5862.466142463448,Female,0,Yes,Yes,No,Yes,DSL,No internet service,No internet service,No,No internet service,Yes,No,Month-to-month,No,Electronic check,1
66,40,38.117185085002006,7715.1555007246525,Female,0,No,Yes,Yes,No phone service,Fiber optic,No,No internet service,No internet service,Yes,No,Yes,One year,Yes,Electronic check,0
67,53,99.06911019001679,1329.8341808374778,Female,0,Yes,No,No,No,Fiber optic,No internet service,No,No,No internet service,No internet service,No internet service,One year,Yes,Bank transfer,1
68,24,58.4732576507445,1896.3016381353316,Female,0,No,No,Yes,No,No,Yes,Yes,No internet service,No internet service,No,Yes,One year,No,Mailed check,0
69,26,63.59951805705858,1882.9879276843988,Female,0,Yes,Yes,No,Yes,DSL,No,No internet service,No,No,No,No internet service,Month-to-month,No,Electronic check,0
70,60,79.40494655668113,265.36303298738073,Male,0,No,Yes,Yes,No,Fiber optic,No internet service,No,No,No,No,No internet service,One year,Yes,Bank transfer,1
71,41,78.96534951515477,4872.513437349501,Female,0,Yes,Yes,No,No phone service,No,Yes,No,Yes,No internet service,No,No internet service,Two year,Yes,Electronic check,0
72,29,26.73768715219257,5398.554285752561,Female,0,Yes,No,No,No phone service,No,No,Yes,Yes,Yes,No,No,Two year,Yes,Electronic check,0
73,15,103.15407863376656,4859.954531989501,Male,0,No,Yes,Yes,No phone service,Fiber optic,Yes,Yes,No,Yes,Yes,No internet service,One year,Yes,Mailed check,0
74,45,37.73265532239394,663.4516163612333,Male,1,Yes,Yes,Yes,Yes,No,No,Yes,No,Yes,Yes,No internet service,One year,Yes,Mailed check,1
75,65,92.30716360496689,646.9179933904904,Male,0,Yes,Yes,Yes,No phone service,Fiber optic,No,No,Yes,No internet service,Yes,No,Month-to-month,No,Electronic check,1
76,71,97.26709881281666,1762.0537805035797,Male,0,No,No,No,Yes,DSL,No,No internet service,No,Yes,No,No,One year,No,Credit card,0
77,9,91.48995340913137,2393.3266740214253,Male,0,Yes,Yes,Yes,Yes,No,No internet service,No,No internet service,Yes,Yes,No internet service,One year,No,Electronic check,1
78,1,77.89776465541452,6313.694881689375,Male,0,No,No,No,No phone service,DSL,No,Yes,No internet service,No internet service,Yes,No,One year,Yes,Credit card,0
79,8,21.460899710888285,1359.1830994164768,Male,0,Yes,No,Yes,No phone service,Fiber optic,No internet service,Yes,No,No,Yes,Yes,Month-to-month,Yes,Mailed check,1
80,63,56.03754923631707,448.3285095405039,Female,0,Yes,No,Yes,Yes,DSL,No internet service,No,No,No,No,No internet service,Two year,No,Electronic check,0
81,11,80.48394293625812,3212.5013109331353,Male,0,No,No,No,No phone service,Fiber optic,No internet service,Yes,Yes,No internet service,No internet service,No internet service,Month-to-month,No,Electronic check,1
82,8,58.74512959225387,3389.4981441211703,Female,0,Yes,No,Yes,No,No,No internet service,Yes,Yes,No,No internet service,Yes,One year,Yes,Electronic check,1
83,35,106.34798949128131,3662.1679716927383,Male,0,Yes,Yes,Yes,Yes,No,No,No,No,Yes,Yes,No,One year,Yes,Bank transfer,0
84,35,50.880227534961534,6632.537997813051,Male,0,No,No,Yes,Yes,No,No internet service,No internet service,No internet service,No internet service,No,Yes,Two year,No,Bank transfer,0
85,33,49.35347924586604,874.2427774804396,Female,0,No,No,No,No phone service,DSL,Yes,Yes,Yes,No internet service,No internet service,Yes,One year,No,Mailed check,1
86,5,46.599769309265795,5661.142451133501,Male,0,No,No,No,No phone service,DSL,Yes,No internet service,No internet service,No,Yes,No,Month-to-month,No,Electronic check,1
87,41,53.27808689607955,2769.7700112577973,Male,1,Yes,Yes,No,Yes,DSL,No,No internet service,No internet service,No internet service,No,No,Month-to-month,Yes,Electronic check,0
88,28,75.74049643141872,2548.8430778402126,Male,0,Yes,No,No,Yes,Fiber optic,No internet service,No internet service,No internet service,No internet service,No internet service,No internet service,Month-to-month,Yes,Credit card,0
89,7,90.70152942725908,7467.090696079241,Male,0,No,No,Yes,Yes,No,Yes,No internet service,No internet service,Yes,No internet service,No internet service,Month-to-month,No,Bank transfer,1
90,12,86.2567917738785,2062.901342892262,Male,0,Yes,No,Yes,No phone service,DSL,Yes,Yes,Yes,No internet service,No,No internet service,One year,Yes,Mailed check,0
91,34,100.77178199814796,5176.001499180994,Male,0,Yes,Yes,Yes,Yes,Fiber optic,No internet service,Yes,No,No internet service,No internet service,No,Month-to-month,No,Mailed check,1
92,33,108.59139954974249,2273.5092832711275,Male,0,Yes,No,No,No,DSL,No internet service,No,No,No internet service,Yes,No internet service,One year,No,Electronic check,0
93,48,101.60790423433512,4106.436672859043,Female,1,Yes,No,Yes,No,Fiber optic,No,Yes,Yes,No internet service,Yes,Yes,Month-to-month,Yes,Electronic check,1
94,23,21.89454033743546,6311.713851510595,Male,0,Yes,No,No,No phone service,No,Yes,No,No internet service,No,No,No internet service,Two year,No,Bank transfer,0
95,62,93.59179535519887,7065.607935778458,Female,0,No,No,Yes,Yes,DSL,No,No internet service,No,No internet service,No,No,Two year,No,Credit card,0
96,37,40.83995736183316,6725.708198330897,Female,0,No,No,No,Yes,No,Yes,No,No,Yes,Yes,No,Month-to-month,No,Bank transfer,1
97,44,33.292804270798264,4699.227815542655,Female,0,Yes,No,No,No,DSL,No internet service,No,No,No,No,No internet service,Two year,No,Mailed check,0
98,35,83.84887847991355,2065.648891171955,Female,0,Yes,No,Yes,Yes,Fiber optic,Yes,Yes,No internet service,No internet service,No internet service,No,Two year,Yes,Bank transfer,1
99,65,51.97431954076949,5323.7437277687395,Female,1,Yes,Yes,No,No phone service,No,Yes,No,No,No,No internet service,No,Two year,Yes,Bank transfer,0
100,47,25.711716337044326,5708.249861658903,Female,0,No,Yes,No,No phone service,DSL,Yes,No internet service,Yes,No internet service,No internet service,No internet service,Two year,No,Mailed check,1
101,3,33.76297343983613,184.46672189666117,Female,0,No,Yes,Yes,No phone service,DSL,No internet service,Yes,No,No internet service,No internet service,No internet service,One year,No,Mailed check,0
102,1,20.092941686996106,3569.763036361809,Male,1,No,No,No,Yes,No,No internet service,Yes,No,No,No,Yes,Month-to-month,Yes,Mailed check,0
103,5,110.32236273447073,6761.770138291938,Male,0,No,Yes,No,Yes,Fiber optic,Yes,Yes,Yes,No,No internet service,No,Two year,Yes,Electronic check,1
104,14,22.46179838412386,3967.7420103200743,Male,0,No,No,Yes,No,No,Yes,No internet service,No internet service,No,No,No internet service,One year,No,Credit card,0
105,27,40.94557695095111,2559.8659930902368,Female,0,Yes,Yes,No,No,DSL,No internet service,No,No,No,Yes,Yes,Two year,No,Electronic check,0
106,9,61.62627806879073,6987.202391094836,Male,0,Yes,Yes,No,No phone service,No,No internet service,Yes,No internet service,Yes,No internet service,No,One year,No,Bank transfer,1
107,15,55.65713259508191,1331.457510485465,Female,0,Yes,No,No,Yes,No,No internet service,No,No internet service,No,No,No,Month-to-month,Yes,Credit card,1
108,42,111.17258769127757,1730.9173360879831,Female,0,Yes,No,Yes,Yes,Fiber optic,Yes,No internet service,No internet service,Yes,Yes,Yes,One year,Yes,Bank transfer,1
109,51,24.02889457345421,5530.241698795454,Male,0,No,No,Yes,No phone service,Fiber optic,No,No internet service,No,No internet service,No internet service,No,Month-to-month,Yes,Bank transfer,1
110,63,71.22147076770516,2884.243938059942,Female,0,Yes,No,Yes,No phone service,No,No,No internet service,No,No internet service,No internet service,No internet service,One year,Yes,Electronic check,0
111,52,88.0479462524374,5732.833002296854,Female,0,Yes,No,Yes,No,Fiber optic,No internet service,Yes,Yes,No,No internet service,Yes,One year,Yes,Credit card,1
112,4,113.16979736811687,1345.858607949986,Male,0,Yes,Yes,No,No,Fiber optic,No,Yes,No internet service,No internet service,No,Yes,Two year,Yes,Electronic check,0
113,23,82.0371252123721,2092.925807846683,Female,0,Yes,No,Yes,No phone service,DSL,Yes,No,Yes,Yes,No,No internet service,Two year,Yes,Mailed check,0
114,15,100.37552360117627,1337.5142890727047,Male,0,No,Yes,Yes,Yes,Fiber optic,No,No,No,Yes,Yes,Yes,One year,Yes,Mailed check,0
115,43,28.37249378453484,7627.991477151726,Female,0,No,Yes,Yes,No,No,No,Yes,No,No,No internet service,No internet service,One year,Yes,Electronic check,0
116,29,58.59395109369274,3302.6912907223004,Female,0,Yes,No,Yes,No phone service,No,No,No internet service,Yes,No,Yes,No internet service,One year,Yes,Electronic check,1
117,36,57.394713447906746,2764.0372882907855,Male,1,Yes,Yes,No,Yes,DSL,No internet service,No internet service,Yes,No,No,No,Month-to-month,No,Electronic check,0
118,13,108.62882164557176,212.19703374904114,Male,0,Yes,Yes,No,No phone service,DSL,Yes,Yes,No internet service,Yes,No internet service,No,One year,Yes,Bank transfer,1
119,32,35.137117126327496,1311.9988773460104,Male,0,Yes,No,Yes,Yes,DSL,No internet service,No,No,No,Yes,No,Month-to-month,Yes,Credit card,1
120,71,35.188617233663024,3426.973264315746,Female,0,No,No,No,No,No,No,No internet service,No internet service,Yes,No internet service,No,Month-to-month,No,Credit card,0
121,59,52.855814988579844,641.1720613179631,Female,0,No,Yes,Yes,Yes,No,No internet service,Yes,No internet service,Yes,No,No,Month-to-month,No,Mailed check,1
122,28,25.44660473668376,4134.840703099114,Male,0,Yes,Yes,Yes,Yes,Fiber optic,Yes,No,No,No internet service,Yes,No internet service,Month-to-month,No,Credit card,0
123,66,38.245804065249004,3694.6219638691377,Male,0,Yes,Yes,No,No phone service,DSL,Yes,No,No,No internet service,No internet service,Yes,Month-to-month,Yes,Credit card,0
124,42,116.52096385457352,6160.628308720381,Male,0,No,No,No,Yes,Fiber optic,Yes,No internet service,No internet service,No,No internet service,Yes,Month-to-month,Yes,Credit card,0
125,45,62.81839398671728,5312.441341062501,Female,0,No,No,No,No,Fiber optic,Yes,No internet service,Yes,No,No internet service,No,Month-to-month,Yes,Bank transfer,1
126,62,83.20192084224365,3622.9837120325333,Female,1,Yes,No,No,No phone service,No,No,No internet service,No,No,Yes,No internet service,One year,No,Mailed check,0
127,57,92.6111259344637,1874.8195308300644,Male,0,Yes,Yes,No,No phone service,Fiber optic,No,No internet service,No internet service,No,No,No internet service,Month-to-month,No,Electronic check,1
128,6,56.69614070072005,5842.22217154067,Male,0,Yes,No,No,No phone service,DSL,No,No,Yes,Yes,No,No internet service,One year,Yes,Credit card,0
129,28,34.722707441051696,5692.110617288213,Male,0,No,No,Yes,No phone service,DSL,No,Yes,No internet service,No,Yes,Yes,One year,No,Credit card,0
130,28,40.65810162217808,1311.0396680715605,Female,0,No,Yes,No,No phone service,No,No,No,No,No internet service,No internet service,No internet service,Month-to-month,Yes,Bank transfer,1
131,44,51.326647658061034,7326.539468260681,Male,0,No,Yes,Yes,No phone service,No,No internet service,No internet service,Yes,No,Yes,No,One year,No,Mailed check,0
132,30,83.60684203522257,608.8004165188411,Male,0,No,Yes,Yes,No phone service,No,Yes,Yes,Yes,Yes,Yes,No internet service,One year,No,Credit card,0
133,62,59.82805490890544,534.797900252458,Male,0,No,No,Yes,No,DSL,No,No,Yes,No internet service,No,No,Month-to-month,Yes,Bank transfer,1
134,62,20.681469790012812,1580.0682995331733,Female,0,Yes,No,Yes,No,No,Yes,Yes,No,No internet service,Yes,Yes,One year,Yes,Electronic check,0
135,1,72.34071850674718,7284.7403045852925,Female,0,Yes,No,Yes,No phone service,DSL,Yes,No,No,No,No internet service,Yes,One year,Yes,Mailed check,1
136,27,112.1513391907418,4207.9851798916825,Male,0,Yes,No,No,Yes,Fiber optic,No,Yes,No internet service,No internet service,No,No internet service,Two year,No,Credit card,1
137,62,101.2077611008679,6324.733273315911,Female,0,Yes,No,No,No phone service,No,No,No,No internet service,No internet service,No,Yes,Two year,Yes,Electronic check,0
138,3,102.52113712596311,1899.961185804355,Male,0,No,No,Yes,No phone service,No,Yes,No,No,No,No internet service,Yes,Month-to-month,Yes,Credit card,0
139,70,99.50580176061311,3972.7535997645527,Male,0,Yes,No,Yes,No phone service,No,Yes,No internet service,No internet service,No,Yes,No internet service,Month-to-month,No,Mailed check,0
140,27,52.37308256104237,2930.48676262867,Male,0,No,Yes,No,Yes,DSL,Yes,No,Yes,Yes,No,Yes,Month-to-month,No,Bank transfer,1
141,9,96.5193833754392,6639.845995822922,Male,0,No,No,Yes,No,Fiber optic,No internet service,No internet service,No,No internet service,Yes,No,Month-to-month,Yes,Credit card,1
142,62,34.3161357811193,278.57507093789036,Female,0,Yes,No,No,Yes,No,No internet service,No,No,No,No internet service,No internet service,Month-to-month,No,Mailed check,0
143,37,85.77161472759535,2026.3575667322323,Male,0,Yes,Yes,No,Yes,Fiber optic,Yes,Yes,No internet service,No internet service,No,No,Two year,Yes,Bank transfer,1
144,51,84.15685666849944,1305.3363719887923,Male,0,Yes,Yes,No,Yes,No,No internet service,Yes,No,No,No internet service,Yes,Two year,Yes,Electronic check,1
145,44,22.556979908973467,6887.5934059003985,Female,0,Yes,Yes,Yes,Yes,DSL,Yes,No internet service,Yes,Yes,No,No internet service,One year,No,Credit card,1
146,24,98.79701335909316,3793.596412580749,Male,0,Yes,Yes,Yes,No phone service,Fiber optic,Yes,No,No,No,No internet service,No,Two year,No,Electronic check,0
147,59,110.32481050951306,3293.338346756408,Female,0,Yes,No,Yes,No,Fiber optic,No,No internet service,Yes,No,Yes,No internet service,Month-to-month,Yes,Credit card,1
148,32,46.74152784721076,3650.913820598531,Male,0,No,No,Yes,Yes,No,Yes,Yes,No,Yes,No internet service,No,Two year,No,Mailed check,1
149,52,101.2390724186151,7778.203950548448,Male,0,No,Yes,Yes,No,Fiber optic,No,No,No,No,No internet service,No,One year,Yes,Electronic check,1
150,62,28.24059718619482,6817.1124152538005,Male,0,No,Yes,Yes,No phone service,DSL,No,No internet service,No,Yes,No internet service,No internet service,Month-to-month,No,Credit card,1
151,58,79.9967858261066,5680.313297617429,Male,0,Yes,No,Yes,No phone service,Fiber optic,Yes,Yes,No internet service,No internet service,No internet service,No,Month-to-month,No,Mailed check,1
152,52,68.56468653342772,2394.7837778637113,Female,0,No,Yes,Yes,No,Fiber optic,No internet service,Yes,No internet service,No internet service,No internet service,No internet service,One year,Yes,Credit card,1
153,12,74.59235333090001,1404.8666961957374,Male,0,Yes,Yes,No,No phone service,Fiber optic,Yes,No,Yes,No internet service,Yes,Yes,Two year,Yes,Bank transfer,0
154,39,112.62052018843451,7379.325669293182,Female,0,Yes,No,Yes,No,Fiber optic,Yes,No,No internet service,No,Yes,No,One year,Yes,Mailed check,1
155,2,107.13152472468535,3442.2966300922144,Female,0,No,Yes,No,Yes,No,No internet service,No,No,Yes,No,No,Month-to-month,No,Mailed check,1
156,3,98.5083657239757,2302.17081580217,Female,0,No,No,No,No phone service,No,No,No internet service,No internet service,No,No internet service,No,Month-to-month,No,Credit card,1
157,56,47.3698457678371,3820.27452869932,Male,0,Yes,Yes,No,No phone service,Fiber optic,No internet service,No internet service,No internet service,No,Yes,No,Two year,Yes,Mailed check,0
158,59,111.18186286860916,7350.994640280782,Female,1,Yes,No,Yes,No,Fiber optic,Yes,No,Yes,No,No internet service,Yes,One year,No,Electronic check,0
159,2,29.750769246387527,3157.8317757912164,Female,0,No,Yes,Yes,No phone service,DSL,Yes,No,No,Yes,No internet service,No internet service,Two year,Yes,Credit card,0
160,2,105.33292165587878,4544.8638782599855,Female,0,No,No,Yes,Yes,No,No internet service,No,Yes,No,No,No internet service,Month-to-month,Yes,Bank transfer,1
161,54,52.81600723536078,6443.433778757678,Male,0,No,No,No,No phone service,No,No internet service,Yes,No internet service,No,No internet service,No internet service,One year,Yes,Mailed check,0
162,1,25.377231166198335,3474.3469952822907,Male,0,No,Yes,Yes,No phone service,No,No internet service,No,No,Yes,Yes,Yes,One year,No,Bank transfer,1
163,19,86.93569842407483,1944.9802352183096,Female,0,No,Yes,Yes,No phone service,Fiber optic,No,No internet service,Yes,Yes,No,Yes,Two year,Yes,Electronic check,1
164,2,43.12799283159555,7956.753412225964,Female,0,No,Yes,No,No,No,No internet service,Yes,Yes,No internet service,No,No internet service,Month-to-month,No,Mailed check,0
165,53,44.35711258646319,7656.909773872061,Male,1,Yes,Yes,Yes,Yes,DSL,Yes,No,No,Yes,No,No internet service,One year,Yes,Mailed check,0
166,44,50.60471662287715,6763.485436091561,Female,0,No,Yes,No,Yes,DSL,No internet service,No internet service,Yes,No internet service,No internet service,Yes,Two year,Yes,Credit card,0
167,32,26.368476750251673,5538.153647148788,Female,0,Yes,No,No,No phone service,DSL,Yes,Yes,Yes,No internet service,No,Yes,Month-to-month,Yes,Bank transfer,1
168,70,37.7127144198254,2429.438461750606,Female,0,Yes,No,No,No phone service,DSL,No,Yes,Yes,No,Yes,No,Month-to-month,No,Credit card,1
169,32,20.51396275855603,7315.962211495853,Male,0,No,No,Yes,No,DSL,No,No internet service,No internet service,No,Yes,No internet service,Month-to-month,No,Bank transfer,1
170,68,64.54095211057867,2276.8976939577074,Female,1,No,No,No,Yes,No,No internet service,No internet service,Yes,No,No,No internet service,Two year,No,Credit card,0
171,55,28.42553774179713,6426.395007946977,Female,0,No,Yes,No,No phone service,Fiber optic,Yes,Yes,No internet service,No,No,No internet service,Month-to-month,No,Bank transfer,0
172,56,88.2652605044199,7354.23952673632,Male,0,Yes,No,Yes,Yes,Fiber optic,No,No internet service,Yes,No,No,No internet service,Two year,No,Credit card,0
173,17,43.56228511916484,4863.730339396301,Female,0,Yes,No,No,No phone service,Fiber optic,No internet service,Yes,Yes,No,No internet service,No internet service,Month-to-month,No,Mailed check,0
174,38,114.35741440351771,6444.144121340313,Male,0,No,No,Yes,No phone service,Fiber optic,No,Yes,Yes,No,No,No,Two year,No,Mailed check,1
175,24,107.12516273986526,6354.391283693798,Male,0,No,Yes,Yes,No,No,No internet service,Yes,Yes,No internet service,No,Yes,Two year,No,Bank transfer,0
176,69,48.94408949682082,1625.946233855741,Male,1,Yes,Yes,No,Yes,No,Yes,Yes,No,No internet service,No internet service,No,One year,Yes,Credit card,0
177,70,98.32154546566787,5376.603341409069,Female,0,Yes,No,Yes,Yes,No,No internet service,No,No internet service,No,No,No,Two year,No,Bank transfer,1
178,11,100.32449046648063,838.3967015451041,Female,0,No,Yes,Yes,No phone service,DSL,Yes,No internet service,No,No,No,No internet service,One year,Yes,Credit card,0
179,16,118.65631141144104,4112.016130786103,Female,1,No,No,Yes,No phone service,Fiber optic,No,No,No,No internet service,Yes,No,Month-to-month,No,Bank transfer,1
180,59,79.7839986845685,1381.6608303105622,Female,0,No,Yes,Yes,No,No,Yes,No,No,No internet service,Yes,No,Month-to-month,No,Electronic check,1
181,70,28.196573464366217,3389.16104049181,Female,0,Yes,Yes,No,No phone service,No,Yes,No,No,Yes,Yes,No internet service,Two year,No,Mailed check,0
182,3,84.6837228926381,6680.558390117658,Female,0,Yes,Yes,Yes,Yes,No,No,No,Yes,Yes,No internet service,No,Month-to-month,Yes,Bank transfer,1
183,20,82.49797483760352,7898.625933078614,Female,0,No,No,Yes,No,Fiber optic,Yes,Yes,Yes,No,Yes,No,Month-to-month,Yes,Electronic check,0
184,59,83.83505774204318,2611.88267011098,Female,0,No,Yes,Yes,Yes,Fiber optic,Yes,Yes,No,No,Yes,Yes,Two year,No,Mailed check,0
185,36,50.71456481042115,4302.450020387095,Male,1,No,No,Yes,No,DSL,No internet service,Yes,No,No,No,No internet service,Month-to-month,Yes,Electronic check,0
186,19,105.96795850803329,4139.25439252686,Female,0,Yes,Yes,No,Yes,DSL,Yes,Yes,No internet service,No internet service,No internet service,No internet service,Month-to-month,No,Credit card,1
187,67,115.94721829554119,7639.771927665422,Female,0,Yes,No,No,No phone service,DSL,No internet service,No,No,No,No,No,Month-to-month,Yes,Credit card,0
188,19,41.771251297815155,3880.811486218911,Male,0,Yes,No,Yes,Yes,Fiber optic,Yes,Yes,Yes,No,No,No internet service,One year,No,Credit card,0
189,20,28.815215813664445,5622.939022657612,Female,0,No,No,No,Yes,DSL,No,No,No internet service,No,No internet service,Yes,Month-to-month,Yes,Bank transfer,0
190,71,39.45350331684841,7382.134941557356,Male,0,No,No,Yes,No,DSL,Yes,Yes,No,Yes,No internet service,No,Two year,Yes,Electronic check,1
191,52,102.05521392557188,3049.6906203410367,Female,0,No,No,No,Yes,No,Yes,No internet service,No internet service,Yes,No,Yes,Two year,Yes,Electronic check,0
192,33,87.66446348198475,7226.765682138563,Female,0,Yes,No,Yes,No phone service,Fiber optic,Yes,No internet service,No,No,No,No,Month-to-month,Yes,Credit card,1
193,40,83.60473423391267,7347.904152939007,Male,0,Yes,Yes,Yes,No,DSL,No internet service,No internet service,No internet service,No internet service,No,No,Two year,Yes,Bank transfer,1
194,39,60.17931351094245,7452.233781340333,Male,0,Yes,No,No,No,DSL,No,No internet service,No internet service,Yes,No internet service,No internet service,Two year,No,Credit card,1
195,1,77.78279715114357,2236.5248652242685,Female,0,No,Yes,No,Yes,Fiber optic,No,Yes,Yes,No,No,No internet service,Two year,No,Bank transfer,1
196,11,50.78741252743674,3262.809194732672,Male,0,No,No,No,No,DSL,Yes,No internet service,No internet service,Yes,No,No,Two year,No,Mailed check,1
197,57,67.72000794179613,6976.127674983045,Female,0,Yes,No,No,No phone service,Fiber optic,Yes,No internet service,No,No internet service,Yes,Yes,Month-to-month,No,Electronic check,1
198,50,99.30630283706559,2937.378411815308,Female,1,No,Yes,No,Yes,Fiber optic,No internet service,No,No internet service,No internet service,Yes,No,Two year,Yes,Bank transfer,1
199,23,118.12415974554621,4841.99896017469,Female,0,No,No,Yes,No phone service,Fiber optic,No,No internet service,No,No internet service,Yes,No,One year,Yes,Credit card,1
200,31,113.24889235898019,1032.6306073544106,Female,0,Yes,Yes,Yes,Yes,DSL,Yes,Yes,No,No internet service,Yes,No,One year,Yes,Bank transfer,0
201,42,113.38659428462488,544.572406078802,Female,0,Yes,No,Yes,Yes,DSL,Yes,No,Yes,No,Yes,Yes,One year,No,Bank transfer,0
202,7,60.22237348471124,3354.7525169881633,Female,0,Yes,Yes,Yes,No,DSL,No,Yes,No internet service,No internet service,No,No internet service,Month-to-month,Yes,Mailed check,1
203,16,66.87898805067908,4673.440607482468,Male,0,Yes,Yes,No,No,Fiber optic,Yes,No,Yes,No,No,No internet service,Two year,Yes,Credit card,0
204,60,90.56353963689816,3202.322995535637,Male,0,Yes,No,No,No,DSL,Yes,Yes,No,No internet service,No internet service,Yes,Month-to-month,No,Electronic check,0
205,2,112.21919280512843,4664.1125842706515,Male,0,No,Yes,Yes,Yes,No,No,No internet service,No internet service,No,No internet service,No internet service,Two year,No,Bank transfer,1
206,1,34.19942593520847,4169.166571757101,Female,0,Yes,Yes,Yes,No,Fiber optic,No internet service,No,No internet service,No internet service,No internet service,No,Two year,Yes,Credit card,1
207,48,50.424186382719576,5517.08711136,Male,1,No,No,No,No phone service,DSL,Yes,No internet service,No,No,No,No internet service,Two year,Yes,Electronic check,1
208,12,33.924684459410955,5231.306205416579,Female,0,No,No,No,No,Fiber optic,Yes,Yes,Yes,Yes,Yes,No internet service,Two year,No,Bank transfer,0
209,69,81.20085299594552,3451.5410553319825,Male,0,Yes,No,No,No phone service,DSL,No,Yes,Yes,No,No,Yes,Two year,No,Bank transfer,0
210,37,50.63009968875375,3457.46239931692,Female,0,Yes,Yes,No,No,Fiber optic,No,No,No internet service,No,No,Yes,Month-to-month,No,Credit card,1
211,32,52.61078525125735,1212.1488860966329,Female,0,No,Yes,No,Yes,No,No internet service,Yes,Yes,No internet service,No internet service,No,Month-to-month,Yes,Electronic check,1
212,9,27.091595948797924,4154.584719562028,Female,0,No,Yes,Yes,No,Fiber optic,No internet service,Yes,No internet service,No internet service,No internet service,No,One year,No,Electronic check,1
213,19,54.97960618075919,4738.715112272004,Female,0,No,No,Yes,No phone service,Fiber optic,Yes,No,Yes,Yes,No internet service,No internet service,Month-to-month,Yes,Mailed check,1
214,48,106.24965074015853,3864.2662390952273,Female,0,Yes,No,Yes,No phone service,Fiber optic,No internet service,No internet service,No,No internet service,No internet service,Yes,One year,Yes,Mailed check,0
215,3,43.3072811890835,2673.0879471872922,Male,0,No,Yes,Yes,No,DSL,No internet service,No,No,No,No,Yes,One year,No,Credit card,1
216,20,89.51874662100657,5801.023499588713,Female,0,Yes,No,No,No phone service,Fiber optic,No internet service,Yes,No,No internet service,No internet service,No,Two year,No,Electronic check,0
217,24,82.96283449385926,689.8269926972702,Male,0,Yes,No,Yes,Yes,DSL,Yes,Yes,No internet service,No internet service,Yes,No internet service,Month-to-month,Yes,Bank transfer,1
218,54,106.34846083691153,7324.078921056974,Female,0,No,No,Yes,No,Fiber optic,No internet service,No,No internet service,No,No,No internet service,Month-to-month,No,Credit card,1
219,33,33.22879476510383,263.08317241176695,Female,0,Yes,No,Yes,No phone service,DSL,No internet service,No,No,Yes,Yes,Yes,Two year,Yes,Mailed check,0
220,24,117.75899603450432,7702.566054162396,Female,1,No,No,Yes,No,DSL,No internet service,No internet service,No,No internet service,No,Yes,Two year,Yes,Credit card,0
221,36,78.26286460403657,3752.6092473838335,Male,0,No,Yes,Yes,No,DSL,No,Yes,Yes,No internet service,No,Yes,One year,No,Electronic check,0
222,38,119.54741523468144,3360.092557627975,Female,0,Yes,Yes,No,No,DSL,No internet service,Yes,No,No,No internet service,Yes,Month-to-month,No,Credit card,1
223,25,111.15147258658509,2125.9077379591863,Male,0,Yes,No,Yes,No,Fiber optic,No internet service,No internet service,No,Yes,Yes,No,Month-to-month,Yes,Mailed check,1
224,18,42.15172721131058,179.56196517503702,Female,0,No,No,Yes,No,Fiber optic,No,No,No,Yes,No,No,One year,Yes,Electronic check,0
225,66,25.61620099033131,2270.843088932218,Male,0,Yes,Yes,No,Yes,DSL,No,No,No internet service,No internet service,Yes,Yes,One year,Yes,Bank transfer,0
226,54,45.563909379536156,964.2594111366382,Male,0,Yes,Yes,No,No,DSL,Yes,No internet service,No internet service,No,No,No internet service,One year,Yes,Mailed check,0
227,35,72.75636489994199,5312.584657277818,Male,0,No,Yes,No,Yes,DSL,Yes,No,No,No internet service,No,No,Two year,No,Mailed check,0
228,61,37.159636706518995,2620.6922813337374,Female,0,Yes,Yes,No,No,No,No,No internet service,Yes,No,No,Yes,One year,Yes,Mailed check,0
229,41,36.74597445179885,6160.716694388926,Female,0,No,Yes,Yes,No phone service,No,Yes,No,Yes,No,Yes,Yes,One year,No,Credit card,0
230,33,66.25935471051531,1734.6378800343239,Male,0,No,No,No,No,Fiber optic,No internet service,No,No,No internet service,No,No internet service,Two year,No,Mailed check,0
231,68,23.326797116935843,7211.855373713665,Female,0,Yes,Yes,Yes,No,No,Yes,No,No internet service,No,Yes,No internet service,One year,Yes,Credit card,0
232,33,32.188808253227045,4231.553969336077,Female,0,No,Yes,No,No phone service,No,No internet service,No internet service,No,No internet service,Yes,Yes,One year,Yes,Credit card,1
233,14,61.58613394079475,1004.5989521049531,Female,0,Yes,Yes,Yes,Yes,DSL,No internet service,No internet service,Yes,Yes,No internet service,No,Month-to-month,No,Electronic check,1
234,21,26.312990920796647,3266.6773616624837,Male,1,No,Yes,No,Yes,DSL,No internet service,No internet service,No internet service,Yes,Yes,No,One year,No,Electronic check,0
235,48,59.67550564555293,1733.4081401511169,Male,1,Yes,No,No,Yes,No,No,Yes,No internet service,No internet service,No,No internet service,One year,Yes,Mailed check,0
236,20,67.40062659484451,1677.5148667286155,Female,0,No,No,Yes,Yes,No,Yes,Yes,No internet service,Yes,No,No,Two year,Yes,Credit card,0
237,8,65.12666140731145,4100.320927452451,Male,0,No,Yes,Yes,No phone service,No,Yes,No internet service,No,Yes,No,No,One year,Yes,Bank transfer,0
238,7,106.91748574030873,5407.946923527344,Female,0,Yes,Yes,No,Yes,DSL,No,Yes,No,Yes,No,No,Month-to-month,No,Credit card,1
239,67,73.00624550517324,7301.7838234770825,Female,0,Yes,No,Yes,Yes,Fiber optic,No,Yes,No,Yes,Yes,Yes,Month-to-month,No,Electronic check,1
240,17,66.79804624780434,4067.079885032862,Male,1,Yes,Yes,Yes,Yes,No,Yes,No,Yes,No,No internet service,Yes,Two year,Yes,Electronic check,0
241,33,61.07092453916662,7730.1263229608085,Male,0,Yes,Yes,Yes,Yes,Fiber optic,No,No,No internet service,No internet service,Yes,No,Month-to-month,No,Credit card,1
242,48,101.76233783044862,7538.915331379613,Female,0,Yes,No,Yes,Yes,Fiber optic,No,No,No internet service,No internet service,No,Yes,Two year,No,Credit card,0
243,59,109.50566039998331,6933.993986876447,Female,1,Yes,No,No,No,No,No internet service,Yes,Yes,Yes,Yes,No internet service,Month-to-month,Yes,Credit card,1
244,22,105.32424691971175,4049.8203932031065,Female,0,Yes,Yes,Yes,No,Fiber optic,No internet service,Yes,Yes,No internet service,No internet service,No,Month-to-month,No,Bank transfer,1
245,30,87.35465781313908,1213.14115513507,Male,0,Yes,Yes,No,Yes,DSL,No internet service,No internet service,No internet service,No internet service,No internet service,No,One year,No,Credit card,1
246,38,33.73617459686742,1821.4453115415408,Male,0,Yes,No,Yes,No phone service,No,No,Yes,No internet service,No internet service,No internet service,No internet service,Two year,Yes,Mailed check,1
247,51,47.68699694920123,5216.593021424607,Female,0,No,No,No,No phone service,No,No,Yes,Yes,No,No internet service,No,One year,Yes,Mailed check,1
248,54,24.606306368197743,3431.8643442451494,Female,0,Yes,No,No,No,No,No internet service,No internet service,No,Yes,No internet service,No,Two year,Yes,Electronic check,0
249,8,113.08240749901141,1259.7328908565717,Male,0,No,Yes,No,No phone service,No,No internet service,No internet service,No,No internet service,Yes,No,One year,No,Bank transfer,1
250,27,86.07985296909104,3884.0520757505524,Female,0,Yes,Yes,No,No,DSL,Yes,No internet service,No,No,No internet service,No internet service,Month-to-month,No,Bank transfer,1
251,27,94.63628843132415,237.7013094661628,Male,0,Yes,Yes,Yes,Yes,DSL,No internet service,No,Yes,Yes,No internet service,Yes,One year,No,Electronic check,1
252,21,51.1571739582229,5897.773430106787,Male,1,No,No,Yes,Yes,Fiber optic,No internet service,No internet service,No internet service,No,No,Yes,Month-to-month,Yes,Mailed check,1
253,30,104.56535222773424,681.2922264685578,Female,0,No,Yes,No,No phone service,No,Yes,No,Yes,No,No internet service,No,Two year,Yes,Mailed check,0
254,28,45.96032837084785,5069.99759730574,Female,0,Yes,No,Yes,No phone service,No,Yes,Yes,No,No,Yes,Yes,Two year,No,Bank transfer,1
255,64,20.16437571124497,6364.781430242236,Male,0,No,Yes,Yes,No phone service,Fiber optic,Yes,Yes,No,No internet service,No,No,Month-to-month,No,Credit card,0
256,69,57.641496252069395,1147.8866081863277,Female,0,Yes,No,No,Yes,DSL,Yes,No,No,Yes,Yes,No internet service,One year,No,Credit card,0
257,61,77.07614809590734,4197.245656261499,Male,0,No,Yes,Yes,Yes,No,No,No,Yes,Yes,No,No internet service,Month-to-month,No,Bank transfer,0
258,48,67.87048579655226,6254.63336343981,Male,0,Yes,No,Yes,No phone service,Fiber optic,Yes,No,Yes,No internet service,No internet service,No,One year,Yes,Bank transfer,0
259,19,106.2076142576597,2159.004292580311,Male,0,No,No,Yes,No phone service,DSL,Yes,Yes,No,Yes,Yes,No,Month-to-month,Yes,Bank transfer,1
260,4,30.540528595616692,1387.0410847127907,Female,0,Yes,No,Yes,No phone service,Fiber optic,No,Yes,No,Yes,No,No,Month-to-month,Yes,Bank transfer,1
261,35,75.38234406337256,2760.870976642909,Female,0,No,No,No,No phone service,Fiber optic,Yes,No internet service,No internet service,No,Yes,Yes,Two year,No,Bank transfer,0
262,64,71.29793498209074,4482.123495008195,Female,1,Yes,Yes,No,No,DSL,Yes,No internet service,Yes,No internet service,No,No internet service,One year,Yes,Bank transfer,0
263,49,48.1392982172163,4644.708799352525,Male,0,No,No,Yes,No phone service,No,Yes,Yes,No internet service,No,No internet service,No,One year,Yes,Bank transfer,1
264,17,102.22281125770105,1133.9230343157274,Male,1,Yes,Yes,No,No phone service,DSL,No,No internet service,No,Yes,Yes,Yes,Month-to-month,No,Bank transfer,1
265,44,95.28486558822063,3714.793896624376,Male,0,Yes,Yes,No,No,No,No internet service,No internet service,No,Yes,Yes,No,One year,No,Credit card,0
266,30,93.2859187331831,2219.429344761954,Male,0,Yes,No,No,No,DSL,Yes,No,No,No internet service,Yes,No internet service,Month-to-month,No,Electronic check,0
267,46,107.6192478269556,6751.991322713111,Female,1,No,No,No,No,No,Yes,Yes,No internet service,No,No internet service,No internet service,Month-to-month,Yes,Mailed check,0
268,6,92.27846006215212,2577.243543305843,Female,0,No,Yes,Yes,No,No,Yes,No,Yes,No,No internet service,No internet service,One year,Yes,Electronic check,1
269,37,43.18412917147265,6725.765743817491,Female,0,No,Yes,Yes,No phone service,Fiber optic,Yes,Yes,Yes,No,No,No,One year,Yes,Electronic check,1
270,24,90.5562711649691,3485.6604395541576,Male,0,No,Yes,Yes,Yes,Fiber optic,No,Yes,No internet service,No internet service,Yes,No internet service,Month-to-month,Yes,Bank transfer,1
271,46,50.77028133898438,5840.027550028981,Male,0,No,Yes,No,Yes,No,No internet service,No,Yes,No,No,No,One year,No,Bank transfer,1
272,53,44.21746503474705,4129.475805498735,Female,0,Yes,Yes,Yes,Yes,DSL,Yes,Yes,No internet service,No,No,Yes,One year,No,Bank transfer,0
273,60,27.30035928996273,5013.504730634714,Male,0,No,Yes,Yes,Yes,No,Yes,No,No internet service,Yes,No internet service,Yes,One year,Yes,Electronic check,0
274,63,94.40285803476768,3223.3164358049266,Female,0,Yes,Yes,Yes,Yes,DSL,No,No,Yes,Yes,Yes,Yes,One year,Yes,Credit card,0
275,32,91.10009619498112,6168.833465679177,Male,0,Yes,No,No,Yes,No,No internet service,Yes,Yes,No,No internet service,No,Two year,No,Bank transfer,1
276,33,43.44994776740937,3458.9961302319007,Male,0,Yes,Yes,Yes,No,DSL,No internet service,Yes,No internet service,No,Yes,No internet service,Two year,Yes,Bank transfer,0
277,67,94.93790167241559,3713.947008027993,Male,0,Yes,Yes,No,No,Fiber optic,No internet service,No,Yes,Yes,No,No internet service,Month-to-month,Yes,Mailed check,1
278,18,111.78408830935531,4189.661479024562,Male,0,Yes,No,No,Yes,DSL,Yes,No internet service,Yes,No internet service,No internet service,No,Month-to-month,No,Credit card,0
279,25,30.802895749157926,6671.41053524927,Male,0,No,Yes,No,No phone service,Fiber optic,Yes,No internet service,No internet service,Yes,No internet service,Yes,Two year,Yes,Bank transfer,0
280,54,43.263663838677495,5309.093535951572,Female,0,Yes,Yes,No,No phone service,DSL,Yes,Yes,No,No,Yes,Yes,Month-to-month,Yes,Credit card,1
281,58,95.02607940873155,2858.367053869423,Female,0,No,No,No,Yes,Fiber optic,No,Yes,No internet service,No internet service,No,No,Two year,No,Mailed check,1
282,67,47.450667350707825,5395.525108454188,Female,0,Yes,Yes,Yes,No phone service,DSL,No,No internet service,Yes,No,No internet service,No internet service,Month-to-month,Yes,Electronic check,1
283,46,82.46639742837168,5175.16992676776,Male,0,Yes,Yes,No,No,No,No,Yes,No,No,No,No internet service,One year,Yes,Mailed check,1
284,24,28.116422446371452,7455.052279449665,Female,1,No,No,No,No,DSL,Yes,Yes,Yes,No,No internet service,No internet service,One year,Yes,Credit card,0
285,32,65.22024791035386,6747.189844600265,Female,0,No,No,No,No phone service,Fiber optic,Yes,No internet service,No internet service,No internet service,No internet service,No internet service,Two year,No,Bank transfer,1
286,47,93.9091421992953,5214.83069763486,Male,0,Yes,Yes,Yes,Yes,Fiber optic,Yes,Yes,No internet service,No,No internet service,Yes,Two year,Yes,Bank transfer,1
287,23,88.65139430432525,2797.9061744039445,Male,0,Yes,No,Yes,No,DSL,No internet service,No internet service,No internet service,No internet service,No,No internet service,Two year,Yes,Mailed check,0
288,66,101.50721006758069,6258.653946004029,Female,0,Yes,No,Yes,No phone service,No,No,No internet service,No,Yes,No,No,Two year,Yes,Mailed check,0
289,27,107.74521266031688,4644.145515196127,Female,0,No,Yes,Yes,No phone service,DSL,No,No internet service,Yes,No internet service,No,No internet service,One year,Yes,Credit card,0
290,2,97.31835012587582,7883.632905997123,Female,0,No,No,No,No,DSL,No internet service,Yes,No,No,No,Yes,One year,Yes,Credit card,0
291,17,87.15877429389259,2055.2984157014516,Female,0,Yes,No,No,No,Fiber optic,No internet service,No,No internet service,No,No,No internet service,Two year,Yes,Credit card,0
292,33,23.172249181603114,729.281143354007,Female,0,No,Yes,Yes,Yes,No,No internet service,No,Yes,Yes,No,No internet service,Two year,Yes,Bank transfer,0
293,9,73.49666734094441,652.1453139147867,Male,0,No,Yes,No,No phone service,No,Yes,No,No internet service,Yes,No,No,Month-to-month,No,Mailed check,0
294,43,23.76977249148528,5156.240067978275,Female,0,No,No,Yes,Yes,No,No internet service,Yes,Yes,Yes,Yes,No internet service,One year,Yes,Credit card,0
295,48,100.80678171160226,7520.1558084010385,Female,0,No,No,Yes,No,No,Yes,Yes,No,No internet service,No,No internet service,One year,Yes,Mailed check,1
296,39,52.07245244599576,115.26212290289098,Female,0,No,Yes,Yes,No phone service,DSL,Yes,Yes,No,No internet service,No,No,Two year,No,Bank transfer,1
297,42,76.2429374117921,5833.591270966442,Female,0,No,Yes,No,No,No,No,Yes,No,No internet service,Yes,No,Month-to-month,No,Electronic check,1
298,26,47.94453073189026,5290.814942010269,Female,0,No,No,Yes,No,No,No internet service,No,No,No internet service,Yes,No,One year,Yes,Credit card,0
299,50,98.25001443802935,5885.20311853378,Female,0,Yes,Yes,Yes,No,No,Yes,No internet service,Yes,Yes,No,No,Month-to-month,No,Electronic check,0
300,25,108.65025266419025,2907.702713422451,Male,0,No,Yes,No,Yes,Fiber optic,Yes,Yes,Yes,No,No,Yes,Month-to-month,Yes,Bank transfer,1
301,24,59.8642494213064,6581.9219127970555,Male,0,No,No,No,No,Fiber optic,No internet service,Yes,No,No,No,No internet service,One year,Yes,Mailed check,0
302,13,106.2922393510989,453.18475820900943,Male,0,Yes,No,No,Yes,Fiber optic,Yes,Yes,No,No internet service,Yes,No internet service,One year,No,Electronic check,1
303,60,46.70750074563324,6067.905694914018,Female,0,No,Yes,No,No,No,Yes,No internet service,Yes,Yes,No internet service,Yes,Month-to-month,No,Mailed check,0
304,7,73.46609230755237,2209.868336657793,Female,1,No,Yes,No,No,DSL,Yes,No,No internet service,Yes,No internet service,No,Month-to-month,Yes,Credit card,1
305,57,105.8761429838704,3867.018421378765,Male,0,No,No,No,No phone service,DSL,No internet service,Yes,No,Yes,No internet service,No internet service,One year,No,Credit card,0
306,36,52.588134261579036,6598.826545302042,Female,0,No,Yes,Yes,No,Fiber optic,Yes,No,Yes,No,No internet service,No,Two year,No,Bank transfer,0
307,45,115.40422650780857,2243.7363780099827,Female,0,Yes,No,No,No phone service,Fiber optic,No,Yes,No,No,No internet service,No,Month-to-month,No,Credit card,1
308,20,32.187950178138365,1563.1393419867586,Female,0,No,Yes,No,No phone service,No,No internet service,No,Yes,No internet service,No,Yes,One year,No,Mailed check,1
309,65,21.827506972350623,5482.3741642482855,Male,0,Yes,Yes,No,Yes,Fiber optic,No,Yes,No,No,No internet service,Yes,Month-to-month,No,Credit card,1
310,8,110.41353525781906,4313.819642903756,Male,0,No,Yes,Yes,No phone service,Fiber optic,No,No,No,Yes,No,No,One year,No,Electronic check,1
311,16,26.864866614787225,4163.790563094857,Male,0,No,No,No,No phone service,Fiber optic,No,Yes,No internet service,No,Yes,No internet service,Month-to-month,No,Mailed check,1
312,14,119.18891959474917,2128.479172749514,Female,0,No,No,Yes,No,Fiber optic,Yes,Yes,No internet service,No,Yes,No,Month-to-month,Yes,Credit card,1
313,15,115.1396861979106,375.5544159782185,Male,1,No,Yes,Yes,No,DSL,Yes,No,No internet service,No,No internet service,No internet service,Two year,Yes,Electronic check,0
314,66,33.70209100363206,3341.126192820563,Male,0,Yes,Yes,Yes,Yes,No,No,No,No internet service,No internet service,Yes,No,Month-to-month,Yes,Mailed check,0
315,32,73.75846256925658,941.819895695367,Male,0,Yes,No,Yes,No phone service,DSL,No,No internet service,No,No,No,No,Month-to-month,No,Electronic check,1
316,63,38.49202974671444,7257.314290128697,Female,0,Yes,No,No,No phone service,Fiber optic,No internet service,No internet service,No,No internet service,No internet service,No internet service,Month-to-month,Yes,Mailed check,1
317,51,62.81551730301199,425.8775554266711,Male,0,Yes,Yes,No,Yes,No,No,No internet service,No internet service,No,No internet service,Yes,One year,Yes,Electronic check,0
318,25,26.14251292598327,3510.0417480566134,Male,0,Yes,No,No,No,No,Yes,No internet service,No internet service,No internet service,No,Yes,One year,Yes,Electronic check,0
319,58,42.39245877965895,512.7401112365403,Female,0,No,No,No,No phone service,DSL,No,No,No,Yes,No,No,One year,No,Credit card,1
320,63,56.32727963988995,854.796609061654,Male,0,Yes,Yes,No,Yes,DSL,No,No internet service,Yes,Yes,No,No internet service,One year,No,Bank transfer,0
321,62,63.864750024605485,5305.046668683974,Female,0,Yes,Yes,No,No,Fiber optic,No internet service,Yes,No internet service,Yes,No internet service,Yes,Month-to-month,No,Credit card,1
322,22,117.74962582088932,5212.1789616953465,Female,0,No,No,Yes,Yes,DSL,No,No,Yes,No internet service,Yes,No internet service,Two year,No,Mailed check,1
323,58,100.78656456839812,361.11233954757427,Male,0,Yes,No,Yes,Yes,Fiber optic,No internet service,Yes,No,Yes,Yes,Yes,Month-to-month,No,Electronic check,1
324,58,93.74099443119462,108.93865345487454,Male,1,No,Yes,No,No phone service,Fiber optic,No internet service,No internet service,Yes,No internet service,Yes,No internet service,Month-to-month,No,Mailed check,0
325,49,73.70413147419742,722.6628102179936,Male,0,Yes,No,No,No,Fiber optic,No,No internet service,No internet service,No internet service,Yes,No,Two year,Yes,Credit card,0
326,52,103.99977606043434,6127.691291924343,Female,0,No,Yes,No,No phone service,No,No,No internet service,No internet service,No internet service,No internet service,No internet service,Two year,No,Mailed check,0
327,42,53.93228356557111,4718.154134736907,Male,0,Yes,Yes,No,No phone service,No,Yes,No,No internet service,Yes,No,No,Two year,Yes,Credit card,0
328,70,90.8899112773316,401.1341369890837,Male,0,No,No,No,No,DSL,Yes,Yes,No internet service,No internet service,Yes,Yes,Two year,No,Credit card,0
329,15,119.37839753781721,3955.9664253953356,Male,0,Yes,Yes,No,No,DSL,No internet service,Yes,No internet service,No,No internet service,No internet service,Two year,No,Bank transfer,0
330,54,51.462890893519884,5725.031920730165,Female,0,Yes,Yes,Yes,No,No,No internet service,No,No,Yes,No internet service,Yes,Two year,Yes,Credit card,0
331,60,87.40175348839674,6964.71601734637,Female,0,No,Yes,Yes,No phone service,DSL,Yes,No internet service,Yes,No,Yes,Yes,One year,No,Electronic check,0
332,8,104.43148641523824,7478.888276206183,Female,0,No,Yes,No,No,Fiber optic,No internet service,No internet service,No,Yes,No,No,Two year,Yes,Credit card,1
333,53,111.58075833506723,2686.7804473371266,Male,0,No,Yes,No,No,Fiber optic,Yes,No,No,No internet service,No,No internet service,Two year,Yes,Credit card,1
334,60,91.79326909401018,1173.076184464799,Male,0,Yes,No,No,No,No,No internet service,Yes,No,No internet service,No internet service,No,Two year,Yes,Electronic check,1
335,5,48.360792341713626,1971.714773778435,Female,0,No,Yes,Yes,Yes,DSL,Yes,Yes,Yes,No internet service,No,No internet service,Two year,Yes,Credit card,1
336,68,52.62821515689465,6231.754787117768,Male,0,Yes,Yes,Yes,No,DSL,Yes,Yes,Yes,Yes,No internet service,Yes,Two year,Yes,Mailed check,0
337,6,22.075803212396423,7774.725298834254,Male,0,No,Yes,Yes,No phone service,No,No internet service,Yes,No,Yes,No,Yes,One year,Yes,Bank transfer,0
338,47,96.08859776715097,3784.5095771470064,Female,0,Yes,No,Yes,Yes,Fiber optic,No internet service,No internet service,Yes,No internet service,Yes,No internet service,One year,No,Electronic check,1
339,55,24.27396060619514,2512.290387027539,Female,0,No,Yes,Yes,No phone service,Fiber optic,No internet service,No internet service,No,Yes,No,Yes,One year,No,Electronic check,1
340,40,106.46523546027457,3490.605597484272,Female,0,No,Yes,No,Yes,DSL,No,No,No,No,Yes,Yes,Month-to-month,Yes,Mailed check,1
341,52,31.86606144745388,2508.023842696546,Male,0,Yes,Yes,No,No,No,No,No,No internet service,No internet service,Yes,No,Two year,No,Electronic check,0
342,16,37.187651213592424,2126.251433336519,Male,0,No,Yes,Yes,Yes,No,No internet service,No,Yes,No,No internet service,Yes,One year,No,Mailed check,0
343,13,67.65264708322374,4790.630944016719,Male,0,No,No,No,No phone service,Fiber optic,No internet service,No internet service,No internet service,No,Yes,Yes,Two year,Yes,Electronic check,0
344,30,93.78804151687423,224.31424495100077,Female,1,No,No,Yes,Yes,Fiber optic,No internet service,No internet service,No,Yes,No internet service,Yes,Two year,Yes,Credit card,1
345,19,33.90022051990777,2150.4627644534066,Female,0,Yes,Yes,Yes,No,DSL,No internet service,No internet service,No,No,Yes,No internet service,One year,Yes,Electronic check,0
346,17,64.00710750664985,5324.918414975414,Male,0,Yes,No,Yes,No,No,Yes,No,No,No internet service,Yes,Yes,One year,Yes,Bank transfer,0
347,63,68.28512744101047,353.2953008237597,Female,1,No,No,No,No phone service,DSL,No,No internet service,No internet service,No,Yes,No,Two year,Yes,Electronic check,1
348,19,41.22856416685913,757.2943504205864,Female,0,No,No,No,Yes,DSL,No internet service,Yes,No internet service,Yes,No,No,Two year,Yes,Electronic check,0
349,58,31.555837668063173,2417.8295438077,Male,0,Yes,Yes,No,No phone service,No,No,No internet service,No,Yes,No,No,Month-to-month,Yes,Bank transfer,1
350,55,103.64209229856395,7034.657909010981,Female,0,Yes,Yes,No,No phone service,No,No,Yes,No internet service,No internet service,Yes,No,One year,Yes,Electronic check,1
351,62,70.24656497627655,6142.60066530584,Male,0,No,Yes,No,No phone service,Fiber optic,Yes,Yes,No,No internet service,No internet service,Yes,Two year,Yes,Mailed check,1
352,23,21.4381235984153,275.03737238832383,Female,0,Yes,Yes,Yes,No,No,No internet service,Yes,No,No internet service,Yes,No,Month-to-month,Yes,Mailed check,1
353,9,100.29813013091038,4063.531251839086,Male,0,No,Yes,Yes,Yes,DSL,No,No internet service,No internet service,No internet service,No internet service,No internet service,Two year,No,Bank transfer,1
354,12,118.07938054145848,2270.0312025005924,Female,0,No,Yes,Yes,No,DSL,Yes,No,Yes,No internet service,Yes,No internet service,One year,Yes,Credit card,0
355,1,80.59261954142474,5224.3007065902975,Male,0,Yes,No,No,No,No,No internet service,Yes,No,No,Yes,Yes,Two year,No,Electronic check,0
356,58,70.37083870840706,5800.275672488344,Female,0,Yes,No,No,No,DSL,No internet service,Yes,No,No,No internet service,No internet service,One year,Yes,Bank transfer,1
357,1,107.84158630449616,6916.614359321332,Female,0,Yes,No,No,Yes,No,No,No internet service,No internet service,Yes,No internet service,No internet service,Month-to-month,No,Bank transfer,1
358,34,115.25167896845986,3855.788273121713,Female,0,Yes,No,Yes,No,Fiber optic,Yes,No internet service,No internet service,No,No,Yes,Two year,No,Electronic check,0
359,48,95.45369159024605,7956.155699510117,Female,0,Yes,No,Yes,No,Fiber optic,Yes,Yes,No internet service,No internet service,No internet service,Yes,One year,No,Credit card,0
360,1,64.54529297342879,7841.890247568163,Female,1,Yes,Yes,Yes,No,No,Yes,No,No,No internet service,Yes,No,Month-to-month,Yes,Electronic check,1
361,16,79.22213993314405,7069.117123321162,Male,1,Yes,Yes,No,Yes,DSL,Yes,No internet service,Yes,Yes,No internet service,No,Month-to-month,Yes,Electronic check,1
362,61,90.09353650179992,4641.46901174876,Male,0,Yes,No,No,Yes,No,No internet service,Yes,Yes,No internet service,No,Yes,One year,Yes,Bank transfer,0
363,64,39.427357100180146,3244.2508562801386,Male,0,No,Yes,Yes,No phone service,No,No,No,Yes,Yes,Yes,No internet service,Two year,No,Credit card,0
364,63,64.7201032216438,2978.651850104301,Female,0,No,Yes,Yes,No,Fiber optic,No,No internet service,No,No,Yes,Yes,One year,Yes,Bank transfer,1
365,69,102.9821264717285,195.78552569318416,Male,0,Yes,Yes,Yes,No,No,Yes,No,No internet service,No,Yes,No,Month-to-month,Yes,Credit card,1
366,22,85.4725348498443,2068.4785282146954,Female,0,No,Yes,Yes,Yes,Fiber optic,Yes,Yes,Yes,No,No internet service,Yes,One year,No,Credit card,0
367,67,61.12040672118541,5778.5850560984,Female,0,No,Yes,No,Yes,Fiber optic,Yes,No,Yes,Yes,Yes,Yes,Month-to-month,No,Bank transfer,1
368,26,86.33625340146814,4868.693589155226,Male,0,No,No,Yes,No,No,No,Yes,Yes,No internet service,Yes,No internet service,Month-to-month,Yes,Credit card,1
369,16,31.822241207245987,7339.735294423515,Male,0,No,No,No,No phone service,No,No internet service,No internet service,No,Yes,No internet service,Yes,Month-to-month,Yes,Electronic check,0
370,51,60.149761056487634,495.17590864080717,Female,0,No,No,No,No phone service,No,No internet service,Yes,No internet service,No,Yes,No,Month-to-month,No,Bank transfer,1
371,57,99.31285379630563,1326.6851651009117,Female,0,Yes,Yes,No,No,No,Yes,Yes,No internet service,Yes,No internet service,Yes,Two year,Yes,Bank transfer,1
372,29,42.0508787136648,6335.025935881828,Male,0,Yes,Yes,No,No phone service,Fiber optic,No internet service,No internet service,No internet service,No internet service,No internet service,No internet service,Month-to-month,Yes,Electronic check,0
373,69,38.59615075574177,2932.210286443137,Male,0,Yes,Yes,No,No phone service,No,No internet service,Yes,No internet service,Yes,No,Yes,Month-to-month,No,Credit card,0
374,47,115.08186599164314,1034.9281363712357,Female,0,Yes,Yes,Yes,No,Fiber optic,No,No,Yes,No,Yes,No internet service,Month-to-month,No,Credit card,1
375,62,40.989762958623075,7971.958990290705,Female,0,Yes,No,No,No phone service,Fiber optic,Yes,No internet service,No internet service,No internet service,No internet service,Yes,One year,Yes,Credit card,1
376,69,46.09185796501681,6319.277391087967,Male,0,Yes,Yes,Yes,Yes,DSL,No internet service,No,Yes,No,No,No internet service,Two year,Yes,Electronic check,0
377,16,116.96159389043379,3329.054190389168,Female,0,No,No,Yes,No,Fiber optic,Yes,No internet service,No,No internet service,No internet service,Yes,Month-to-month,No,Bank transfer,1
378,48,93.47085702650257,6604.445067874509,Female,0,Yes,No,No,Yes,DSL,Yes,Yes,No,No internet service,Yes,Yes,One year,No,Mailed check,1
379,39,89.95965330235282,5476.770573941311,Male,0,No,No,Yes,No,No,No internet service,No,No,No,No,Yes,Month-to-month,Yes,Bank transfer,1
380,33,105.29263838545813,6340.800600601683,Male,0,Yes,No,Yes,Yes,DSL,No,No internet service,No internet service,No,No internet service,Yes,Two year,Yes,Mailed check,0
381,23,31.582308223679426,6540.130382768633,Female,0,No,Yes,Yes,No phone service,No,No internet service,No,No internet service,No,No,Yes,Two year,No,Bank transfer,0
382,10,90.59562365800072,769.3565979935115,Female,0,No,Yes,Yes,Yes,Fiber optic,No,No internet service,Yes,Yes,Yes,No,Two year,Yes,Mailed check,1
383,69,70.36886093282389,5021.485812735956,Male,0,Yes,No,No,Yes,DSL,No internet service,No internet service,No internet service,No,No internet service,No,Two year,No,Electronic check,1
384,34,102.915064028414,153.60586851693796,Female,0,Yes,Yes,Yes,Yes,No,Yes,No,No,No internet service,Yes,Yes,One year,Yes,Credit card,0
385,52,70.81417186651943,443.3043457792479,Male,0,Yes,Yes,Yes,Yes,No,No,No,No internet service,Yes,No internet service,No internet service,Two year,No,Electronic check,0
386,10,82.0241354268912,7241.4420715411425,Female,0,Yes,Yes,No,Yes,DSL,No,No,Yes,Yes,No,No internet service,One year,No,Credit card,0
387,19,67.77421263995359,4267.7533987187635,Male,0,No,No,No,No,DSL,Yes,No,No,Yes,Yes,No,One year,No,Bank transfer,0
388,58,67.81589235558441,5913.625688361346,Female,0,Yes,No,No,Yes,No,No internet service,No internet service,No,Yes,No,No,Two year,No,Electronic check,1
389,1,96.79699780618316,6724.157824500853,Female,0,Yes,No,No,Yes,No,No,No,Yes,Yes,No internet service,No,One year,No,Bank transfer,1
390,69,82.85664006472831,7601.735463760222,Female,0,No,No,No,No,Fiber optic,No internet service,No,No,Yes,No internet service,No internet service,One year,No,Credit card,1
391,4,83.32632016094104,6967.8874985900875,Male,1,No,No,Yes,No,No,No internet service,No,Yes,No,Yes,No,Two year,Yes,Bank transfer,1
392,16,65.02824838315257,3918.160444708622,Male,0,Yes,No,No,No phone service,DSL,No internet service,No,Yes,No internet service,Yes,No,Month-to-month,No,Electronic check,0
393,24,73.11094963375277,2754.1654283060407,Male,0,Yes,No,Yes,Yes,No,Yes,No,No internet service,No,No internet service,No,Month-to-month,Yes,Mailed check,0
394,2,94.57176662047873,1320.4965660277014,Female,0,No,Yes,No,Yes,No,No internet service,No,No,No internet service,No,Yes,One year,Yes,Credit card,1
395,32,102.59409191119182,3262.5397116495114,Female,0,Yes,No,Yes,No phone service,DSL,Yes,Yes,No internet service,Yes,No internet service,Yes,Two year,No,Bank transfer,0
396,24,89.65614021440462,2995.299275373191,Male,0,No,Yes,Yes,Yes,Fiber optic,No,Yes,No internet service,No,No,No,Two year,No,Mailed check,1
397,12,112.4072988845683,4520.6412514513995,Male,0,No,No,No,No phone service,No,No internet service,No internet service,Yes,No,Yes,No internet service,Two year,Yes,Mailed check,1
398,50,102.0324088147201,5357.524329181986,Female,0,Yes,Yes,Yes,No,DSL,No,No,Yes,No,No,Yes,Month-to-month,No,Electronic check,0
399,35,76.18637898095184,7828.771263915874,Female,0,No,Yes,No,Yes,DSL,No internet service,No,No internet service,No internet service,No internet service,No,One year,No,Bank transfer,1
400,33,87.14060726437368,5854.250870195787,Female,0,Yes,Yes,Yes,Yes,DSL,No,No internet service,Yes,Yes,No,Yes,Two year,Yes,Electronic check,1
401,33,112.6308276921196,5185.613406299094,Female,0,Yes,Yes,No,No,DSL,Yes,No,No,Yes,Yes,No internet service,One year,No,Bank transfer,0
402,61,81.91680442430584,2747.230230719906,Male,0,Yes,No,Yes,Yes,Fiber optic,No,No,No,Yes,No,No,Two year,No,Mailed check,1
403,51,102.48069479798306,372.58062433677526,Male,0,No,No,Yes,No,DSL,No,No,No internet service,No internet service,No internet service,No,Two year,No,Bank transfer,0
404,43,88.8810503589987,2376.188517952065,Female,0,Yes,No,No,No,No,No internet service,Yes,No,No,No internet service,Yes,Two year,No,Credit card,0
405,12,75.19363610604665,6170.73841363098,Female,0,Yes,No,No,No phone service,Fiber optic,No internet service,No,No internet service,No internet service,No,No,One year,No,Mailed check,1
406,67,44.183819541535314,1721.6483323500338,Female,0,No,No,No,No,DSL,No internet service,Yes,No,Yes,No internet service,Yes,Month-to-month,Yes,Credit card,1
407,65,62.599751946842815,5726.286730025504,Male,0,Yes,No,No,No phone service,No,No internet service,No,Yes,No internet service,Yes,No internet service,Month-to-month,No,Electronic check,1
408,33,116.77428248337156,4680.260756298385,Male,0,Yes,No,No,No,Fiber optic,Yes,No,No,No internet service,No,Yes,One year,Yes,Credit card,1
409,40,85.77653832726,1457.6692710286725,Female,0,Yes,No,No,No phone service,No,No,No internet service,Yes,No internet service,No,No,Two year,No,Electronic check,0
410,43,76.43953803389897,2166.8359697054566,Female,0,No,No,No,No phone service,Fiber optic,No,No internet service,No internet service,Yes,No,No internet service,Month-to-month,Yes,Electronic check,0
411,44,113.29566255282273,4020.7984675431644,Female,0,No,No,No,No phone service,DSL,Yes,No,No,No,No internet service,No internet service,Month-to-month,No,Credit card,1
412,29,78.65117810374487,3405.160170351995,Female,0,Yes,No,No,No phone service,No,No,No,Yes,Yes,No,No internet service,One year,No,Bank transfer,1
413,13,72.6082518417403,6250.654395619401,Female,0,Yes,Yes,No,Yes,DSL,No internet service,No,Yes,No internet service,No,Yes,One year,No,Credit card,0
414,12,95.93108551502053,5901.7966760916515,Female,0,Yes,Yes,Yes,No,Fiber optic,No internet service,Yes,No internet service,No,No,No internet service,One year,No,Bank transfer,0
415,46,91.26656189865444,4639.138577436835,Male,0,No,Yes,Yes,No,DSL,No internet service,No,No internet service,No,No,No,Two year,Yes,Electronic check,0
416,2,39.31600084084327,6595.970220636109,Male,0,Yes,Yes,No,No,DSL,No,No internet service,No,Yes,Yes,No internet service,Two year,Yes,Credit card,1
417,35,67.13082745741212,4545.0893714060385,Male,0,Yes,Yes,No,No,No,Yes,Yes,No,Yes,No internet service,No internet service,One year,No,Credit card,0
418,8,67.25154428195853,7718.675127592355,Female,0,Yes,No,Yes,No phone service,DSL,Yes,No,No,No,Yes,Yes,One year,Yes,Bank transfer,0
419,26,57.822451524334475,1816.0703832935433,Female,0,No,No,No,Yes,DSL,No,Yes,Yes,No internet service,No,Yes,Month-to-month,Yes,Credit card,0
420,34,71.72934821522531,5741.642749457006,Female,0,No,Yes,Yes,No,DSL,Yes,Yes,No internet service,Yes,No internet service,No,Month-to-month,Yes,Credit card,1
421,7,61.31073977271442,3022.558643230297,Male,0,No,No,Yes,No,Fiber optic,Yes,Yes,No,No,No,No,One year,Yes,Bank transfer,1
422,68,39.934548947118316,2303.832935919532,Female,0,No,Yes,Yes,No,No,No internet service,Yes,No,No,Yes,Yes,One year,Yes,Bank transfer,1
423,58,61.23664872746811,1525.0610601449316,Male,0,No,No,Yes,No phone service,No,No,No,Yes,No internet service,No,No internet service,One year,Yes,Mailed check,1
424,29,27.22769475731766,4464.777462466196,Female,0,Yes,No,Yes,No,DSL,Yes,No internet service,No,No,Yes,Yes,Month-to-month,Yes,Bank transfer,0
425,36,77.57858627744116,1802.208518718769,Female,0,Yes,Yes,No,No,No,No,Yes,Yes,Yes,Yes,Yes,Month-to-month,No,Electronic check,1
426,21,105.3654548941112,1682.7717264424068,Female,0,Yes,Yes,Yes,Yes,Fiber optic,No internet service,No internet service,Yes,No,No internet service,Yes,Two year,No,Electronic check,1
427,36,92.52870843545553,7925.202050162162,Male,0,Yes,Yes,No,No phone service,Fiber optic,No internet service,Yes,No internet service,No internet service,No,No,Month-to-month,Yes,Bank transfer,0
428,10,56.03940400541112,6433.804593081511,Male,0,No,No,Yes,Yes,DSL,Yes,No internet service,Yes,No internet service,No,No,Month-to-month,Yes,Mailed check,1
429,24,28.707120557730818,6011.386880009565,Male,0,No,Yes,Yes,No,DSL,No,Yes,No internet service,No internet service,No,No,One year,Yes,Mailed check,0
430,64,40.21493992252708,6373.078944473764,Female,0,Yes,No,Yes,No phone service,Fiber optic,No,Yes,Yes,Yes,No internet service,No,One year,No,Credit card,1
431,49,74.54903404948357,7754.490702378066,Male,0,No,No,No,No,Fiber optic,No internet service,No,No internet service,Yes,Yes,No internet service,Two year,Yes,Mailed check,0
432,36,40.70570833830328,4628.885841150308,Female,0,Yes,No,Yes,No,Fiber optic,No internet service,No,Yes,Yes,No internet service,No,One year,No,Electronic check,0
433,24,74.39731112849675,1839.9266314825984,Female,0,No,No,Yes,No phone service,DSL,No internet service,Yes,No,No,No internet service,No,One year,No,Electronic check,0
434,23,43.15990247638989,6911.4561619505885,Male,0,Yes,Yes,No,Yes,Fiber optic,Yes,No internet service,No internet service,No internet service,Yes,No internet service,Month-to-month,Yes,Bank transfer,0
435,62,104.89238694760728,5967.572762687312,Male,0,Yes,Yes,No,No phone service,DSL,No,No,No internet service,No internet service,No,No internet service,One year,Yes,Bank transfer,0
436,37,59.72714728404597,3373.0356674399673,Female,1,Yes,Yes,Yes,No phone service,Fiber optic,Yes,No,Yes,No internet service,Yes,Yes,Month-to-month,No,Credit card,1
437,12,44.555062594449105,3841.1990387397063,Female,0,No,Yes,Yes,Yes,Fiber optic,No,No,No,Yes,Yes,No internet service,Month-to-month,No,Bank transfer,1
438,55,101.23261802470616,3348.8939479830656,Female,0,Yes,No,Yes,No phone service,No,No internet service,No,No,No internet service,Yes,No internet service,One year,No,Mailed check,0
439,13,54.283896480545074,7446.543065809133,Female,0,Yes,Yes,No,Yes,Fiber optic,Yes,Yes,No internet service,No,No,No,One year,Yes,Credit card,0
440,23,31.148768783878193,2813.8997308365238,Male,0,No,Yes,Yes,Yes,DSL,Yes,No internet service,No,No,Yes,No,Month-to-month,Yes,Bank transfer,1
441,30,77.04094914036416,7711.525801383763,Male,0,Yes,Yes,No,No phone service,Fiber optic,Yes,No,No,Yes,No internet service,No,Two year,No,Bank transfer,1
442,17,78.15642044379888,7291.146992906204,Male,0,No,Yes,Yes,No phone service,No,No internet service,No,Yes,Yes,Yes,No,One year,Yes,Bank transfer,0
443,62,91.46956752357342,5081.117023760569,Female,1,No,No,No,Yes,Fiber optic,Yes,No internet service,No,Yes,Yes,No internet service,Month-to-month,No,Bank transfer,1
444,13,44.02194332083856,4680.59200749059,Female,0,No,No,No,Yes,Fiber optic,Yes,No,No,No internet service,No internet service,No,Month-to-month,No,Bank transfer,1
445,59,64.37713390922451,3023.70531255277,Female,0,Yes,No,Yes,Yes,Fiber optic,No internet service,No internet service,No,No internet service,No,No,One year,No,Electronic check,0
446,19,48.23679190426562,244.87327318413406,Male,0,No,No,Yes,Yes,DSL,No,Yes,No,No internet service,No internet service,Yes,Month-to-month,Yes,Credit card,0
447,49,28.09537361156881,1108.223171278251,Female,0,No,Yes,No,Yes,Fiber optic,Yes,No,Yes,No,No,No internet service,One year,No,Electronic check,0
448,12,107.66138270158916,6058.4274544614345,Female,0,No,No,Yes,No phone service,Fiber optic,No internet service,No internet service,Yes,No,No,No internet service,Two year,No,Credit card,0
449,61,92.88698044883411,3825.1670000465056,Male,0,Yes,Yes,No,No,Fiber optic,Yes,No,No,No internet service,No,No internet service,Two year,Yes,Mailed check,0
450,19,50.14630594588007,1283.721260084948,Male,0,No,Yes,No,No phone service,No,Yes,Yes,Yes,No,No,Yes,Month-to-month,No,Mailed check,0
451,9,79.93729928719864,2185.290747641781,Female,0,Yes,Yes,Yes,No,DSL,No,No internet service,No internet service,No,No internet service,No internet service,One year,No,Mailed check,0
452,71,40.126378813447246,7587.911508791298,Male,0,No,Yes,No,Yes,DSL,No internet service,No internet service,Yes,Yes,No,No internet service,One year,No,Credit card,0
453,28,109.02366217957709,3000.3493989510944,Female,1,No,No,Yes,No phone service,No,No,No internet service,Yes,No internet service,No internet service,No,Two year,No,Electronic check,0
454,52,31.49063433619103,7270.687367231312,Male,0,Yes,No,No,No,DSL,No,No,Yes,No,Yes,No internet service,Two year,No,Electronic check,1
455,16,20.38371455078009,2506.623075119256,Female,0,Yes,Yes,Yes,Yes,No,No internet service,No internet service,No internet service,No,No internet service,No,One year,No,Bank transfer,0
456,69,70.20081977391821,4391.438745500571,Male,0,Yes,No,Yes,No phone service,Fiber optic,No,No internet service,No internet service,No internet service,Yes,Yes,Month-to-month,No,Credit card,1
457,12,78.31278234528693,261.7689585613633,Male,0,No,No,Yes,No,DSL,Yes,No internet service,No internet service,No internet service,No internet service,No,One year,No,Mailed check,0
458,25,77.89653202958044,4222.813371951258,Male,1,No,Yes,No,No phone service,Fiber optic,No internet service,Yes,Yes,Yes,Yes,Yes,Month-to-month,No,Credit card,1
459,52,25.451192743782627,5131.8418838239795,Male,0,Yes,Yes,Yes,No,Fiber optic,No internet service,No internet service,No internet service,Yes,No internet service,Yes,Month-to-month,Yes,Bank transfer,0
460,53,51.404380691843244,1951.0102847637056,Female,0,Yes,No,No,No phone service,DSL,Yes,No internet service,No internet service,No internet service,No internet service,Yes,One year,Yes,Electronic check,0
461,23,69.91989468413318,4673.6036920223205,Female,0,Yes,Yes,No,No phone service,Fiber optic,Yes,No internet service,Yes,No,No internet service,No,One year,No,Bank transfer,0
462,16,41.65791856272409,5212.625399202786,Male,0,Yes,No,Yes,No,Fiber optic,Yes,Yes,No,Yes,No internet service,Yes,Two year,Yes,Bank transfer,0
463,57,107.26258854858963,5526.4000192158765,Female,0,Yes,Yes,No,No phone service,No,No,No internet service,Yes,No internet service,Yes,No,Two year,Yes,Bank transfer,1
464,39,28.710928946143405,6233.586243974615,Male,0,No,Yes,Yes,No phone service,DSL,No,No,Yes,Yes,No,No,Two year,Yes,Bank transfer,0
465,53,68.73844416720428,2559.5800191423905,Male,0,No,Yes,No,Yes,Fiber optic,No,No internet service,Yes,No,No internet service,No,Month-to-month,Yes,Electronic check,1
466,42,89.14160575131521,4585.437955811838,Female,0,Yes,Yes,No,No,No,No,No,No,No,Yes,Yes,Two year,Yes,Electronic check,0
467,58,46.17511001344825,7854.474335140296,Female,0,Yes,No,Yes,No phone service,DSL,No,Yes,Yes,No internet service,No internet service,No,One year,No,Electronic check,0
468,39,82.42407369975182,7195.338948254742,Female,1,No,No,Yes,No,Fiber optic,No,Yes,Yes,Yes,No,No,Month-to-month,No,Electronic check,1
469,14,102.93851501423745,7626.056881977095,Female,1,Yes,No,No,No phone service,Fiber optic,No internet service,No internet service,No,No,Yes,Yes,Two year,No,Mailed check,0
470,5,39.033697509504755,3150.477548375714,Female,0,Yes,No,Yes,No,Fiber optic,No internet service,No internet service,Yes,No,Yes,No,One year,Yes,Credit card,1
471,35,111.72205918248628,6316.732036583628,Female,0,Yes,Yes,Yes,No,Fiber optic,No internet service,Yes,Yes,Yes,Yes,Yes,One year,Yes,Mailed check,0
472,18,75.3558532662358,4997.193818906748,Female,0,Yes,Yes,No,Yes,Fiber optic,No internet service,Yes,Yes,No internet service,No internet service,Yes,Two year,Yes,Bank transfer,0
473,9,49.92320043010606,753.6071561917046,Male,0,No,No,Yes,Yes,DSL,No internet service,Yes,No,Yes,No internet service,Yes,One year,Yes,Bank transfer,1
474,58,63.08582753822707,6609.445074340817,Female,1,Yes,No,No,No,DSL,No internet service,No,Yes,Yes,No,No,One year,Yes,Bank transfer,0
475,17,51.2191883786388,5449.10008322318,Male,0,No,No,Yes,No phone service,No,No,No,No,Yes,No,No,One year,No,Bank transfer,0
476,7,92.51111599333161,1671.4471401706076,Female,0,No,No,Yes,No,No,No internet service,No internet service,No,Yes,No internet service,No internet service,Two year,No,Mailed check,0
477,46,99.63006634151321,729.9346036927446,Female,0,No,No,No,No phone service,No,Yes,No,No internet service,Yes,No internet service,No internet service,One year,Yes,Electronic check,1
478,13,103.2937392318661,6712.474832121812,Male,0,No,Yes,No,No,DSL,No internet service,Yes,Yes,No,Yes,No internet service,Month-to-month,Yes,Bank transfer,1
479,40,118.57682495857412,723.3244529804883,Male,0,Yes,No,Yes,Yes,DSL,Yes,No internet service,Yes,No internet service,No internet service,Yes,One year,Yes,Mailed check,0
480,42,99.12842924966836,821.6955363948495,Male,0,No,No,Yes,Yes,DSL,Yes,No,No internet service,No internet service,Yes,No internet service,One year,Yes,Mailed check,0
481,9,80.13840706885634,3476.525474444091,Male,0,Yes,Yes,No,No phone service,Fiber optic,No internet service,No internet service,No internet service,No,No,No,Two year,Yes,Bank transfer,1
482,50,53.92202983917838,1164.9028445138688,Female,0,Yes,Yes,Yes,No,DSL,No,No,Yes,No internet service,No internet service,Yes,One year,Yes,Bank transfer,0
483,27,74.45954487107494,7317.989819797483,Female,0,No,No,Yes,No phone service,DSL,No,No internet service,Yes,No internet service,No,Yes,Two year,No,Mailed check,0
484,66,24.10681727904054,3815.2430964795703,Male,0,Yes,No,Yes,Yes,Fiber optic,Yes,Yes,No internet service,Yes,No internet service,No,Two year,No,Credit card,1
485,5,94.48250755299131,4596.292747171115,Male,0,Yes,No,Yes,No,No,No,Yes,Yes,No internet service,No internet service,No internet service,Two year,No,Mailed check,0
486,29,64.59555450921017,7432.038106876891,Female,0,No,Yes,No,Yes,No,Yes,Yes,Yes,Yes,Yes,No internet service,Two year,No,Credit card,0
487,37,22.00232297321876,4289.079482542954,Female,0,No,No,Yes,Yes,No,No,No,Yes,No internet service,No internet service,No,One year,No,Bank transfer,1
488,38,26.25069415104108,2893.3700530628166,Male,0,No,No,No,No,Fiber optic,No,No internet service,No internet service,No,No,No,One year,Yes,Electronic check,0
489,8,58.74664638217566,6397.525335945072,Female,0,Yes,Yes,No,No phone service,Fiber optic,No,No internet service,No internet service,No internet service,No internet service,No internet service,Two year,No,Electronic check,1
490,65,78.34215190184351,3598.5165600541645,Female,0,Yes,Yes,Yes,No,Fiber optic,No,No internet service,No,No,No,No,Two year,Yes,Credit card,1
491,17,66.42039489521267,2615.9084622582127,Male,1,No,Yes,No,Yes,DSL,No internet service,No,No,Yes,No internet service,No internet service,Two year,No,Bank transfer,0
492,71,81.9204317292155,5813.512722983723,Male,0,No,Yes,Yes,Yes,No,No internet service,Yes,Yes,Yes,No,No,Two year,No,Bank transfer,0
493,45,68.02942587913557,6432.68484524304,Male,1,Yes,No,Yes,Yes,Fiber optic,No internet service,Yes,Yes,Yes,No,No internet service,One year,No,Credit card,0
494,4,86.17038454813468,6354.557723915745,Male,0,Yes,Yes,No,Yes,Fiber optic,Yes,No internet service,No,Yes,No,No,Month-to-month,Yes,Electronic check,1
495,36,41.91260646708009,7823.62787161679,Female,0,No,Yes,No,No phone service,No,No internet service,No internet service,No,No,No internet service,Yes,One year,Yes,Mailed check,0
496,70,31.28431871836214,6314.668896112205,Male,0,Yes,Yes,No,No,No,No internet service,No,No,No internet service,Yes,Yes,Two year,No,Credit card,0
497,31,79.64339546256599,6182.474143994621,Female,0,Yes,No,Yes,No,DSL,No internet service,No internet service,Yes,Yes,No,Yes,Two year,No,Bank transfer,0
498,19,68.46895169363074,6874.1335045161395,Female,0,No,Yes,Yes,No phone service,No,No,No internet service,Yes,Yes,No,No,Two year,No,Bank transfer,0
499,61,22.686765404493528,101.46304283399819,Female,0,No,No,Yes,No phone service,Fiber optic,No,No,No,Yes,Yes,No internet service,Two year,No,Electronic check,0
500,54,58.04818854930359,2963.208148383388,Female,0,Yes,Yes,No,Yes,DSL,No,No internet service,No internet service,No,No,No internet service,Month-to-month,Yes,Credit card,1
501,39,30.61255854909955,5927.0644586719345,Male,0,Yes,No,No,No,No,No,Yes,No,No,No,No internet service,Two year,Yes,Credit card,1
502,19,73.13568317526952,4837.780187771191,Female,1,Yes,No,No,No,DSL,No,No,No internet service,No,No internet service,Yes,Month-to-month,Yes,Credit card,1
503,39,59.577767966043076,1502.8188207897795,Male,0,Yes,No,No,No,Fiber optic,No internet service,Yes,No internet service,No internet service,Yes,Yes,One year,No,Bank transfer,1
504,67,81.31519111030178,2499.491403799508,Female,1,No,Yes,No,No phone service,Fiber optic,No internet service,No internet service,Yes,No internet service,No,No internet service,Month-to-month,No,Mailed check,1
505,45,100.56022187702384,2760.6616275486435,Male,0,Yes,No,Yes,Yes,Fiber optic,No,No internet service,No internet service,Yes,No internet service,No,One year,Yes,Credit card,0
506,13,49.96686838414908,4585.842078261297,Female,0,No,Yes,Yes,Yes,Fiber optic,No,No,No internet service,No,No internet service,No,Month-to-month,No,Mailed check,1
507,58,116.21021041650275,6669.626541884503,Female,0,Yes,Yes,No,No,DSL,No internet service,No,No,No internet service,No internet service,No internet service,Two year,Yes,Bank transfer,0
508,20,73.56345005875744,7466.685060243671,Male,1,No,No,No,Yes,DSL,No internet service,No,No,No internet service,No internet service,No internet service,Month-to-month,Yes,Mailed check,0
509,61,81.8290798754788,6025.730061543748,Male,0,Yes,Yes,No,No phone service,Fiber optic,No,No,No internet service,No,Yes,No,Two year,Yes,Mailed check,0
510,39,88.0672373225737,6759.3080823967975,Male,0,Yes,No,No,No phone service,DSL,Yes,No internet service,No,No internet service,Yes,No internet service,Month-to-month,Yes,Mailed check,0
511,1,86.67315298575897,3813.758071766977,Male,0,No,Yes,Yes,No,Fiber optic,No,No internet service,No,No,No internet service,No,One year,No,Bank transfer,1
512,3,71.09707430450621,3179.2250250160705,Female,0,Yes,No,No,Yes,Fiber optic,No internet service,Yes,No,No,Yes,No,Month-to-month,Yes,Bank transfer,1
513,62,62.87642911146835,3202.3974039393142,Female,0,No,Yes,No,No phone service,No,Yes,Yes,No,No,No internet service,Yes,Month-to-month,Yes,Bank transfer,0
514,63,25.37819641773779,4966.704373885661,Female,0,No,No,No,No phone service,DSL,No,No,No internet service,Yes,No,Yes,One year,No,Mailed check,0
515,25,22.208584530117975,1081.4699738908912,Female,0,No,Yes,Yes,No phone service,No,No internet service,No internet service,No internet service,No internet service,No,Yes,Month-to-month,No,Electronic check,0
516,56,55.79611945327647,4678.004044043064,Female,0,Yes,Yes,Yes,No phone service,Fiber optic,No internet service,No,No internet service,Yes,No internet service,No internet service,One year,Yes,Electronic check,1
517,33,53.366089063369266,5354.549595451432,Male,1,Yes,No,No,Yes,No,No internet service,No,No internet service,No,No,No,Month-to-month,Yes,Electronic check,1
518,38,58.769515483900676,3567.3790476292866,Male,0,Yes,Yes,Yes,No phone service,Fiber optic,No,No,No internet service,No internet service,No internet service,No internet service,One year,No,Mailed check,1
519,6,33.836820088819,7630.020696492222,Female,0,No,Yes,No,No phone service,Fiber optic,No,No,Yes,No internet service,No,No internet service,One year,No,Electronic check,1
520,58,93.81682705368436,4904.884851798644,Male,1,Yes,No,No,Yes,Fiber optic,Yes,No,No,Yes,No,No internet service,Two year,No,Bank transfer,1
521,44,105.69644147762389,1837.995830669339,Female,0,Yes,No,No,No,DSL,No internet service,No internet service,Yes,Yes,Yes,No,One year,No,Mailed check,0
522,45,113.8714635374035,3885.8084337247783,Female,0,No,No,Yes,No,Fiber optic,No internet service,Yes,No internet service,No internet service,No internet service,Yes,One year,Yes,Credit card,1
523,32,69.23623035196258,5435.695053368822,Male,0,No,No,No,No phone service,Fiber optic,Yes,No,No,Yes,Yes,No,Two year,No,Electronic check,0
524,45,90.08656991254286,2656.670084185784,Female,0,No,No,No,No,DSL,No,No internet service,No internet service,Yes,No internet service,No,Two year,No,Mailed check,0
525,61,105.55511234358725,729.168689683283,Male,0,No,Yes,Yes,Yes,DSL,No internet service,No,Yes,No,No,No internet service,One year,Yes,Credit card,1
526,47,61.829111109348595,4709.141514215991,Female,0,Yes,No,Yes,No phone service,Fiber optic,Yes,No internet service,No internet service,No internet service,No internet service,No internet service,Two year,No,Mailed check,0
527,21,50.94127948704444,7588.174332095472,Male,0,No,Yes,No,Yes,DSL,No internet service,Yes,No,No,No internet service,Yes,One year,Yes,Credit card,1
528,36,113.67245558534901,3932.068685949073,Female,0,No,Yes,No,No,Fiber optic,No,Yes,No internet service,No,No internet service,No,One year,No,Bank transfer,1
529,19,71.56765510770731,7258.261737111599,Female,0,Yes,Yes,Yes,No,No,No,No internet service,No internet service,No internet service,No internet service,Yes,Month-to-month,No,Mailed check,1
530,20,69.7253886590878,6696.686348136383,Male,0,Yes,Yes,Yes,No phone service,DSL,Yes,No,No,No internet service,No,No internet service,One year,Yes,Bank transfer,0
531,57,37.841609656349576,1264.5609907084686,Female,0,No,Yes,Yes,No,No,Yes,Yes,Yes,No,No,No internet service,Two year,Yes,Bank transfer,0
532,18,30.815501457335674,5694.542382501009,Female,0,Yes,No,No,No phone service,Fiber optic,No internet service,No,Yes,No internet service,Yes,Yes,Month-to-month,Yes,Credit card,1
533,47,104.21068624835117,3540.17764806863,Male,0,Yes,No,No,No phone service,DSL,No,No,No,No,No internet service,Yes,Month-to-month,Yes,Electronic check,0
534,49,81.4133176187518,2076.945969577201,Male,0,No,No,Yes,Yes,DSL,No,No internet service,No,No,Yes,No,Two year,No,Credit card,1
535,14,52.58245840194487,5526.813009766954,Male,0,Yes,No,Yes,No,Fiber optic,Yes,No,Yes,Yes,No,Yes,Two year,Yes,Electronic check,0
536,15,39.17362173902664,5967.019677385729,Female,1,No,No,No,No,DSL,Yes,No internet service,No,No,No,Yes,Month-to-month,Yes,Credit card,0
537,31,75.54972801696314,1521.1809180052264,Male,0,Yes,No,Yes,No phone service,DSL,No internet service,No internet service,Yes,No internet service,No internet service,No,Two year,Yes,Mailed check,0
538,1,78.39192892611354,7324.112988244046,Male,0,Yes,Yes,No,No phone service,DSL,No,No internet service,No internet service,No,No internet service,No internet service,Two year,No,Electronic check,1
539,54,40.699360124505816,6034.063227216384,Male,0,Yes,No,No,No phone service,No,No internet service,Yes,Yes,No,Yes,No,One year,Yes,Mailed check,0
540,3,105.1405747891474,7473.666443221553,Female,0,Yes,No,No,No phone service,Fiber optic,No internet service,No,No,No internet service,No,No internet service,Two year,No,Credit card,1
541,16,28.42643661558511,2604.878428233159,Male,0,No,No,Yes,Yes,Fiber optic,Yes,No internet service,No internet service,No internet service,Yes,No internet service,One year,Yes,Bank transfer,0
542,57,55.609308516642166,7520.746624369596,Female,0,No,No,No,No,Fiber optic,No,No internet service,No,Yes,No,Yes,Two year,Yes,Credit card,0
543,12,88.03844137625221,3011.289496923209,Female,0,Yes,No,Yes,Yes,DSL,Yes,No,Yes,No internet service,No,Yes,Two year,No,Mailed check,0
544,16,47.41203638192007,526.3611152763947,Male,0,Yes,Yes,Yes,No,DSL,No internet service,Yes,No internet service,No,Yes,Yes,Two year,No,Credit card,1
545,24,102.76751947812718,6127.458170801284,Female,0,Yes,Yes,Yes,Yes,DSL,No internet service,No internet service,Yes,No internet service,No,Yes,Two year,No,Bank transfer,0
546,28,93.98678266004035,5657.714338297893,Female,1,No,Yes,Yes,No phone service,Fiber optic,No,No internet service,No internet service,No internet service,No,Yes,Month-to-month,Yes,Bank transfer,1
547,8,98.90228445481343,4823.496838880326,Female,0,Yes,No,No,Yes,No,No,No internet service,No,Yes,Yes,No internet service,Month-to-month,Yes,Credit card,1
548,36,31.910653587671625,3970.1605806349744,Female,0,No,No,No,Yes,Fiber optic,No,No internet service,Yes,No,No,No,Two year,Yes,Credit card,0
549,8,34.054712799554295,354.105635548788,Female,0,Yes,No,No,No phone service,Fiber optic,No,No,No internet service,Yes,Yes,Yes,Month-to-month,No,Mailed check,1
550,58,48.64737377445836,5034.31828700922,Male,0,No,Yes,Yes,No phone service,No,Yes,No internet service,No internet service,Yes,No internet service,No internet service,Two year,No,Bank transfer,0
551,60,71.8077165197561,3392.9934602600697,Male,0,No,Yes,No,No,DSL,Yes,Yes,No internet service,No,No,Yes,Two year,Yes,Electronic check,0
552,50,94.80160766994024,4525.654281653466,Male,0,Yes,No,No,No,DSL,Yes,No,Yes,No internet service,Yes,No,One year,No,Mailed check,0
553,28,103.65308907609035,3491.638601544327,Female,0,No,No,No,Yes,Fiber optic,Yes,Yes,No,No,No,No internet service,One year,No,Electronic check,0
554,41,90.43353159571805,7731.843448845072,Male,0,Yes,Yes,No,Yes,No,No internet service,No,No,Yes,No,No,Two year,Yes,Bank transfer,0
555,64,112.85968815306383,4872.460319091692,Female,0,No,Yes,Yes,Yes,Fiber optic,Yes,No,No internet service,Yes,Yes,Yes,Month-to-month,Yes,Bank transfer,0
556,27,93.87435096159302,6018.967011759491,Female,0,No,Yes,Yes,No phone service,Fiber optic,Yes,No,No,No,No internet service,No internet service,Month-to-month,Yes,Mailed check,1
557,63,50.626788700461475,7497.140885021558,Female,0,Yes,No,No,No,No,No,Yes,Yes,Yes,Yes,No,Two year,Yes,Bank transfer,0
558,17,46.50812843385726,4773.634651042244,Female,0,No,Yes,Yes,Yes,No,No internet service,Yes,No,No internet service,No,Yes,Month-to-month,Yes,Electronic check,1
559,33,89.61924503010898,195.29389079696597,Male,0,Yes,No,Yes,No,DSL,Yes,No internet service,No,No internet service,No internet service,Yes,Two year,Yes,Credit card,0
560,29,39.28705686896143,370.90425865328467,Female,0,No,No,Yes,No,Fiber optic,No internet service,Yes,Yes,No,No internet service,No internet service,One year,Yes,Mailed check,1
561,13,29.27148108102699,5648.473629404708,Male,0,Yes,No,No,No phone service,No,No internet service,No internet service,Yes,No,No,Yes,Month-to-month,Yes,Credit card,0
562,46,73.22228748561939,2304.7725755951396,Male,0,No,Yes,No,No phone service,No,No internet service,No,No,No internet service,Yes,No,Month-to-month,Yes,Credit card,1
563,35,102.16415697789553,4677.099846048795,Female,1,No,Yes,Yes,Yes,No,No internet service,No internet service,No,No,Yes,Yes,One year,Yes,Mailed check,0
564,6,30.137984246986353,1697.9897306162848,Male,1,Yes,Yes,Yes,Yes,No,No,Yes,No,No internet service,No,No,Two year,No,Electronic check,0
565,69,99.18913237957292,2234.9661129875417,Male,0,No,Yes,Yes,Yes,Fiber optic,No,No,No internet service,No internet service,Yes,No,Month-to-month,Yes,Bank transfer,1
566,47,101.1572004351548,4086.6643419897946,Male,0,Yes,No,Yes,Yes,Fiber optic,No internet service,No,Yes,No internet service,Yes,No,One year,Yes,Bank transfer,0
567,25,68.22740000815435,7806.998760513048,Female,0,Yes,No,No,Yes,Fiber optic,No internet service,No internet service,No internet service,No internet service,Yes,No,Month-to-month,Yes,Mailed check,1
568,66,25.73103100104868,4968.536864752614,Female,0,No,No,Yes,No,No,No internet service,No internet service,No internet service,No,No internet service,No internet service,One year,No,Electronic check,0
569,10,37.45898512471864,7495.5700256528835,Female,0,Yes,No,No,No,DSL,No,Yes,No internet service,No internet service,No internet service,No,Month-to-month,No,Mailed check,1
570,56,90.74262751619324,7679.100849656886,Male,0,Yes,Yes,Yes,No phone service,No,No,No,No internet service,No internet service,Yes,No internet service,Two year,Yes,Mailed check,0
571,30,91.17779449909494,1744.0689717220087,Male,0,Yes,No,No,No phone service,Fiber optic,No internet service,No internet service,No,Yes,No,No internet service,Month-to-month,Yes,Bank transfer,1
572,5,109.83552751676653,2558.4294595046613,Female,0,Yes,Yes,Yes,No,Fiber optic,No internet service,No,Yes,Yes,No,No internet service,One year,Yes,Mailed check,1
573,33,78.2686146554583,6182.9390216277625,Female,1,Yes,No,No,No phone service,Fiber optic,No internet service,Yes,No,Yes,No,Yes,Two year,No,Electronic check,0
574,65,32.41073677137774,6947.4356181016165,Male,0,Yes,Yes,No,No phone service,DSL,No internet service,No,Yes,Yes,No,No,Month-to-month,No,Electronic check,1
575,18,32.14149055049721,4201.891279097269,Female,0,No,No,Yes,Yes,DSL,No,No internet service,No internet service,No,Yes,Yes,One year,Yes,Electronic check,0
576,49,92.11323573568237,7946.4859315163385,Female,0,Yes,No,Yes,No phone service,Fiber optic,Yes,Yes,Yes,Yes,Yes,No,One year,Yes,Electronic check,0
577,11,38.37846651079012,191.4203701666351,Male,0,Yes,Yes,No,No phone service,No,Yes,Yes,Yes,Yes,No,No internet service,Two year,Yes,Bank transfer,0
578,26,52.83854996166053,2466.7819791232037,Male,0,No,No,No,No phone service,Fiber optic,No,No,Yes,Yes,Yes,Yes,Month-to-month,No,Bank transfer,1
579,63,68.72120069219139,5022.977854582181,Female,0,Yes,Yes,Yes,No,Fiber optic,No,No internet service,Yes,No,No,Yes,Two year,No,Bank transfer,0
580,59,22.47648775761512,3807.3902964061144,Female,0,Yes,No,Yes,No,DSL,Yes,No,No,No internet service,No,No internet service,One year,No,Bank transfer,0
581,27,44.881902701993184,1021.163434787526,Female,0,Yes,Yes,Yes,Yes,DSL,Yes,No,No internet service,Yes,No internet service,No internet service,One year,Yes,Electronic check,1
582,49,60.788960850728,3005.5179752964523,Female,0,No,Yes,Yes,No phone service,DSL,Yes,No,No,No internet service,No,No internet service,Month-to-month,No,Electronic check,1
583,33,47.96363184932062,301.03243203080854,Male,0,No,Yes,No,No,DSL,No internet service,No internet service,No internet service,Yes,No internet service,Yes,One year,Yes,Mailed check,0
584,1,33.63703274675658,5177.693763994707,Female,0,Yes,Yes,No,Yes,Fiber optic,Yes,No,No,No,No,No internet service,Two year,No,Mailed check,1
585,21,92.80122577961974,7152.6660896712065,Female,0,Yes,No,No,No phone service,No,Yes,No,No,No,Yes,Yes,One year,Yes,Bank transfer,1
586,55,101.31476551679849,7090.505577889325,Male,0,No,Yes,Yes,Yes,Fiber optic,No internet service,Yes,No,No,No internet service,No,Month-to-month,Yes,Mailed check,1
587,6,45.747897614372484,5626.401342747818,Male,0,Yes,Yes,Yes,Yes,Fiber optic,No internet service,Yes,Yes,No internet service,Yes,No internet service,Month-to-month,Yes,Bank transfer,1
588,69,97.44194946063033,3779.5845444336273,Male,0,No,Yes,Yes,No phone service,No,No,Yes,Yes,No,No,Yes,One year,Yes,Bank transfer,0
589,5,58.55535644013138,4145.049787662769,Male,0,Yes,Yes,No,No,Fiber optic,No internet service,No internet service,Yes,No internet service,No internet service,No internet service,Two year,No,Bank transfer,1
590,3,70.66857908540028,1181.658709565737,Male,0,Yes,No,Yes,No phone service,No,Yes,No,Yes,No,No,No internet service,Month-to-month,Yes,Credit card,1
591,53,105.60010748931528,2794.035035641704,Male,0,No,Yes,No,No phone service,DSL,No internet service,No,No,Yes,No,Yes,One year,No,Mailed check,0
592,23,94.99536818024079,1583.0517964363617,Male,0,Yes,No,Yes,No phone service,DSL,No,Yes,No,Yes,Yes,Yes,One year,No,Mailed check,0
593,53,100.51168513161777,6587.481606464641,Female,0,No,No,No,No,DSL,Yes,No,No internet service,Yes,No internet service,Yes,One year,No,Bank transfer,0
594,37,33.68451665863568,7326.555820569882,Female,0,No,Yes,No,No phone service,No,No,No internet service,Yes,Yes,Yes,No internet service,Two year,No,Electronic check,0
595,17,26.971942583372947,4341.693765218924,Male,0,Yes,Yes,No,No,Fiber optic,No,No,Yes,No internet service,Yes,No,Two year,Yes,Credit card,0
596,1,109.3404729087987,5849.335920052258,Female,0,Yes,Yes,Yes,Yes,DSL,No,Yes,Yes,No,No internet service,No,Two year,Yes,Mailed check,0
597,51,58.783426957109434,1059.5716901663072,Female,1,No,Yes,Yes,No,DSL,No internet service,No internet service,Yes,No internet service,Yes,No internet service,Month-to-month,No,Electronic check,0
598,45,48.78796780696808,4907.423681890184,Male,1,No,No,Yes,Yes,Fiber optic,No internet service,No,Yes,No internet service,No,No internet service,One year,Yes,Bank transfer,0
599,4,92.46962542618245,5652.049068884983,Male,0,Yes,No,Yes,Yes,DSL,No,No,Yes,Yes,No internet service,Yes,Two year,Yes,Bank transfer,1
600,62,103.64155965798567,3676.868223140066,Male,0,Yes,Yes,No,No phone service,DSL,No,No,No,No,No internet service,No,Month-to-month,Yes,Mailed check,1
601,65,106.2489621898301,2021.857367318519,Male,1,Yes,Yes,No,No,No,No,No internet service,Yes,No internet service,No internet service,No,Month-to-month,No,Mailed check,1
602,32,51.59971411252273,7031.258712276992,Male,0,Yes,No,Yes,Yes,Fiber optic,No,No,Yes,No internet service,No internet service,No,Month-to-month,No,Credit card,1
603,34,105.2212391201674,5968.978887634407,Female,0,No,No,Yes,Yes,No,No internet service,Yes,No,No internet service,No internet service,Yes,Month-to-month,Yes,Mailed check,0
604,39,24.09339443743454,7208.87252660864,Female,0,No,Yes,Yes,No,DSL,No internet service,Yes,No internet service,No internet service,No internet service,No,Two year,Yes,Credit card,0
605,26,24.966149145971887,6565.380915232805,Male,1,Yes,Yes,Yes,No,DSL,No,Yes,No,No,No,Yes,Month-to-month,Yes,Bank transfer,1
606,34,82.35191951741544,7923.957993673014,Male,1,No,Yes,No,Yes,Fiber optic,No internet service,Yes,Yes,Yes,No internet service,No internet service,Two year,No,Electronic check,1
607,54,26.310636911554624,1618.1645923941467,Female,0,Yes,Yes,Yes,Yes,DSL,Yes,No internet service,No,Yes,Yes,Yes,Two year,No,Electronic check,0
608,3,52.46091685101615,785.3073656513952,Female,0,No,Yes,No,No,No,No internet service,Yes,Yes,No internet service,Yes,No internet service,Two year,No,Credit card,1
609,50,87.2755986246924,2762.3220515643425,Female,0,No,Yes,No,No,No,No,Yes,No,No,Yes,No,One year,No,Credit card,0
610,12,53.726689605422635,1119.1329826837452,Male,0,Yes,No,No,Yes,Fiber optic,No internet service,Yes,No internet service,No,No internet service,No internet service,Two year,Yes,Mailed check,1
611,65,37.9599781440096,4232.727891959173,Male,0,Yes,No,Yes,No phone service,Fiber optic,Yes,No internet service,Yes,No internet service,Yes,No internet service,Month-to-month,No,Mailed check,0
612,54,48.135062185384164,5100.9283527211655,Female,0,Yes,No,Yes,No,DSL,Yes,No internet service,No,No,No,No internet service,One year,Yes,Mailed check,1
613,5,65.75753322504318,4668.480059869889,Male,0,Yes,No,Yes,Yes,Fiber optic,No internet service,No,No,No internet service,Yes,Yes,One year,No,Electronic check,0
614,57,67.53858553554824,2147.9970695831344,Female,1,No,Yes,Yes,Yes,Fiber optic,Yes,Yes,No,Yes,No internet service,Yes,One year,No,Mailed check,0
615,17,98.30002313472019,7279.709844653495,Male,0,No,Yes,No,No phone service,DSL,Yes,No,Yes,Yes,No,Yes,Two year,Yes,Mailed check,1
616,47,95.01532294315125,267.2616735094898,Male,0,Yes,No,Yes,No,DSL,No internet service,No internet service,No,Yes,No,No internet service,Two year,Yes,Bank transfer,0
617,23,65.68178045561352,2849.3054947315945,Female,0,No,Yes,No,Yes,No,No internet service,No,Yes,No internet service,No,No internet service,One year,No,Credit card,0
618,14,104.56673490987714,5780.040555644682,Female,1,No,Yes,Yes,No phone service,No,No internet service,No internet service,Yes,No internet service,Yes,No internet service,Month-to-month,No,Mailed check,1
619,66,31.423713859139582,6158.7385181583595,Male,0,Yes,Yes,No,No,Fiber optic,No,No,No internet service,Yes,Yes,No,One year,Yes,Bank transfer,0
620,51,45.53533502289015,3387.336501011693,Female,0,Yes,No,No,No phone service,DSL,No,Yes,No internet service,No internet service,No internet service,Yes,Two year,No,Electronic check,0
621,38,102.79764635022515,233.5875247253,Male,1,Yes,No,No,Yes,Fiber optic,Yes,No internet service,No,No,No,No,Two year,No,Mailed check,0
622,64,57.79940386261531,4982.545065077526,Female,0,No,No,Yes,No phone service,No,Yes,No internet service,Yes,Yes,No internet service,No,Month-to-month,No,Electronic check,1
623,38,118.11815587938422,598.447981347404,Female,1,Yes,No,No,Yes,Fiber optic,No internet service,No internet service,No,No,No internet service,No,Month-to-month,Yes,Electronic check,1
624,50,66.62532815278354,952.0606316127645,Male,1,Yes,No,No,Yes,No,Yes,Yes,Yes,No,No internet service,No internet service,One year,No,Electronic check,0
625,30,99.19356229637641,5236.9806852049005,Male,1,No,No,Yes,No phone service,No,No internet service,Yes,Yes,No internet service,No,Yes,Two year,Yes,Electronic check,1
626,51,60.23070413823719,2568.6577765285533,Male,0,No,No,No,No phone service,Fiber optic,No,No internet service,No,No internet service,No,No,One year,No,Credit card,0
627,63,62.49535190624304,2849.438206395198,Female,1,No,Yes,Yes,Yes,No,No internet service,No internet service,Yes,Yes,No internet service,Yes,Month-to-month,No,Electronic check,1
628,52,58.28831472841835,3945.775908167623,Female,0,No,No,Yes,No phone service,No,Yes,Yes,No,No internet service,No,Yes,One year,No,Bank transfer,0
629,38,91.90756205108117,7830.769319389054,Male,0,Yes,Yes,No,No,DSL,No internet service,Yes,Yes,No internet service,Yes,No internet service,One year,Yes,Bank transfer,0
630,30,74.75178840599945,7726.9935438358125,Female,0,No,Yes,No,No,Fiber optic,No internet service,Yes,No,No,No,No,Two year,Yes,Electronic check,0
631,51,114.37781113683691,3388.4618949445935,Male,0,Yes,No,Yes,No phone service,Fiber optic,No internet service,Yes,No,No internet service,Yes,No internet service,Two year,Yes,Electronic check,1
632,5,45.08903165341047,2197.443816024429,Male,0,Yes,Yes,No,No phone service,Fiber optic,Yes,Yes,No internet service,Yes,No,Yes,Two year,Yes,Credit card,1
633,29,30.056273208344436,2490.4780060465146,Male,0,No,Yes,Yes,No,No,No internet service,Yes,No internet service,No internet service,No internet service,No,One year,No,Mailed check,0
634,4,59.326148509921524,2223.3722554766728,Male,0,Yes,No,Yes,Yes,No,No internet service,No,Yes,Yes,No internet service,Yes,Two year,Yes,Electronic check,1
635,10,81.6712707646776,4304.7418764200675,Male,0,Yes,Yes,No,Yes,No,Yes,Yes,No,No,Yes,Yes,Two year,No,Bank transfer,1
636,56,106.0798936915495,4894.192481627335,Female,0,No,No,Yes,No,Fiber optic,No,Yes,No,No,Yes,No internet service,Month-to-month,Yes,Bank transfer,1
637,17,54.619688668032765,3961.357167014362,Female,0,No,Yes,No,Yes,DSL,No,No internet service,No,No,No,No,Two year,No,Credit card,0
638,17,85.37867511244616,3323.1554617604033,Male,0,No,Yes,No,No phone service,Fiber optic,Yes,No internet service,No,Yes,Yes,No internet service,Month-to-month,No,Bank transfer,1
639,69,55.01986810232191,1769.1517968025084,Female,0,Yes,Yes,Yes,No phone service,Fiber optic,No,No,No,No,No internet service,No internet service,One year,No,Bank transfer,1
640,34,81.72195829944582,3911.7941719186956,Male,0,Yes,Yes,No,No,Fiber optic,No internet service,Yes,Yes,No,No,Yes,One year,Yes,Electronic check,1
641,6,108.48079470306509,2794.7114390394186,Female,0,No,No,No,No,DSL,Yes,No internet service,No internet service,No internet service,Yes,No,Two year,No,Credit card,0
642,53,43.1357642259409,4378.604156106909,Female,0,No,No,No,No,Fiber optic,No internet service,No internet service,No,Yes,No internet service,No,Month-to-month,Yes,Bank transfer,0
643,66,60.424164210703914,5433.996382541829,Male,1,No,No,No,No,DSL,No internet service,No,No,No,No internet service,No,Two year,Yes,Bank transfer,0
644,43,119.32651964297466,5103.166178049224,Female,0,No,Yes,No,Yes,DSL,Yes,Yes,No,No internet service,No,No internet service,Month-to-month,No,Credit card,0
645,23,106.85570282494608,3753.6726622041874,Male,0,No,Yes,No,Yes,Fiber optic,No internet service,No internet service,Yes,No internet service,No,No internet service,Two year,Yes,Credit card,1
646,55,76.4639857896202,4492.814151811692,Female,0,No,Yes,Yes,Yes,Fiber optic,Yes,Yes,No internet service,No,No,No internet service,Month-to-month,Yes,Bank transfer,0
647,16,71.66275918542753,2350.3634345900014,Male,0,No,Yes,No,No phone service,Fiber optic,No internet service,No,No internet service,Yes,No,Yes,Month-to-month,No,Mailed check,1
648,8,48.4600382304681,291.49804627687854,Male,0,Yes,No,Yes,No phone service,No,No,No,No,No,Yes,No internet service,One year,Yes,Electronic check,0
649,4,71.72094276935294,5037.653687928023,Male,0,No,Yes,Yes,No,DSL,No internet service,Yes,Yes,No internet service,No,No,Month-to-month,Yes,Bank transfer,1
650,4,104.81814982799472,2095.291617187727,Male,0,No,No,No,No,Fiber optic,No internet service,No,No internet service,Yes,Yes,Yes,One year,Yes,Bank transfer,1
651,56,88.51745132777806,5384.734309539369,Male,0,No,Yes,No,Yes,DSL,Yes,No internet service,No internet service,No internet service,No internet service,No,Two year,No,Electronic check,0
652,25,49.004402817798656,6001.367146815979,Male,0,No,Yes,Yes,Yes,No,No,No,Yes,No,No,No internet service,Two year,Yes,Bank transfer,0
653,67,40.14639210535329,7335.829194219871,Female,0,Yes,No,Yes,Yes,No,No internet service,No,No internet service,Yes,No,No,Month-to-month,No,Bank transfer,0
654,67,46.52085369968291,7669.170084288942,Male,0,No,No,No,No,Fiber optic,No internet service,Yes,Yes,No,No,Yes,One year,No,Credit card,0
655,27,36.97592013928265,183.1557658466414,Female,0,Yes,No,Yes,Yes,DSL,No,No internet service,No internet service,No,No,No internet service,One year,Yes,Bank transfer,0
656,32,29.564069602371596,7923.956253901635,Male,0,Yes,No,Yes,No,No,No,Yes,Yes,No,No,Yes,Two year,No,Mailed check,0
657,50,61.9136174442055,5495.844716103871,Female,1,Yes,Yes,No,No,No,No,Yes,No,No internet service,No,No internet service,One year,No,Credit card,0
658,61,31.32996043982677,5183.840866956095,Male,1,No,No,Yes,No phone service,DSL,No,Yes,No internet service,Yes,No,Yes,One year,Yes,Bank transfer,0
659,51,37.191255772710434,220.18345204330774,Male,0,No,No,Yes,No phone service,No,No,No,No internet service,Yes,Yes,Yes,Two year,Yes,Bank transfer,0
660,19,74.73246843394861,6903.743953905227,Female,0,Yes,Yes,No,No,DSL,No internet service,No,No internet service,No internet service,No,No,One year,Yes,Electronic check,0
661,21,36.45992736995747,1249.3824332578283,Male,0,Yes,Yes,No,Yes,Fiber optic,No,Yes,Yes,Yes,No,No internet service,Two year,No,Electronic check,0
662,5,26.387976743090285,6714.908216071024,Male,1,No,Yes,No,No,DSL,No,No,No internet service,Yes,No,No internet service,One year,Yes,Mailed check,1
663,42,51.73888500278852,222.94411544385645,Male,0,Yes,Yes,No,No,Fiber optic,No internet service,No,No internet service,No,Yes,No internet service,Month-to-month,Yes,Electronic check,0
664,61,42.031909862196756,5203.117673743374,Male,0,Yes,No,Yes,No,DSL,Yes,Yes,Yes,No,No,Yes,Two year,No,Electronic check,0
665,22,71.53051879943767,3534.9321167816393,Female,0,No,No,Yes,No,No,No internet service,No internet service,No internet service,No internet service,No,No,Two year,Yes,Mailed check,1
666,21,30.236708458320933,1686.0571595687475,Male,0,No,Yes,Yes,No phone service,Fiber optic,Yes,No internet service,No internet service,Yes,No internet service,No,Two year,Yes,Bank transfer,0
667,70,95.17707876829782,949.7349949864295,Female,0,Yes,No,Yes,No phone service,DSL,No,No,Yes,No internet service,No,No internet service,Month-to-month,Yes,Electronic check,1
668,1,110.62335194351387,3577.008802715979,Male,0,Yes,No,Yes,No,Fiber optic,Yes,No internet service,Yes,No internet service,No internet service,No internet service,Two year,No,Electronic check,0
669,5,94.34351739561944,1074.1158620392557,Male,0,No,Yes,No,No phone service,DSL,No internet service,No internet service,Yes,No internet service,No internet service,Yes,Month-to-month,Yes,Mailed check,1
670,12,73.28270374013943,3942.9282323592756,Male,0,No,No,Yes,No phone service,DSL,Yes,No,No internet service,No internet service,No,Yes,One year,No,Electronic check,0
671,46,106.06678217888852,5039.214763357533,Male,0,No,No,Yes,Yes,Fiber optic,Yes,No internet service,No,No,No,Yes,Month-to-month,No,Credit card,0
672,34,89.49183797815076,6636.335129498129,Female,0,Yes,Yes,No,No phone service,Fiber optic,Yes,No,Yes,No internet service,No,No,Two year,Yes,Electronic check,0
673,49,21.055112245018986,5461.330553744647,Male,0,No,No,Yes,No phone service,Fiber optic,No,Yes,No internet service,Yes,No internet service,Yes,Month-to-month,Yes,Bank transfer,1
674,45,59.40901527745031,615.0781569785887,Male,1,Yes,No,Yes,No,No,No internet service,No internet service,No,No,Yes,Yes,Month-to-month,Yes,Mailed check,1
675,27,105.09518994068,2528.717007127914,Male,0,Yes,Yes,No,No phone service,DSL,Yes,Yes,No,No,Yes,Yes,Month-to-month,Yes,Bank transfer,1
676,26,54.58588579752693,2375.031002666753,Female,0,No,No,No,No phone service,DSL,No,Yes,Yes,No internet service,No,No internet service,Month-to-month,No,Bank transfer,1
677,47,23.52151735255235,7328.756145421566,Female,0,No,Yes,Yes,No phone service,Fiber optic,No internet service,No,Yes,No,No,Yes,One year,Yes,Bank transfer,0
678,56,94.61796385522723,6955.478150702832,Female,0,No,Yes,No,No,DSL,No internet service,No internet service,Yes,No,No internet service,No internet service,One year,No,Mailed check,1
679,63,100.20382702828685,3024.168554968294,Female,0,No,Yes,Yes,No,DSL,No internet service,No internet service,Yes,No,No internet service,No,One year,Yes,Credit card,1
680,48,36.05936950433086,662.1265214723907,Male,0,Yes,Yes,Yes,No phone service,DSL,No internet service,No internet service,Yes,No,Yes,No,Two year,Yes,Electronic check,0
681,61,73.73404968431812,7163.447810657394,Male,0,Yes,Yes,No,No,Fiber optic,No,No internet service,No internet service,No,No internet service,No internet service,Month-to-month,No,Bank transfer,1
682,26,39.19554389957258,7116.700628417079,Female,1,Yes,Yes,Yes,No,DSL,No internet service,No,No internet service,No,Yes,No internet service,One year,No,Mailed check,0
683,36,91.92344190441467,6852.494443042728,Male,0,Yes,No,No,Yes,DSL,Yes,Yes,Yes,Yes,No,Yes,Two year,No,Electronic check,1
684,1,47.15504551774856,6776.144938110463,Male,0,No,Yes,No,No phone service,No,No internet service,No internet service,No internet service,No,Yes,Yes,Two year,Yes,Mailed check,0
685,8,51.621512256333006,3894.006608580622,Female,0,Yes,No,Yes,Yes,No,No internet service,No internet service,Yes,No,Yes,No,Month-to-month,Yes,Bank transfer,0
686,52,104.49708536401013,1501.710052771826,Male,0,No,Yes,Yes,No phone service,Fiber optic,No,No,Yes,No internet service,No,No,Month-to-month,Yes,Mailed check,0
687,47,67.63223522069043,3872.155598653179,Female,0,No,Yes,No,No phone service,DSL,Yes,No internet service,No,No,Yes,No,Month-to-month,No,Bank transfer,0
688,56,86.97544512182478,4007.3223882887723,Female,0,Yes,Yes,No,Yes,DSL,Yes,No internet service,Yes,No,No internet service,No,Month-to-month,No,Mailed check,0
689,14,60.23730507224676,3970.4608506344,Female,0,Yes,No,No,Yes,No,No,Yes,No,No internet service,No internet service,Yes,Month-to-month,No,Bank transfer,1
690,28,49.80068571937554,4356.303430309417,Female,0,Yes,No,No,No phone service,Fiber optic,No,No internet service,No internet service,Yes,No,Yes,Month-to-month,No,Electronic check,0
691,2,82.54780604246614,2135.4904816301255,Female,1,Yes,Yes,Yes,Yes,Fiber optic,Yes,No internet service,Yes,Yes,No,No,One year,Yes,Mailed check,1
692,26,35.485757407882126,2993.305330955559,Female,0,Yes,No,No,Yes,DSL,Yes,Yes,No,No,No internet service,Yes,One year,No,Mailed check,0
693,14,57.2999835566863,3530.074076511409,Male,0,No,Yes,Yes,No,No,No internet service,No internet service,No,Yes,No internet service,Yes,Month-to-month,Yes,Electronic check,0
694,59,40.90370373859223,1135.857555180349,Male,0,No,Yes,No,No phone service,No,No,Yes,No internet service,Yes,No internet service,No internet service,Two year,No,Bank transfer,0
695,56,89.57949669407455,3697.3766630358537,Male,0,Yes,No,No,No,No,Yes,No,No,Yes,No internet service,No internet service,One year,Yes,Credit card,0
696,7,114.42088383461076,6502.709974849785,Female,1,Yes,Yes,Yes,No phone service,DSL,Yes,Yes,Yes,Yes,Yes,No,Month-to-month,Yes,Bank transfer,1
697,3,119.55109680158664,6641.670387589723,Female,0,Yes,Yes,Yes,No,DSL,No,Yes,Yes,No,No internet service,No,One year,Yes,Bank transfer,1
698,23,65.02768104415907,3351.3537980181395,Female,1,Yes,No,No,No phone service,DSL,No,No internet service,No,No,No,No,Two year,Yes,Electronic check,0
699,18,45.25303896364444,4198.585665466393,Male,0,Yes,Yes,Yes,No,No,Yes,No internet service,Yes,No internet service,No,No,Two year,Yes,Credit card,0
700,38,64.28293703843241,365.8376238669474,Male,1,Yes,Yes,Yes,No phone service,Fiber optic,No,No internet service,Yes,No,No internet service,No,One year,Yes,Mailed check,1
701,15,104.72694099627238,5428.017196101916,Female,0,No,No,Yes,No,DSL,Yes,No internet service,No,No,Yes,Yes,Month-to-month,Yes,Credit card,0
702,64,40.60056785520399,3296.3864752802183,Female,1,No,No,Yes,Yes,DSL,Yes,Yes,No internet service,Yes,No internet service,No internet service,Month-to-month,No,Mailed check,1
703,28,115.20956516529237,3619.2736963584316,Female,0,Yes,Yes,No,No phone service,Fiber optic,No internet service,No,No internet service,Yes,No internet service,No internet service,Month-to-month,No,Mailed check,0
704,39,54.1865768798151,7002.014544720141,Female,0,Yes,Yes,Yes,Yes,Fiber optic,No internet service,No internet service,Yes,No,No,No internet service,Two year,No,Electronic check,0
705,57,118.5803659450305,3748.492033028806,Female,0,No,No,No,No,No,No,Yes,No,No,No,Yes,Two year,No,Bank transfer,0
706,17,103.86088875339622,267.4187452000368,Male,0,Yes,No,No,No phone service,DSL,No,No,Yes,Yes,Yes,Yes,Two year,No,Bank transfer,0
707,44,100.85705341473903,1897.1780378655928,Female,0,Yes,Yes,No,No,No,Yes,No,Yes,No,Yes,Yes,Two year,No,Credit card,1
708,25,51.790467377328355,3857.4028530352457,Female,0,Yes,No,No,No,DSL,No internet service,No,No,No,Yes,No internet service,One year,Yes,Bank transfer,0
709,17,20.877721194792947,3452.7307127134322,Female,1,No,No,Yes,Yes,No,No,Yes,No internet service,Yes,No,No internet service,Month-to-month,Yes,Mailed check,1
710,13,58.213290882598784,6896.9240845157965,Female,0,Yes,No,No,No phone service,No,Yes,No internet service,Yes,Yes,Yes,No internet service,Month-to-month,Yes,Electronic check,0
711,25,50.18093696626937,4382.886323518716,Male,0,No,Yes,No,No,Fiber optic,No internet service,Yes,No internet service,No internet service,No internet service,No internet service,One year,Yes,Bank transfer,0
712,68,23.739699040879728,5548.122361129456,Female,1,Yes,Yes,Yes,Yes,DSL,Yes,No internet service,Yes,No,No internet service,No internet service,One year,No,Bank transfer,1
713,10,70.53652565059296,3807.6540466434135,Female,0,Yes,Yes,Yes,Yes,Fiber optic,No internet service,No,No,Yes,No,Yes,Month-to-month,No,Mailed check,1
714,67,60.30313112827366,3573.2802990674027,Female,0,No,Yes,Yes,Yes,Fiber optic,Yes,No,No,Yes,No internet service,Yes,Month-to-month,Yes,Credit card,1
715,18,83.45564677415248,3625.664680947375,Male,1,Yes,Yes,No,Yes,Fiber optic,No internet service,Yes,No internet service,No,Yes,No internet service,One year,No,Bank transfer,1
716,34,82.11863221940831,3346.280400581327,Female,0,No,No,Yes,No,DSL,Yes,No,Yes,No,No internet service,Yes,One year,No,Mailed check,0
717,8,32.07466358966801,4354.808748248207,Male,0,No,No,No,No,No,Yes,Yes,No,Yes,Yes,No internet service,Two year,No,Credit card,0
718,40,117.69655461266225,2078.5028738534693,Female,0,Yes,No,No,No,No,No,No internet service,Yes,No,Yes,No internet service,One year,Yes,Bank transfer,1
719,42,38.6931429441447,7139.3360313503845,Female,1,No,Yes,No,No phone service,DSL,No internet service,No,Yes,No internet service,Yes,No internet service,One year,Yes,Mailed check,1
720,41,64.52740247647046,2731.375829941596,Female,1,No,Yes,Yes,No phone service,DSL,No internet service,No internet service,No internet service,Yes,No internet service,Yes,Two year,No,Mailed check,0
721,6,68.8117543433735,1265.4382900010398,Female,1,Yes,No,No,Yes,No,No,No,Yes,Yes,No,No,Month-to-month,No,Bank transfer,0
722,52,101.30627972141201,862.7487809221865,Female,0,Yes,No,No,No,No,No,No internet service,Yes,No,Yes,No,Two year,No,Mailed check,0
723,26,29.922959609464677,206.04102944900814,Female,0,Yes,No,Yes,Yes,Fiber optic,Yes,No,No internet service,Yes,No internet service,No,One year,Yes,Bank transfer,0
724,64,62.864427920853174,3440.5630206782057,Female,0,No,No,No,No,No,No internet service,No internet service,No,No,No,No,One year,No,Bank transfer,0
725,59,82.85021702362039,1582.126809508855,Female,0,Yes,Yes,Yes,No phone service,Fiber optic,Yes,No,Yes,No internet service,No internet service,No,Month-to-month,No,Credit card,1
726,56,41.51556216240556,271.0184304392585,Female,0,Yes,Yes,Yes,Yes,No,Yes,Yes,Yes,No internet service,No,Yes,Month-to-month,Yes,Electronic check,0
727,59,82.74678987660728,4208.154415687238,Male,0,Yes,No,Yes,No,No,Yes,No internet service,No,No internet service,No internet service,No internet service,Two year,No,Bank transfer,0
728,70,112.36648375496527,5471.830534341016,Male,1,Yes,Yes,Yes,No,No,No,No internet service,No internet service,Yes,Yes,No,Month-to-month,Yes,Bank transfer,1
729,33,119.7518131172675,777.4333021977244,Male,0,No,Yes,Yes,No,Fiber optic,No internet service,Yes,No,No internet service,No internet service,No,One year,Yes,Credit card,1
730,53,23.245107679067573,3741.2741060653107,Male,0,Yes,Yes,Yes,Yes,Fiber optic,No,Yes,Yes,No,No,No,Month-to-month,Yes,Electronic check,1
731,22,43.558822824467754,5974.666560945899,Female,1,Yes,Yes,No,No phone service,No,No,Yes,Yes,No,Yes,No internet service,One year,No,Electronic check,1
732,21,51.03071157916975,7887.873885966558,Female,1,Yes,No,Yes,No,Fiber optic,No internet service,No,No internet service,No internet service,Yes,No,Month-to-month,No,Mailed check,1
733,70,59.91261004449661,5370.803722676231,Male,0,Yes,No,No,Yes,Fiber optic,No internet service,Yes,No internet service,No internet service,No internet service,Yes,Two year,No,Electronic check,0
734,70,44.22571575847674,2034.2324513952126,Male,0,Yes,Yes,No,No,Fiber optic,No,No,No,No,Yes,No internet service,Month-to-month,Yes,Electronic check,1
735,4,40.34879945553125,5760.773754254096,Male,0,No,No,No,Yes,Fiber optic,No,No,No internet service,No internet service,No,No internet service,One year,No,Mailed check,1
736,62,115.45538424175,4823.642471876657,Male,0,Yes,Yes,No,No phone service,DSL,No,Yes,No,No internet service,Yes,No internet service,Two year,No,Electronic check,1
737,62,111.85216027705178,1773.2143797942272,Female,0,Yes,No,Yes,No,Fiber optic,No internet service,Yes,No,No internet service,No,No internet service,Two year,Yes,Credit card,0
738,24,24.699250100311748,6823.775524195682,Male,0,No,No,No,Yes,No,No internet service,No,Yes,No,No,No,Month-to-month,Yes,Bank transfer,1
739,55,53.881302160484815,3476.494975098047,Female,1,Yes,No,Yes,No,Fiber optic,Yes,No internet service,No,No,No,No,Month-to-month,No,Credit card,1
740,9,60.51485536784066,7699.623472399595,Female,0,No,No,No,Yes,No,No internet service,No internet service,No,No internet service,Yes,Yes,Two year,Yes,Electronic check,0
741,3,43.90145346659433,5810.917958837446,Female,0,No,No,Yes,No phone service,Fiber optic,No,Yes,No internet service,No,Yes,No,Two year,No,Mailed check,1
742,31,82.88728969881754,5192.048921591395,Male,0,No,No,Yes,No phone service,No,No internet service,No internet service,No internet service,No internet service,No internet service,No internet service,One year,No,Credit card,0
743,40,84.0380746644241,5853.987416064839,Male,0,No,No,No,Yes,DSL,No internet service,No,Yes,No internet service,No,Yes,Two year,No,Credit card,0
744,36,105.05042283285971,3876.96644866395,Female,0,Yes,Yes,Yes,No phone service,No,No internet service,No internet service,Yes,No internet service,No,No,Two year,Yes,Bank transfer,0
745,24,94.08692683852178,4091.2891746332243,Male,0,Yes,No,Yes,No,Fiber optic,No,No,Yes,Yes,No internet service,No internet service,Two year,No,Mailed check,0
746,6,74.25733269659557,6824.538345013477,Male,1,No,Yes,Yes,No phone service,Fiber optic,Yes,Yes,No,Yes,No internet service,Yes,Two year,Yes,Credit card,1
747,66,85.35867700444199,5479.335439483672,Female,0,No,No,Yes,No,No,Yes,Yes,No internet service,No internet service,No,Yes,One year,No,Electronic check,1
748,4,47.39887815430181,7188.22226901397,Female,0,No,No,No,No phone service,DSL,No,No internet service,No,Yes,No,No,Two year,Yes,Bank transfer,1
749,6,79.30561899673577,7137.531353236722,Male,0,No,No,No,No phone service,Fiber optic,No,Yes,Yes,No internet service,No internet service,No internet service,One year,Yes,Credit card,1
750,51,68.92272547499192,7814.271268949568,Female,0,No,Yes,No,No,Fiber optic,Yes,Yes,No internet service,Yes,Yes,No,Two year,No,Electronic check,0
751,62,33.334446731637044,5631.69580487814,Male,0,Yes,Yes,No,No phone service,No,No,No,No,No internet service,No internet service,Yes,One year,No,Credit card,0
752,57,44.254427658297075,4068.183569527762,Male,0,No,Yes,Yes,No,No,No internet service,No,No internet service,Yes,No,No internet service,One year,Yes,Credit card,0
753,66,49.169345072158606,1413.8624316517507,Female,1,Yes,Yes,No,No,DSL,No internet service,No,No,No,No,Yes,Month-to-month,Yes,Mailed check,0
754,8,112.4309567052558,5672.506421214597,Female,0,No,Yes,No,No phone service,No,Yes,No,Yes,No,Yes,Yes,One year,No,Credit card,0
755,26,43.03866393858894,2403.4639624034526,Male,0,No,No,Yes,No phone service,Fiber optic,No internet service,Yes,No,Yes,No,No internet service,One year,Yes,Mailed check,0
756,51,48.924390281966815,2335.285787494917,Female,0,Yes,Yes,Yes,No,No,Yes,No,No,No internet service,No,No,One year,No,Electronic check,1
757,45,56.93541300894323,1982.473433939738,Male,0,No,Yes,No,Yes,DSL,No,No,Yes,Yes,No internet service,Yes,Month-to-month,No,Mailed check,1
758,44,86.3742738625387,7013.464253076457,Female,0,Yes,Yes,No,No phone service,DSL,Yes,No,Yes,Yes,Yes,No internet service,One year,No,Electronic check,0
759,5,31.823839247214053,6956.91912878905,Male,0,Yes,No,No,No phone service,Fiber optic,Yes,No internet service,No,No,No internet service,No,Month-to-month,No,Mailed check,0
760,70,115.3945212493776,5084.66651447346,Female,0,No,No,Yes,Yes,No,No internet service,No,No,No,Yes,No,One year,No,Mailed check,1
761,26,106.55712200947644,3836.5497528288133,Male,0,No,No,No,Yes,Fiber optic,Yes,Yes,No,No,No,Yes,One year,Yes,Mailed check,1
762,68,77.72160730089502,5409.704234780513,Male,1,Yes,Yes,Yes,No phone service,DSL,Yes,Yes,Yes,Yes,No internet service,No internet service,One year,Yes,Mailed check,0
763,19,87.40378674249567,4897.1126573572865,Female,0,Yes,No,Yes,No phone service,DSL,Yes,No,Yes,No,No internet service,No,One year,Yes,Bank transfer,0
764,20,21.6660471244216,3384.30056175476,Male,0,No,Yes,No,No phone service,No,No,No internet service,Yes,No,No internet service,No internet service,Two year,No,Credit card,0
765,12,53.89447753484487,3099.083853136511,Male,0,Yes,No,Yes,Yes,No,No internet service,No internet service,No internet service,No,Yes,No,Two year,No,Bank transfer,0
766,47,99.5660230661442,3124.0750343482664,Male,0,No,No,Yes,No phone service,Fiber optic,No internet service,No internet service,No internet service,No internet service,No,No internet service,Two year,Yes,Electronic check,0
767,1,27.74829737923859,4754.153884932702,Male,0,No,No,No,Yes,DSL,Yes,No internet service,Yes,No internet service,No,No internet service,One year,Yes,Electronic check,1
768,14,48.231383421072024,5216.587913354524,Male,0,No,No,Yes,Yes,Fiber optic,Yes,No,No internet service,Yes,Yes,No internet service,Two year,No,Credit card,0
769,64,78.52968283343114,3668.7598527719915,Female,0,Yes,No,Yes,No,Fiber optic,No,No,No internet service,No,No internet service,Yes,Month-to-month,Yes,Electronic check,0
770,38,45.64130276989418,7752.66245668304,Male,0,No,Yes,Yes,Yes,Fiber optic,No internet service,Yes,No,Yes,No,No,One year,Yes,Electronic check,0
771,37,113.39779741445192,762.3811722354002,Male,0,Yes,Yes,No,No,DSL,No internet service,Yes,No,Yes,No,No,Two year,Yes,Mailed check,1
772,11,33.10586308042904,2841.6715050348384,Male,0,Yes,No,Yes,Yes,No,Yes,No internet service,No,No,No internet service,Yes,Month-to-month,No,Credit card,1
773,3,99.73943579077786,3410.689996690983,Female,0,No,Yes,Yes,Yes,DSL,No,No internet service,No internet service,Yes,Yes,No,Month-to-month,Yes,Mailed check,1
774,33,70.79486919064082,233.67861337305064,Female,0,Yes,No,Yes,No,Fiber optic,No,Yes,No internet service,No,No,No,One year,No,Credit card,0
775,6,95.0330775819956,2983.1617825789785,Male,0,Yes,No,No,No,DSL,Yes,Yes,No,No,No internet service,Yes,One year,No,Mailed check,1
776,50,51.071532831144744,2262.3083456654563,Male,0,Yes,No,No,No,Fiber optic,Yes,No internet service,No,No internet service,No internet service,Yes,Month-to-month,Yes,Credit card,1
777,10,71.44896023120387,4097.686534797098,Female,0,Yes,No,No,No,Fiber optic,Yes,Yes,Yes,Yes,No internet service,Yes,Month-to-month,Yes,Electronic check,1
778,5,105.68353497231763,2757.643322747827,Female,0,Yes,No,No,No,No,Yes,No internet service,No internet service,Yes,Yes,No internet service,One year,Yes,Bank transfer,1
779,23,66.68780991231044,5836.838866077043,Male,0,No,No,No,No,Fiber optic,Yes,No,No,No,No,Yes,Month-to-month,Yes,Electronic check,0
780,10,55.971986191026964,4128.466713720423,Female,1,No,No,No,No,DSL,No,No internet service,No,No internet service,Yes,No internet service,Two year,Yes,Credit card,1
781,44,73.61553862527362,1125.1216446204885,Male,1,Yes,Yes,No,Yes,No,No,No,No,No internet service,Yes,No,Two year,Yes,Bank transfer,0
782,2,91.73627530363669,6025.484460740343,Male,0,No,Yes,Yes,Yes,No,Yes,No,No internet service,Yes,No internet service,Yes,Month-to-month,No,Bank transfer,1
783,13,64.35633454985027,883.9082790531452,Male,0,No,No,Yes,No,No,Yes,No,No,No internet service,No internet service,Yes,Month-to-month,No,Mailed check,1
784,40,113.8876975142273,6728.488427826923,Female,0,No,Yes,No,No phone service,No,No internet service,Yes,No,Yes,No internet service,Yes,One year,Yes,Credit card,0
785,2,49.49458240423421,7458.2353332811335,Male,0,Yes,No,No,No,No,No,Yes,No,Yes,Yes,Yes,Two year,Yes,Mailed check,0
786,65,67.54636061691204,2647.317792460346,Male,1,Yes,Yes,No,No phone service,DSL,No,No internet service,No,No internet service,No,No,Two year,No,Credit card,0
787,63,95.69276593414415,7416.526802777154,Female,1,No,Yes,Yes,Yes,Fiber optic,Yes,No,No,No,No internet service,No internet service,Two year,Yes,Electronic check,0
788,17,88.91210904957582,6364.764457068052,Male,0,No,No,Yes,Yes,Fiber optic,No,No internet service,Yes,Yes,No,No,Two year,Yes,Credit card,1
789,9,106.36410524171562,7387.241326929782,Male,0,No,No,Yes,No phone service,Fiber optic,No,No,No,Yes,No,No internet service,Two year,Yes,Electronic check,0
790,15,119.68091806811088,5363.534081674697,Male,0,Yes,Yes,Yes,Yes,Fiber optic,No,No,Yes,Yes,No,No,Two year,No,Bank transfer,0
791,24,62.68583287950896,1961.5879114292327,Female,0,Yes,No,No,No,No,No internet service,No internet service,No internet service,Yes,No internet service,No,One year,Yes,Bank transfer,0
792,38,31.115087978331182,7166.733571596684,Female,0,No,Yes,Yes,No phone service,Fiber optic,No,No internet service,No internet service,No internet service,No,No,Month-to-month,No,Mailed check,1
793,35,23.0415880807968,1555.6941017488755,Male,0,Yes,No,Yes,No phone service,Fiber optic,Yes,No internet service,No internet service,No internet service,Yes,Yes,Two year,No,Bank transfer,0
794,49,92.68769061397717,1783.1783530385305,Female,0,Yes,Yes,Yes,Yes,No,No,No internet service,No internet service,No internet service,Yes,Yes,One year,No,Bank transfer,1
795,69,107.40136713087156,2241.3976221088733,Male,0,Yes,Yes,No,No phone service,No,No,Yes,No internet service,No internet service,Yes,No internet service,One year,Yes,Electronic check,1
796,62,42.07125859444187,2503.5458607440187,Male,0,No,Yes,No,No phone service,No,No internet service,No,No,Yes,No internet service,No,Month-to-month,Yes,Credit card,1
797,60,35.8448037189906,4164.389172835142,Female,0,Yes,No,No,No phone service,Fiber optic,No,No,No,No,Yes,Yes,Month-to-month,Yes,Electronic check,0
798,50,26.2205091525691,5736.3131474289485,Female,0,Yes,Yes,Yes,Yes,No,No internet service,Yes,No internet service,No,No,No,Month-to-month,Yes,Bank transfer,0
799,9,102.27029217172064,7417.044577765401,Male,0,No,No,Yes,No phone service,No,No internet service,No,No,No internet service,No internet service,No,Month-to-month,No,Credit card,0
800,34,51.13819398925843,798.6569399504693,Female,0,No,No,Yes,No phone service,DSL,No internet service,Yes,Yes,Yes,No internet service,No internet service,Month-to-month,Yes,Bank transfer,0
801,35,60.169689275977646,7639.517961603064,Female,0,No,No,No,No,DSL,No,No,Yes,No internet service,No,No internet service,One year,Yes,Bank transfer,1
802,1,70.27501916096122,7378.451440064826,Female,1,Yes,No,No,No,Fiber optic,Yes,Yes,No,No,Yes,No,Month-to-month,Yes,Electronic check,1
803,40,103.94532342095508,526.5944082302076,Male,0,Yes,No,Yes,No phone service,No,Yes,Yes,No internet service,No internet service,No,No,One year,Yes,Credit card,0
804,64,85.0833221561485,2946.536987763345,Male,1,Yes,Yes,Yes,Yes,Fiber optic,No,No,No internet service,Yes,No,No,Two year,No,Electronic check,1
805,22,81.50646298578113,6523.832783364758,Female,0,Yes,No,No,No phone service,DSL,No internet service,No,Yes,Yes,No internet service,No internet service,Two year,No,Mailed check,0
806,60,37.56720999559107,4931.454709287269,Male,0,Yes,No,Yes,Yes,DSL,Yes,No,No,Yes,Yes,No internet service,Month-to-month,No,Mailed check,0
807,64,71.31898917098297,6254.842152715986,Male,0,Yes,Yes,Yes,No,No,No,No internet service,Yes,No internet service,Yes,Yes,Two year,No,Mailed check,0
808,11,91.53810171786552,5780.363376440111,Female,0,No,Yes,Yes,No,Fiber optic,Yes,No,No,No,Yes,No internet service,One year,No,Mailed check,1
809,14,117.32608830304918,4024.483893704592,Male,0,Yes,No,No,No phone service,DSL,No,No,No internet service,Yes,No,No,Two year,No,Electronic check,1
810,60,40.14063092133522,425.6225630184263,Female,0,Yes,No,No,Yes,No,No internet service,No,Yes,No,No internet service,No,Two year,Yes,Mailed check,0
811,30,20.954335306722665,4715.7187963095585,Male,0,No,No,No,Yes,Fiber optic,Yes,No internet service,No,No,No internet service,No internet service,Two year,Yes,Electronic check,0
812,35,27.530143359846974,483.6765591684382,Male,0,No,Yes,No,Yes,No,No,No,No internet service,No internet service,No internet service,Yes,Two year,No,Credit card,0
813,37,57.58524651819792,4869.441068527533,Female,0,Yes,No,No,No phone service,No,No,Yes,No,No internet service,Yes,No internet service,One year,No,Credit card,0
814,5,102.05446477459871,6423.245813700058,Male,0,Yes,No,No,Yes,DSL,Yes,Yes,No internet service,No,Yes,No internet service,Two year,No,Electronic check,1
815,26,20.714208176824506,4721.434814745157,Female,0,No,Yes,No,No,Fiber optic,No,No internet service,No,Yes,No internet service,No,Month-to-month,Yes,Credit card,0
816,62,65.67305928858403,7976.472256037407,Male,0,Yes,Yes,No,Yes,DSL,Yes,No internet service,Yes,Yes,No,No,One year,No,Mailed check,0
817,4,52.92306153413945,3701.345351425421,Male,0,No,Yes,No,Yes,Fiber optic,No,No internet service,No,No internet service,No internet service,Yes,Month-to-month,No,Electronic check,1
818,42,25.248171009972758,6015.736962471501,Male,1,No,No,Yes,No phone service,Fiber optic,Yes,No internet service,Yes,Yes,No,No,One year,Yes,Bank transfer,1
819,18,65.02362866726173,5370.985004761069,Female,0,Yes,No,Yes,No phone service,No,No internet service,No internet service,Yes,No,No internet service,Yes,Two year,No,Credit card,1
820,40,45.474870733671885,7932.310363308895,Male,0,No,No,Yes,No phone service,No,Yes,No,Yes,Yes,No,No internet service,One year,Yes,Mailed check,0
821,39,55.18848343470064,5734.430140109131,Male,0,Yes,Yes,Yes,No phone service,Fiber optic,No,Yes,No internet service,No internet service,No internet service,Yes,Month-to-month,No,Mailed check,1
822,14,90.5615304784293,1395.8427785291763,Female,1,No,Yes,No,No phone service,No,No internet service,Yes,Yes,No,Yes,No internet service,Month-to-month,Yes,Bank transfer,1
823,32,72.15509839109671,7648.589880696203,Female,0,No,No,Yes,Yes,DSL,No internet service,No,Yes,No,Yes,No internet service,One year,Yes,Mailed check,0
824,51,32.46474289928133,5375.440088921514,Male,0,No,Yes,Yes,Yes,Fiber optic,Yes,No internet service,Yes,Yes,Yes,No,Month-to-month,Yes,Electronic check,1
825,38,116.1414540423639,568.7720233704802,Female,0,Yes,Yes,Yes,No phone service,DSL,Yes,No,No internet service,Yes,Yes,No internet service,Month-to-month,Yes,Credit card,1
826,23,83.59107657097384,5294.789615698438,Female,1,Yes,Yes,No,No phone service,No,Yes,No internet service,No,No,No internet service,No internet service,One year,No,Electronic check,0
827,63,96.58684256625315,7076.643312730723,Female,0,Yes,Yes,Yes,Yes,Fiber optic,No internet service,Yes,No internet service,No internet service,Yes,Yes,Two year,No,Electronic check,0
828,15,27.921315000837083,4658.6307097211975,Female,1,Yes,No,Yes,No phone service,No,No internet service,Yes,No internet service,No internet service,No,No,Two year,Yes,Credit card,1
829,25,24.70583794600189,2896.7551404528886,Male,0,Yes,No,Yes,No,DSL,Yes,No internet service,No,Yes,No,No,Two year,No,Mailed check,0
830,17,21.944805036808116,6585.186109157867,Female,0,Yes,Yes,No,Yes,Fiber optic,No,No,No,No internet service,Yes,No,Month-to-month,Yes,Bank transfer,1
831,66,38.879402777344445,6281.844864826053,Male,0,No,Yes,Yes,No,No,No internet service,No internet service,Yes,No,Yes,No internet service,Month-to-month,No,Bank transfer,0
832,53,61.44083977184951,4399.0390184272765,Male,0,No,Yes,No,Yes,DSL,Yes,No internet service,Yes,No internet service,Yes,No internet service,Two year,No,Mailed check,0
833,51,113.58261334028228,1319.4579821776126,Male,1,Yes,Yes,No,Yes,DSL,No,Yes,No,No,No internet service,Yes,One year,Yes,Electronic check,1
834,39,65.70596592657763,2082.793235633133,Female,0,Yes,Yes,Yes,Yes,No,Yes,No internet service,No,Yes,No,No,Two year,No,Credit card,0
835,51,49.02551053725294,5934.023380270235,Female,0,Yes,No,No,Yes,Fiber optic,No internet service,No,No internet service,No internet service,No,No,One year,No,Credit card,0
836,70,76.19352535196634,6468.049106619927,Male,0,No,Yes,No,Yes,No,No internet service,No internet service,No internet service,No,No,No internet service,Month-to-month,Yes,Electronic check,1
837,6,31.193457813478922,2306.195696523819,Male,0,Yes,No,Yes,Yes,Fiber optic,Yes,Yes,No internet service,Yes,No internet service,Yes,Month-to-month,No,Mailed check,1
838,67,80.95058910049832,3007.0821097756143,Female,0,Yes,No,No,Yes,DSL,No,No,No,No,No internet service,No internet service,Two year,Yes,Mailed check,1
839,7,76.84319543305034,713.2918934733816,Female,0,Yes,Yes,Yes,No phone service,DSL,No internet service,No,Yes,No internet service,No,No,One year,Yes,Electronic check,0
840,51,99.19930334057096,5736.349392095348,Male,0,No,No,Yes,No phone service,DSL,Yes,Yes,No internet service,No,No,No internet service,One year,No,Mailed check,0
841,42,118.6687611617024,128.26260234024764,Female,0,No,Yes,Yes,No phone service,No,Yes,Yes,No internet service,Yes,No,Yes,Two year,No,Bank transfer,1
842,64,45.08734717161105,467.6780176306378,Female,0,No,Yes,No,No,No,No,No internet service,No,Yes,Yes,Yes,One year,Yes,Bank transfer,0
843,15,70.96564508037606,134.3181354943103,Male,0,No,Yes,Yes,Yes,No,No,Yes,No internet service,No internet service,No internet service,No internet service,Month-to-month,Yes,Credit card,1
844,29,110.88654063190036,5198.024708367172,Female,0,Yes,No,Yes,No phone service,DSL,No internet service,Yes,No,Yes,No,No,One year,No,Mailed check,0
845,33,98.51898844228413,3397.3583088343175,Female,0,Yes,No,Yes,No phone service,Fiber optic,No,Yes,Yes,No internet service,Yes,No internet service,Month-to-month,Yes,Electronic check,1
846,27,68.74063031008076,2450.619414612309,Male,1,Yes,No,No,No phone service,No,No,Yes,No internet service,Yes,No,No internet service,Two year,Yes,Bank transfer,0
847,36,114.53716496147779,7310.3379818211715,Female,0,No,Yes,Yes,Yes,No,No internet service,No,No internet service,No internet service,No,Yes,One year,No,Credit card,0
848,29,25.72366935168094,1623.1420779451926,Male,1,Yes,No,No,Yes,No,Yes,No,No internet service,Yes,No internet service,No internet service,Two year,Yes,Mailed check,0
849,38,113.0998619712584,3176.0072820130645,Female,0,No,No,No,No,DSL,No internet service,No,No,No internet service,No,Yes,Two year,Yes,Electronic check,1
850,57,25.050739238280656,7528.463227329238,Male,0,Yes,No,Yes,No,Fiber optic,No internet service,Yes,No,No,No internet service,Yes,One year,No,Mailed check,0
851,27,74.73047441146844,3474.141846412635,Female,0,Yes,Yes,No,Yes,Fiber optic,No,No internet service,Yes,No,No internet service,No internet service,One year,Yes,Credit card,0
852,55,109.04409480010858,4482.080116611756,Male,0,Yes,No,Yes,No,Fiber optic,No,No internet service,No,No internet service,No,Yes,One year,No,Mailed check,1
853,33,46.27209435613028,734.6612458989518,Female,0,Yes,Yes,No,No phone service,No,Yes,No internet service,No internet service,Yes,Yes,No internet service,Month-to-month,Yes,Mailed check,1
854,68,67.22484989451586,6342.314456458352,Female,0,No,No,Yes,No,No,No,No internet service,No internet service,Yes,No,No,Two year,Yes,Credit card,0
855,66,52.43288791369666,3439.7943389970815,Female,0,No,No,Yes,No phone service,Fiber optic,Yes,No,No,No internet service,No,No,Month-to-month,No,Mailed check,1
856,10,115.21439170763514,6424.069484328019,Male,0,No,No,No,No,DSL,Yes,No internet service,Yes,Yes,No,Yes,Two year,Yes,Mailed check,1
857,5,102.36455947530908,2105.001376192338,Female,0,Yes,Yes,Yes,No phone service,Fiber optic,Yes,No,No,No internet service,Yes,No,Two year,No,Electronic check,1
858,38,90.90015113263796,3437.5821294351394,Male,0,No,Yes,Yes,No,No,No internet service,No internet service,No,No,No internet service,No,Month-to-month,Yes,Bank transfer,0
859,13,78.76269866151087,6313.736597283581,Female,0,Yes,No,No,No,Fiber optic,No,No internet service,No internet service,No internet service,Yes,No internet service,Two year,Yes,Electronic check,0
860,31,102.05917893241481,7793.634359644754,Female,0,Yes,No,No,Yes,Fiber optic,No,No,No internet service,Yes,Yes,No internet service,Month-to-month,No,Credit card,1
861,47,59.226704152354706,571.041642659424,Female,0,Yes,Yes,No,Yes,Fiber optic,Yes,No,No internet service,Yes,No,No,One year,No,Bank transfer,0
862,52,64.7551855106062,6518.403801609344,Female,1,Yes,Yes,No,No phone service,DSL,No,No internet service,No,No internet service,No,No,Two year,No,Mailed check,0
863,56,93.00017210808615,2475.443634254171,Female,1,Yes,No,No,Yes,No,Yes,Yes,No,No internet service,Yes,No internet service,Month-to-month,No,Mailed check,1
864,15,55.77547632937142,4450.87191903947,Female,0,No,No,Yes,No phone service,No,No,No internet service,Yes,No internet service,No internet service,No internet service,One year,No,Credit card,0
865,29,26.390094204837382,2391.7288931109083,Male,0,No,Yes,Yes,Yes,Fiber optic,No internet service,No internet service,No internet service,No internet service,No internet service,No,Two year,No,Electronic check,1
866,8,27.433460888607147,4946.219233287123,Male,0,Yes,No,Yes,Yes,No,No,No internet service,Yes,No,No,Yes,Two year,No,Electronic check,1
867,5,31.536280130570386,2895.0423620874067,Female,0,Yes,Yes,No,No phone service,DSL,Yes,No,No internet service,Yes,No internet service,No internet service,Two year,Yes,Bank transfer,1
868,29,106.96813233436627,2735.557638723684,Female,0,No,No,No,No,Fiber optic,No internet service,No internet service,Yes,Yes,No internet service,No internet service,Two year,Yes,Mailed check,1
869,47,67.22264257562043,399.7126721938906,Female,1,Yes,No,Yes,No phone service,DSL,No,Yes,No internet service,No internet service,No internet service,No,One year,No,Electronic check,0
870,68,91.28823693447364,1260.9872066401113,Female,0,No,No,No,No phone service,Fiber optic,No internet service,No internet service,No,No internet service,Yes,No,Two year,Yes,Mailed check,0
871,45,59.29093356048933,7344.917771037282,Female,0,Yes,No,Yes,No phone service,Fiber optic,Yes,Yes,No internet service,No internet service,Yes,Yes,Two year,No,Mailed check,1
872,2,45.871094741563454,7986.391688098646,Male,0,No,Yes,Yes,Yes,Fiber optic,Yes,Yes,Yes,No,No,No internet service,One year,No,Mailed check,1
873,27,54.71921675622119,6266.112549369891,Female,0,Yes,No,No,Yes,DSL,No,Yes,Yes,No,No internet service,No,One year,Yes,Bank transfer,0
874,36,99.41823453171835,2365.8197357105455,Female,0,No,No,No,Yes,No,Yes,No internet service,No internet service,No internet service,No,No,Two year,Yes,Credit card,1
875,36,82.52161250314381,3279.316593704381,Male,0,Yes,No,No,No phone service,No,No,No,No,Yes,Yes,Yes,One year,Yes,Mailed check,1
876,26,113.7639779957902,5942.077293758053,Male,0,Yes,No,No,No,No,Yes,No,No internet service,No,No,Yes,One year,No,Credit card,0
877,43,87.97047785768339,7751.257099377265,Male,0,Yes,No,No,No,No,Yes,No internet service,No,Yes,Yes,No internet service,Month-to-month,No,Credit card,1
878,27,77.0181631754694,3698.2222487620043,Female,1,Yes,No,No,No phone service,DSL,Yes,No internet service,No internet service,No,Yes,No,One year,No,Bank transfer,0
879,69,81.01960089858345,6653.22708077816,Female,1,Yes,Yes,Yes,No phone service,No,No,Yes,No,No internet service,No,No,Month-to-month,Yes,Electronic check,1
880,20,114.23714394684146,7803.044488529864,Female,0,No,No,No,No,No,No,No internet service,No internet service,No internet service,No internet service,No internet service,Month-to-month,No,Credit card,0
881,11,98.8200929866706,7000.438051342434,Female,0,Yes,Yes,Yes,Yes,Fiber optic,No,No,No internet service,Yes,No,Yes,Month-to-month,No,Credit card,1
882,38,22.404123736643783,1894.4829994934828,Female,0,Yes,Yes,Yes,No phone service,DSL,No,No internet service,No,No internet service,No internet service,No internet service,Month-to-month,No,Credit card,1
883,6,73.41396961356972,163.45172461742118,Male,0,Yes,Yes,Yes,No,Fiber optic,Yes,No internet service,No,Yes,No,No internet service,Month-to-month,No,Electronic check,0
884,23,88.83384115465648,3987.4454725684795,Female,1,Yes,Yes,No,No,No,No internet service,No internet service,No internet service,No internet service,No,No internet service,One year,No,Mailed check,0
885,47,94.86984784391551,4297.750570392608,Female,0,No,No,Yes,No,Fiber optic,No,Yes,Yes,No internet service,No,Yes,One year,No,Mailed check,1
886,46,41.31421193139367,1689.8778799542401,Female,0,No,No,No,Yes,No,Yes,No internet service,No,Yes,Yes,Yes,One year,No,Bank transfer,0
887,12,106.71773544513522,2348.9276963798593,Male,0,No,No,No,No,Fiber optic,Yes,No internet service,Yes,No internet service,No,No,Two year,Yes,Mailed check,1
888,13,115.58431471751638,6144.70997070352,Female,0,Yes,Yes,No,No,DSL,No,No internet service,Yes,No,Yes,No,One year,Yes,Mailed check,1
889,62,43.67153058448697,3815.7433438337566,Female,1,Yes,No,No,No,Fiber optic,No,No,Yes,No internet service,Yes,No internet service,Month-to-month,No,Mailed check,1
890,60,108.26154575172458,2607.097260442027,Female,0,Yes,Yes,No,No phone service,Fiber optic,Yes,Yes,Yes,Yes,Yes,No,Two year,No,Bank transfer,0
891,43,29.69787625160954,5018.745616159164,Female,0,Yes,Yes,Yes,No phone service,Fiber optic,No,Yes,No internet service,No internet service,No,Yes,Two year,Yes,Bank transfer,1
892,68,25.57068361152452,5256.802072211391,Male,0,Yes,No,No,No phone service,Fiber optic,No,No,No,No,No,No,One year,Yes,Mailed check,0
893,5,32.922380010274935,6178.226637042338,Male,0,No,Yes,Yes,No,No,No internet service,Yes,No internet service,No internet service,No,No,Two year,No,Mailed check,0
894,37,25.7741079467036,1338.0034365270612,Male,0,No,Yes,No,No,Fiber optic,No internet service,No,No internet service,No internet service,No,Yes,One year,Yes,Credit card,0
895,31,104.5012237155776,5957.986293383223,Female,1,No,Yes,No,Yes,DSL,No,Yes,No internet service,No,Yes,No,One year,Yes,Electronic check,0
896,9,25.905014445827195,4835.484297672307,Male,0,Yes,Yes,No,No,Fiber optic,No internet service,Yes,No internet service,No internet service,No internet service,Yes,Month-to-month,No,Bank transfer,1
897,51,47.16641913636555,554.8177358920973,Male,1,No,No,Yes,Yes,DSL,No internet service,Yes,No internet service,No internet service,No internet service,No,Two year,No,Electronic check,1
898,29,30.37563435358564,6241.820463201948,Female,1,No,Yes,Yes,No,Fiber optic,No,No internet service,No,Yes,Yes,No,Two year,No,Mailed check,0
899,40,49.542203631376495,3126.334222532162,Female,0,Yes,Yes,Yes,Yes,No,Yes,Yes,No internet service,Yes,Yes,No internet service,Two year,No,Mailed check,1
900,41,29.05594676009205,2710.009381204137,Male,0,No,Yes,Yes,No phone service,DSL,Yes,No internet service,No internet service,Yes,No internet service,No,One year,No,Mailed check,0
901,11,86.8003250743014,3639.7936974949116,Male,1,Yes,No,No,No,DSL,Yes,No internet service,No internet service,Yes,No internet service,No internet service,Two year,No,Mailed check,1
902,23,33.33268163425751,2834.7831107184197,Male,0,Yes,No,No,Yes,Fiber optic,Yes,No internet service,Yes,No,No internet service,No,Month-to-month,No,Bank transfer,0
903,1,105.18459258388879,2772.4561784582816,Male,0,Yes,Yes,Yes,No phone service,No,No internet service,No,No internet service,Yes,No internet service,No internet service,Two year,No,Mailed check,0
904,46,101.7191050726641,6483.813574834941,Female,0,Yes,No,Yes,No phone service,No,No internet service,Yes,No,Yes,No internet service,No,Two year,Yes,Electronic check,0
905,21,21.36616854706094,1083.5915094889688,Female,0,Yes,No,Yes,No,DSL,No,Yes,No,No internet service,No,Yes,Month-to-month,Yes,Credit card,1
906,36,109.57263555151145,7767.740536073923,Male,0,No,No,Yes,Yes,Fiber optic,No,Yes,No,No,No internet service,No,One year,No,Credit card,0
907,54,22.894431674336705,4483.959990557312,Male,0,Yes,No,No,Yes,No,Yes,No internet service,Yes,No,No,Yes,One year,No,Electronic check,0
908,57,43.96457849575566,1545.099587528372,Male,0,Yes,Yes,No,Yes,No,Yes,Yes,No,Yes,No,Yes,Two year,Yes,Electronic check,0
909,1,23.238913777599507,1136.6023151603233,Female,0,No,Yes,No,No phone service,No,No,No internet service,Yes,No internet service,Yes,No internet service,Month-to-month,No,Credit card,1
910,63,53.584348703931596,4772.925303866363,Female,0,Yes,No,Yes,Yes,Fiber optic,No,No internet service,No,No,Yes,Yes,Month-to-month,Yes,Bank transfer,1
911,54,71.38665257132716,5100.695606390731,Female,0,Yes,No,Yes,No phone service,Fiber optic,Yes,No internet service,Yes,No,No internet service,Yes,Month-to-month,No,Electronic check,0
912,55,99.66448690151381,518.903591135505,Male,0,No,No,No,Yes,DSL,No internet service,No internet service,No,Yes,Yes,No internet service,One year,Yes,Bank transfer,1
913,40,53.79815504698362,2019.715121617408,Female,0,No,No,Yes,No phone service,Fiber optic,No internet service,Yes,No internet service,Yes,No internet service,No,One year,No,Credit card,0
914,15,90.54900246731167,6384.149177649591,Male,0,Yes,No,Yes,No,No,No internet service,No internet service,No,Yes,Yes,No,One year,No,Bank transfer,1
915,21,38.75044571189804,492.0345591738514,Male,0,No,No,Yes,No phone service,DSL,No internet service,No,No,No internet service,Yes,Yes,Month-to-month,Yes,Credit card,0
916,47,95.05984567441264,6855.200444857685,Female,0,Yes,No,No,Yes,Fiber optic,No internet service,No,No,Yes,No internet service,No internet service,One year,No,Mailed check,0
917,53,43.599660590923754,5299.483564558035,Male,0,No,Yes,Yes,No phone service,No,No,No,No internet service,No,Yes,No,Two year,Yes,Bank transfer,0
918,9,34.354475594376794,3531.9437489693178,Female,1,No,Yes,No,Yes,No,No,No internet service,Yes,No,No internet service,No internet service,One year,Yes,Bank transfer,0
919,52,38.54088503740543,2836.8195068702353,Female,0,Yes,No,Yes,No,DSL,Yes,Yes,Yes,Yes,Yes,No internet service,Two year,Yes,Bank transfer,0
920,57,38.206312888185536,252.0668144062623,Male,0,Yes,No,Yes,No phone service,DSL,No,Yes,No internet service,No,No internet service,Yes,One year,Yes,Mailed check,0
921,26,71.28628793769911,6619.19807143956,Male,0,Yes,Yes,No,No,Fiber optic,No,No internet service,No internet service,No internet service,No,No internet service,Two year,Yes,Mailed check,0
922,41,104.4797581188146,1227.502646351451,Female,1,No,Yes,No,No phone service,Fiber optic,No,No internet service,Yes,Yes,No internet service,Yes,Month-to-month,Yes,Mailed check,1
923,35,27.960507699250563,2545.381735710496,Female,0,No,No,No,No phone service,DSL,No,No internet service,Yes,No,Yes,No internet service,One year,No,Electronic check,1
924,63,90.69563184934226,4595.94514486615,Female,0,No,Yes,No,No,DSL,Yes,No,Yes,No,No,Yes,Two year,Yes,Credit card,1
925,25,85.43464596528577,2043.3415405629084,Female,0,Yes,Yes,Yes,No,No,No,No internet service,Yes,Yes,No,No,Month-to-month,Yes,Electronic check,1
926,38,107.25199518293624,4027.4096636423906,Female,0,No,No,Yes,No phone service,Fiber optic,No,No internet service,Yes,No,No internet service,No internet service,Two year,Yes,Bank transfer,1
927,2,44.41475605069073,6493.808347035749,Female,0,Yes,Yes,No,No phone service,No,Yes,Yes,No internet service,No,No internet service,Yes,One year,No,Credit card,1
928,7,65.01098586850296,3817.249684843171,Female,0,Yes,No,No,No phone service,DSL,No,Yes,Yes,Yes,No,No,One year,No,Electronic check,0
929,34,112.58273744435174,7596.921018544808,Male,1,No,Yes,Yes,No,DSL,Yes,No,Yes,No internet service,No internet service,Yes,One year,Yes,Mailed check,1
930,17,85.99934501353172,6795.254900973099,Female,0,No,No,Yes,Yes,DSL,No internet service,No,No,No,No internet service,Yes,Month-to-month,Yes,Electronic check,0
931,43,58.87684128615969,2731.009959370814,Male,1,No,Yes,Yes,No,Fiber optic,No internet service,No,No internet service,No internet service,No internet service,Yes,One year,No,Mailed check,1
932,59,33.141238285526846,3259.7007842131084,Male,0,No,Yes,No,No phone service,DSL,No,No,No internet service,No internet service,Yes,Yes,Month-to-month,No,Electronic check,1
933,51,46.248500790059104,3444.2811434779646,Female,0,No,No,No,No phone service,DSL,No,No internet service,Yes,No internet service,Yes,Yes,Month-to-month,No,Mailed check,0
934,54,78.12154774893833,5046.817678103666,Female,1,Yes,Yes,Yes,No,Fiber optic,No,No internet service,No,No internet service,No,No internet service,One year,Yes,Electronic check,1
935,24,91.81679475605137,2365.6862605894644,Female,0,No,Yes,No,No phone service,DSL,No,No,No,No internet service,No,No,One year,Yes,Bank transfer,0
936,25,32.44218868518935,7757.068196697818,Female,0,Yes,No,Yes,No phone service,Fiber optic,No internet service,No,Yes,No,No,No,One year,Yes,Credit card,1
937,71,79.9597260044054,4908.605342767657,Female,0,No,Yes,No,No phone service,DSL,No internet service,Yes,No,No,No internet service,No,One year,No,Electronic check,1
938,52,75.0351278838751,3255.2731040549547,Male,1,No,Yes,No,No phone service,Fiber optic,No,Yes,Yes,No internet service,No internet service,No internet service,Two year,Yes,Electronic check,1
939,70,71.3955446690708,5195.577542383382,Male,0,Yes,No,Yes,No phone service,Fiber optic,Yes,Yes,No internet service,Yes,No internet service,Yes,Two year,No,Credit card,1
940,33,89.01231176820079,3223.6995831846907,Female,0,No,No,Yes,Yes,Fiber optic,Yes,No,No,No internet service,No,No internet service,Two year,No,Bank transfer,0
941,49,103.74495950834618,6560.585879737409,Female,0,No,No,No,No,Fiber optic,No internet service,Yes,Yes,Yes,No,Yes,Month-to-month,No,Bank transfer,0
942,29,52.298968317686835,4585.943588358598,Female,1,Yes,No,Yes,No,No,Yes,No,Yes,No,Yes,No internet service,Month-to-month,Yes,Mailed check,1
943,63,108.90121901109595,431.56697690792936,Female,1,Yes,No,No,No,Fiber optic,No,No internet service,Yes,Yes,No internet service,No,Two year,No,Bank transfer,1
944,22,36.063361261855064,1496.3792526453399,Male,0,No,No,Yes,Yes,Fiber optic,No,No,No internet service,No,No internet service,No internet service,One year,Yes,Credit card,0
945,26,37.302386975116434,6933.452386933323,Male,0,No,No,Yes,Yes,Fiber optic,No,No internet service,No,Yes,Yes,Yes,Month-to-month,Yes,Electronic check,1
946,28,46.67720636239239,4546.908628218641,Male,1,No,No,No,No,Fiber optic,No,No internet service,No internet service,No internet service,No,No,Month-to-month,No,Credit card,1
947,49,31.953086954707782,7607.71346445985,Female,0,Yes,Yes,Yes,No,DSL,No,No,No internet service,No,No,No,Month-to-month,No,Mailed check,1
948,71,43.03192246828776,672.1362715994098,Female,0,No,Yes,No,No,DSL,Yes,Yes,No,Yes,No,Yes,Month-to-month,No,Electronic check,0
949,49,30.64117629028446,2432.558977679194,Female,0,No,No,No,No phone service,Fiber optic,Yes,No,No internet service,No internet service,No internet service,Yes,Two year,Yes,Mailed check,0
950,20,102.17524169853904,1628.9926485926235,Male,0,No,Yes,No,Yes,Fiber optic,No internet service,Yes,Yes,Yes,Yes,No internet service,Two year,No,Mailed check,1
951,63,33.89689918866246,4475.338308607016,Male,0,Yes,No,No,Yes,No,No internet service,No internet service,No,Yes,Yes,Yes,Month-to-month,No,Bank transfer,1
952,61,94.72975575598568,3124.063365531284,Male,0,No,Yes,Yes,No phone service,Fiber optic,Yes,No internet service,No internet service,Yes,No,Yes,One year,No,Electronic check,1
953,49,24.791386791333373,1342.4609192035064,Female,0,Yes,Yes,No,Yes,Fiber optic,Yes,No internet service,No,No,No internet service,Yes,Two year,Yes,Mailed check,1
954,71,114.85203275139152,5177.74012028042,Male,1,Yes,No,No,No,Fiber optic,No internet service,No internet service,No internet service,No,Yes,No,Month-to-month,Yes,Mailed check,1
955,1,91.11600875277662,4336.757089797773,Female,0,Yes,Yes,No,Yes,DSL,No,No,Yes,No internet service,No internet service,Yes,Two year,Yes,Mailed check,1
956,13,20.67965485861118,2270.416385240778,Male,0,Yes,Yes,Yes,No phone service,Fiber optic,No internet service,No internet service,No internet service,Yes,No,No,Month-to-month,No,Credit card,1
957,51,96.3856500200214,3890.1937264807843,Female,1,Yes,Yes,No,No,Fiber optic,No internet service,Yes,No,Yes,No,No,One year,No,Mailed check,1
958,56,71.40819207661853,5991.332688825397,Female,0,No,No,No,Yes,No,Yes,Yes,No internet service,No,Yes,No,Month-to-month,Yes,Bank transfer,1
959,62,97.93651703351198,1721.6462289502024,Female,0,Yes,Yes,Yes,No,DSL,No internet service,No internet service,Yes,No,No,Yes,Month-to-month,No,Bank transfer,1
960,32,72.24968088905885,2413.95539894366,Female,0,No,Yes,No,Yes,No,No internet service,No,Yes,Yes,Yes,Yes,Month-to-month,Yes,Electronic check,1
961,30,84.10248576353547,2834.2767980435096,Male,0,No,No,No,No,Fiber optic,Yes,No internet service,Yes,Yes,No,No,One year,No,Mailed check,0
962,29,98.63316553950405,5999.138853888149,Male,0,Yes,Yes,Yes,No phone service,No,No,No internet service,No internet service,Yes,Yes,No internet service,Month-to-month,No,Electronic check,1
963,49,60.51080545878567,6790.688536452165,Male,0,Yes,Yes,No,No phone service,Fiber optic,No,Yes,No,No,No,No internet service,Month-to-month,Yes,Electronic check,1
964,45,20.27081498204521,3073.469121888726,Female,0,Yes,Yes,No,Yes,Fiber optic,No,No,No internet service,Yes,No,No internet service,Two year,Yes,Bank transfer,0
965,30,104.99464959451885,2443.304808487954,Male,0,Yes,Yes,Yes,Yes,DSL,Yes,No,No internet service,Yes,No internet service,Yes,Month-to-month,Yes,Mailed check,1
966,16,58.08903626246626,7126.62939097825,Female,0,No,No,Yes,No,No,No internet service,Yes,No internet service,No,No internet service,No,Two year,Yes,Bank transfer,1
967,40,69.60427260165831,7994.982964322162,Male,0,No,No,Yes,No phone service,Fiber optic,No,Yes,No,No,No,Yes,Month-to-month,No,Credit card,1
968,19,20.77666421539687,5395.793753328213,Male,0,Yes,No,No,No,No,No internet service,Yes,Yes,No,Yes,No,One year,No,Mailed check,0
969,18,69.2092010350098,7920.8468584145285,Female,0,Yes,Yes,No,No phone service,DSL,Yes,No,Yes,No,No,No internet service,One year,Yes,Mailed check,0
970,1,118.64874015717295,5313.733594635089,Female,0,No,No,Yes,No,Fiber optic,No,Yes,Yes,Yes,No internet service,Yes,One year,Yes,Electronic check,1
971,47,47.82676608187697,5894.336148861817,Female,0,No,Yes,No,No,DSL,No,Yes,No,No,Yes,No internet service,Month-to-month,No,Electronic check,0
972,66,59.541827024237804,3170.382412193758,Male,0,Yes,Yes,Yes,No,No,No internet service,Yes,No internet service,No,No,No,One year,Yes,Bank transfer,1
973,38,88.71899964686766,3520.4436212925225,Female,0,No,No,No,Yes,No,No,No internet service,No internet service,Yes,No,No internet service,One year,No,Credit card,1
974,51,101.47936675236586,1238.6717455162216,Male,0,No,No,Yes,No phone service,No,Yes,No,No internet service,No internet service,No internet service,No,Month-to-month,No,Bank transfer,1
975,63,61.73916240061003,6599.725116644473,Male,0,No,No,Yes,Yes,Fiber optic,No internet service,No,No,Yes,Yes,Yes,Two year,Yes,Credit card,1
976,4,50.96688704012925,7455.366344008881,Male,0,Yes,Yes,Yes,Yes,Fiber optic,No internet service,No internet service,No internet service,Yes,Yes,Yes,Month-to-month,Yes,Mailed check,1
977,1,113.7825799985067,5025.161256183485,Female,0,Yes,Yes,No,No,Fiber optic,No,No,No,Yes,Yes,No internet service,Month-to-month,Yes,Electronic check,1
978,8,87.71449666716693,2814.813736718648,Male,0,No,Yes,Yes,No phone service,DSL,No,Yes,Yes,Yes,No,Yes,Two year,No,Electronic check,1
979,29,31.902130449314107,1316.7289704574935,Female,0,Yes,Yes,Yes,Yes,No,No,No internet service,Yes,Yes,No internet service,No,One year,No,Mailed check,0
980,55,26.892787813464864,2194.734214671988,Female,1,No,No,No,No,No,No,Yes,No,Yes,No,No,Month-to-month,No,Credit card,0
981,3,68.35498507903691,2117.742324729562,Male,0,No,No,Yes,No phone service,No,No internet service,Yes,Yes,Yes,No internet service,No internet service,Two year,No,Bank transfer,1
982,32,42.00900660472725,4946.870284892228,Male,0,Yes,Yes,No,No phone service,DSL,No internet service,Yes,No,No internet service,No internet service,No,Two year,Yes,Mailed check,1
983,10,45.39847533762535,7565.795976372475,Male,1,Yes,Yes,Yes,Yes,Fiber optic,No,Yes,No internet service,Yes,Yes,Yes,One year,Yes,Electronic check,1
984,34,107.76921788278483,481.3479069680535,Male,0,No,No,Yes,No,DSL,No internet service,No,Yes,Yes,No,No internet service,Month-to-month,No,Credit card,1
985,55,28.95660243163107,108.07616679613916,Female,1,Yes,No,Yes,Yes,No,Yes,No internet service,Yes,Yes,Yes,No internet service,Two year,No,Bank transfer,1
986,32,91.53641152288897,4841.437360083172,Female,0,Yes,Yes,Yes,No phone service,No,No internet service,No internet service,No internet service,Yes,No internet service,Yes,Month-to-month,Yes,Mailed check,1
987,50,47.1142253380588,2344.0776504297505,Female,0,Yes,No,Yes,Yes,DSL,Yes,Yes,No internet service,Yes,No internet service,Yes,Month-to-month,Yes,Electronic check,1
988,7,96.03282214041377,7056.33190447776,Female,0,Yes,Yes,Yes,No,Fiber optic,Yes,No internet service,No,No internet service,Yes,Yes,One year,No,Credit card,1
989,8,92.24113844635446,2685.277432455954,Female,0,No,Yes,Yes,No phone service,Fiber optic,Yes,No internet service,Yes,No,Yes,No internet service,Month-to-month,No,Bank transfer,1
990,65,20.7391901444293,2388.9270441782255,Female,0,No,Yes,No,No,No,No,Yes,No internet service,No,No internet service,No internet service,One year,Yes,Mailed check,1
991,57,70.91354129215992,2229.1339076245486,Female,0,Yes,Yes,Yes,No,DSL,No internet service,Yes,Yes,Yes,No,No,Two year,Yes,Bank transfer,0
992,67,33.93194823780463,1244.3373354191285,Female,1,No,No,No,No phone service,Fiber optic,Yes,No,Yes,No internet service,Yes,No internet service,One year,Yes,Mailed check,0
993,59,106.62270305786768,4694.090746789174,Female,0,Yes,No,No,No,DSL,No,No,Yes,No internet service,No,No internet service,One year,No,Credit card,0
994,54,107.15858828624066,1428.887458440259,Male,0,Yes,Yes,No,No,No,No internet service,Yes,Yes,No internet service,No internet service,No,Two year,No,Electronic check,0
995,67,61.8345807493758,3454.586162343298,Male,0,Yes,Yes,No,No,No,No internet service,No,No,No,Yes,No internet service,One year,Yes,Mailed check,0
996,51,64.43956184510805,3741.679212819626,Female,0,No,Yes,No,No phone service,No,No,No,No internet service,No,Yes,No,One year,No,Mailed check,0
997,8,50.32829394045271,261.88717033599823,Female,0,No,Yes,No,No,No,No internet service,No internet service,Yes,No internet service,No internet service,No,Two year,Yes,Credit card,1
998,34,91.6606298960031,232.77751058702572,Male,0,No,Yes,Yes,Yes,Fiber optic,No,Yes,No internet service,No,Yes,No,One year,No,Credit card,0
999,35,55.86613630264591,4209.680241178951,Male,0,Yes,No,Yes,Yes,No,No,No internet service,No internet service,No,Yes,Yes,Month-to-month,No,Electronic check,1
1000,32,46.77924745226338,5598.674384610144,Male,0,No,Yes,Yes,No,Fiber optic,No,No internet service,No,Yes,No,Yes,One year,Yes,Credit card,1
1001,46,63.22310595045082,7542.925610015197,Female,0,No,No,Yes,Yes,Fiber optic,No internet service,Yes,No,Yes,Yes,No internet service,One year,Yes,Bank transfer,1
1002,16,29.148751838745873,1515.0423448399454,Male,0,Yes,Yes,Yes,Yes,DSL,No,No internet service,Yes,Yes,No,No,Month-to-month,No,Bank transfer,1
1003,68,94.66032046442038,915.7445945450522,Male,1,Yes,Yes,No,No phone service,No,No,No,Yes,No internet service,Yes,Yes,One year,Yes,Electronic check,0
1004,37,21.259640127178695,511.49446472449233,Male,0,Yes,Yes,No,No,Fiber optic,No internet service,No,No,Yes,Yes,No,Two year,No,Electronic check,1
1005,54,84.4485061520594,3544.728505012307,Male,0,Yes,Yes,No,No phone service,DSL,Yes,No,No internet service,No internet service,No internet service,No,Two year,No,Credit card,0
1006,14,38.28645267548724,5022.864201954059,Male,0,No,No,Yes,No,DSL,No,No,No internet service,Yes,No internet service,Yes,Month-to-month,Yes,Bank transfer,1
1007,55,43.240404621441314,6740.371518334987,Female,0,No,No,Yes,Yes,No,No,No,No,No internet service,Yes,No,Two year,Yes,Credit card,0
1008,48,83.56319986400399,5492.894570115738,Male,0,Yes,No,Yes,No phone service,No,Yes,No internet service,Yes,No,No,No internet service,One year,Yes,Electronic check,0
1009,7,119.29434657829071,1746.050233691373,Female,0,Yes,Yes,Yes,No phone service,DSL,No internet service,Yes,Yes,No internet service,No internet service,No internet service,Two year,Yes,Bank transfer,0
1010,7,97.77174890725507,3747.985894530604,Male,0,Yes,No,No,Yes,Fiber optic,No internet service,No internet service,Yes,No,No internet service,No internet service,One year,Yes,Electronic check,0
1011,33,42.5839632223392,7291.736135838377,Male,0,Yes,Yes,No,Yes,No,No internet service,No internet service,No,Yes,No internet service,No internet service,One year,No,Electronic check,1
1012,23,37.60247550411338,2681.254393571233,Male,0,No,Yes,Yes,No,DSL,No,No,No,No,Yes,Yes,One year,Yes,Credit card,0
1013,19,106.62328702676703,4039.9698842262587,Male,0,Yes,No,No,No,DSL,Yes,No,No internet service,No,No,Yes,One year,No,Electronic check,1
1014,19,64.41839479215042,7672.666143685205,Male,0,Yes,Yes,Yes,Yes,Fiber optic,No internet service,No internet service,No,Yes,No,No internet service,One year,No,Credit card,0
1015,36,33.70528028281555,5904.193244032212,Female,0,No,Yes,Yes,Yes,Fiber optic,Yes,No internet service,Yes,No internet service,Yes,Yes,Two year,Yes,Electronic check,1
1016,29,106.2211423321938,6007.149046569367,Female,0,Yes,No,Yes,No phone service,DSL,No internet service,Yes,No internet service,No internet service,No internet service,No internet service,One year,Yes,Electronic check,0
1017,60,101.60923529142615,2093.4386348644985,Female,0,Yes,No,No,No phone service,Fiber optic,No,Yes,Yes,No internet service,No,Yes,Month-to-month,No,Electronic check,1
1018,2,118.39063638971636,3376.1151346105125,Female,0,Yes,Yes,No,No,No,No internet service,Yes,Yes,Yes,No,Yes,Month-to-month,Yes,Bank transfer,1
1019,1,110.9743686712684,750.5030884641016,Female,0,Yes,No,No,No phone service,DSL,Yes,Yes,No internet service,No internet service,Yes,No,Month-to-month,Yes,Electronic check,1
1020,47,105.17903386605417,4891.554349699216,Female,0,Yes,No,Yes,Yes,Fiber optic,Yes,Yes,Yes,No,No,No internet service,Two year,Yes,Mailed check,0
1021,69,25.257439781100317,919.468299885704,Female,0,No,No,Yes,Yes,Fiber optic,Yes,No,No internet service,Yes,No,No,Month-to-month,No,Bank transfer,1
1022,20,30.441536949811802,6703.685699427043,Male,0,No,Yes,Yes,Yes,Fiber optic,No,Yes,Yes,No internet service,No internet service,No internet service,One year,Yes,Mailed check,1
1023,11,76.89831943041227,6534.974917457975,Female,0,No,Yes,No,Yes,Fiber optic,No internet service,No internet service,Yes,No,No internet service,Yes,Two year,Yes,Electronic check,1
1024,2,73.1479246281821,4315.480298866245,Male,0,No,No,Yes,No,DSL,No,No,No internet service,No,No internet service,No internet service,Two year,No,Bank transfer,1
1025,67,65.79632144895355,1215.2116622565345,Male,0,Yes,Yes,Yes,Yes,Fiber optic,No,No internet service,Yes,No internet service,No,No,One year,Yes,Mailed check,0
1026,12,59.67893254145842,302.0739672418284,Female,0,Yes,Yes,No,Yes,No,Yes,No,Yes,Yes,No internet service,No,Month-to-month,No,Electronic check,0
1027,20,63.12104848643289,6393.998473586322,Male,0,Yes,No,Yes,Yes,No,Yes,No,No internet service,No,Yes,Yes,One year,Yes,Bank transfer,1
1028,5,76.92979341347953,4841.109817386072,Male,0,Yes,No,No,Yes,DSL,No,Yes,No internet service,No,No internet service,No,Month-to-month,Yes,Electronic check,1
1029,37,20.20765176000812,5716.344130308278,Female,0,Yes,No,No,No,DSL,No,No internet service,No internet service,No,No internet service,Yes,Month-to-month,Yes,Credit card,1
1030,38,46.07087741328522,2500.076293317304,Male,0,Yes,Yes,Yes,No,No,No internet service,Yes,No,No,No,Yes,Month-to-month,Yes,Credit card,1
1031,9,71.8279720688711,4124.913628966924,Female,1,No,Yes,Yes,No phone service,No,Yes,No internet service,Yes,No internet service,No internet service,Yes,Month-to-month,Yes,Mailed check,1
1032,53,92.22160986736462,6002.675947263238,Male,0,Yes,Yes,Yes,No,DSL,Yes,No internet service,No internet service,Yes,Yes,Yes,Month-to-month,No,Bank transfer,1
1033,44,37.41566923953963,3754.2501356790162,Female,0,Yes,Yes,Yes,No,No,Yes,Yes,Yes,No,No internet service,Yes,One year,No,Bank transfer,0
1034,24,74.6881173787433,4850.935359872974,Male,0,No,No,No,No,No,No internet service,Yes,No internet service,No,No internet service,No,Two year,No,Bank transfer,0
1035,30,91.44596838857818,6338.853268282902,Female,0,No,No,No,No phone service,DSL,No internet service,No,Yes,No,Yes,No,Two year,Yes,Bank transfer,0
1036,59,64.46276579139047,1800.243097604393,Male,0,Yes,No,No,Yes,DSL,Yes,No,Yes,Yes,Yes,No,Two year,Yes,Bank transfer,0
1037,14,22.708113367005105,620.8382259241102,Female,0,No,No,No,No phone service,Fiber optic,Yes,No,No internet service,No,No internet service,No,One year,No,Mailed check,0
1038,9,64.92681584656367,4301.40573540536,Male,0,No,No,No,Yes,Fiber optic,No,No internet service,No internet service,Yes,No,Yes,One year,No,Bank transfer,1
1039,40,49.64448877441531,590.7935886887562,Male,1,Yes,Yes,No,No,No,No,Yes,No,Yes,Yes,No internet service,Two year,Yes,Credit card,0
1040,66,112.96496077013283,6155.80262549735,Female,0,Yes,No,No,Yes,DSL,No internet service,No,No internet service,Yes,Yes,No internet service,Month-to-month,Yes,Credit card,0
1041,25,32.46133856783274,5781.770436306931,Male,1,No,Yes,Yes,No phone service,Fiber optic,Yes,Yes,No internet service,Yes,No,No internet service,Two year,No,Bank transfer,0
1042,22,85.24759555072322,7065.530104575846,Female,0,No,Yes,Yes,Yes,No,No,No,No internet service,No internet service,Yes,No internet service,Two year,No,Electronic check,1
1043,4,25.271976633450116,5152.5405744682885,Male,0,No,No,Yes,Yes,No,No,No,No,No internet service,Yes,No,Month-to-month,Yes,Bank transfer,0
1044,26,64.61704378126964,630.8608089437527,Male,0,No,Yes,Yes,No,No,Yes,Yes,Yes,No internet service,No,Yes,Month-to-month,Yes,Mailed check,1
1045,58,75.39794872200807,2099.9017913679772,Female,0,No,Yes,Yes,Yes,No,Yes,No,No,No,No internet service,No,Month-to-month,Yes,Credit card,0
1046,29,49.79549313168654,6482.661572045482,Male,0,No,No,Yes,Yes,DSL,No,Yes,Yes,Yes,No,No,One year,Yes,Credit card,0
1047,37,65.50756355203845,1420.3460967773433,Female,0,Yes,Yes,No,No,No,Yes,No,No internet service,Yes,No internet service,No,Month-to-month,No,Mailed check,1
1048,70,36.35537945301874,5617.99569573761,Male,0,Yes,No,Yes,No phone service,Fiber optic,Yes,Yes,No internet service,No internet service,Yes,Yes,Two year,No,Mailed check,1
1049,18,50.41238494680361,6264.048714271776,Male,0,No,No,Yes,No,DSL,No internet service,No,No internet service,No internet service,Yes,No,Two year,Yes,Electronic check,0
1050,42,82.11063249102031,2707.883203056405,Male,0,No,Yes,No,Yes,No,No,No,No,Yes,No internet service,Yes,Two year,Yes,Credit card,0
1051,41,50.18000558611551,2646.150039882977,Male,0,Yes,Yes,No,No,Fiber optic,No,No internet service,No,No internet service,No,No internet service,Two year,No,Bank transfer,0
1052,38,109.97430784088716,4506.641181552261,Female,1,No,No,Yes,No,Fiber optic,No internet service,Yes,No internet service,No,Yes,No,Month-to-month,No,Mailed check,1
1053,34,82.84069576409897,6904.162028762634,Female,0,Yes,Yes,No,Yes,DSL,No internet service,No,No,No,No,Yes,One year,Yes,Bank transfer,1
1054,17,63.864901843598446,1868.8589951164963,Male,1,No,No,Yes,No phone service,DSL,No,No internet service,No internet service,No,No internet service,No,Two year,No,Mailed check,0
1055,37,23.87569355541825,7535.939748734982,Male,0,No,No,No,No,DSL,No,Yes,No,Yes,No internet service,No internet service,Month-to-month,No,Mailed check,0
1056,25,69.95483352046713,4833.037610078855,Female,0,No,No,Yes,No phone service,Fiber optic,Yes,No,No internet service,No internet service,No internet service,Yes,Month-to-month,No,Credit card,1
1057,27,96.47762421250891,7937.799123682982,Male,0,No,No,Yes,No,Fiber optic,Yes,No,No,No,No,No internet service,One year,No,Mailed check,1
1058,57,46.555759801241365,807.9484195630488,Female,0,Yes,No,Yes,Yes,No,No,No,Yes,No,No,No internet service,One year,No,Credit card,0
1059,31,100.67735696487674,1099.8408784033968,Male,1,Yes,No,No,Yes,DSL,Yes,Yes,No internet service,No,No internet service,Yes,Month-to-month,Yes,Electronic check,1
1060,6,45.18067660508815,6630.470249336514,Male,0,Yes,Yes,No,No,DSL,Yes,No internet service,No,No,Yes,No,Two year,Yes,Credit card,1
1061,40,102.37463879508005,6931.571575270409,Female,1,Yes,No,Yes,No,DSL,Yes,No,No,No,No internet service,Yes,Two year,Yes,Bank transfer,1
1062,12,28.52683416116774,3619.123638130378,Male,0,No,Yes,No,No,DSL,No internet service,No internet service,No internet service,No internet service,Yes,No internet service,One year,No,Bank transfer,0
1063,53,106.61837088690295,5741.162291524446,Female,0,Yes,Yes,No,Yes,Fiber optic,No,Yes,No,No,Yes,Yes,Month-to-month,Yes,Bank transfer,0
1064,71,69.91864509333305,6953.702570819754,Female,0,Yes,Yes,Yes,No,DSL,No,Yes,Yes,No,Yes,No,Two year,Yes,Bank transfer,0
1065,10,49.6537589620262,440.7095269287465,Female,0,Yes,No,Yes,Yes,Fiber optic,No,No,Yes,No,No,Yes,Month-to-month,No,Credit card,1
1066,45,46.51132504151488,4634.208341646743,Female,0,No,No,No,No,Fiber optic,Yes,No,No,Yes,Yes,No internet service,Month-to-month,Yes,Credit card,1
1067,17,63.20105589303627,6842.497265559267,Female,0,No,Yes,No,Yes,DSL,Yes,No,No internet service,No internet service,Yes,No,Two year,No,Mailed check,0
1068,26,119.9049498103645,3245.424062219722,Female,0,No,No,Yes,No,Fiber optic,No internet service,No internet service,No,No,No internet service,No,Two year,Yes,Credit card,0
1069,62,42.03273934375825,2488.830488288172,Male,0,No,Yes,No,No phone service,Fiber optic,No internet service,No internet service,No,No internet service,Yes,Yes,Two year,No,Bank transfer,0
1070,46,30.321664887899964,6386.082812249217,Female,0,No,No,No,No phone service,DSL,No,No,Yes,No,Yes,Yes,One year,Yes,Credit card,0
1071,64,78.5035168718662,2752.714009672406,Female,0,Yes,No,No,Yes,DSL,No internet service,Yes,No,Yes,No internet service,Yes,One year,Yes,Electronic check,0
1072,2,68.85424664402572,125.07695565757535,Male,1,Yes,No,Yes,No,No,No internet service,Yes,No internet service,Yes,No,No internet service,Month-to-month,No,Electronic check,1
1073,54,72.41962710633074,7680.623442269619,Female,0,Yes,Yes,No,No phone service,Fiber optic,Yes,No,Yes,Yes,Yes,No,Two year,Yes,Electronic check,0
1074,65,86.69354175572171,4777.773567173046,Male,0,Yes,Yes,No,No,Fiber optic,No,No internet service,No,Yes,No,No,Two year,No,Bank transfer,0
1075,51,46.71440698706493,6574.191557809562,Female,0,No,Yes,Yes,No,No,No,Yes,No internet service,No,No internet service,No,Month-to-month,Yes,Electronic check,0
1076,53,111.06649953838884,6619.882342507445,Female,0,Yes,No,No,No,No,No internet service,No internet service,Yes,No internet service,No,No,Two year,Yes,Mailed check,1
1077,36,63.567206612229036,624.6423209445892,Female,0,No,No,Yes,No phone service,DSL,Yes,No,No internet service,No,Yes,No,Two year,Yes,Electronic check,0
1078,26,32.908619514246176,1449.795575153072,Male,1,No,Yes,Yes,Yes,No,No internet service,No internet service,No internet service,Yes,No,No internet service,Two year,No,Bank transfer,0
1079,29,94.22987567339443,2557.8533780012144,Male,1,Yes,Yes,Yes,No phone service,DSL,No internet service,No internet service,No internet service,Yes,No,No,One year,Yes,Mailed check,0
1080,21,84.31043526178503,2633.5243518264506,Female,1,Yes,Yes,Yes,Yes,DSL,No,No internet service,No,No,No internet service,Yes,Month-to-month,Yes,Electronic check,1
1081,11,51.57434024840371,5304.410329679212,Female,0,Yes,No,Yes,No phone service,DSL,Yes,Yes,Yes,No,No internet service,No internet service,Two year,Yes,Credit card,1
1082,40,82.15187240340485,5022.750073946209,Male,0,Yes,Yes,Yes,No,Fiber optic,No internet service,No internet service,No,No internet service,No internet service,No internet service,One year,Yes,Credit card,0
1083,11,41.98619563689769,4007.2592462775287,Male,1,Yes,No,No,No,Fiber optic,No internet service,No internet service,Yes,No internet service,No internet service,No,One year,Yes,Bank transfer,1
1084,36,64.48393593405295,1768.9834852392667,Male,0,No,No,Yes,No,DSL,Yes,No internet service,No internet service,No internet service,No internet service,Yes,Month-to-month,No,Bank transfer,1
1085,59,109.94125221673252,3117.6694105533966,Female,1,Yes,Yes,No,No phone service,No,No internet service,No,No internet service,No internet service,No internet service,Yes,Two year,No,Bank transfer,0
1086,39,33.35342331607494,4394.392350874839,Male,0,No,No,Yes,No phone service,Fiber optic,No,No internet service,No,Yes,No internet service,No,One year,Yes,Mailed check,1
1087,54,58.6696449987462,3797.084392221141,Male,0,No,No,Yes,Yes,Fiber optic,No internet service,No internet service,No internet service,Yes,No internet service,No internet service,One year,Yes,Bank transfer,1
1088,55,102.11424247203473,1105.611011451119,Male,0,Yes,No,No,No phone service,No,No,Yes,No internet service,No internet service,No,No,Month-to-month,No,Electronic check,0
1089,24,116.94908994061781,5231.132898665198,Male,0,No,No,Yes,Yes,Fiber optic,No,No,No internet service,No internet service,No internet service,No internet service,One year,No,Electronic check,1
1090,22,65.39261364217958,677.1090368042184,Male,0,No,Yes,Yes,No phone service,No,No,No internet service,Yes,Yes,No,No,Two year,Yes,Credit card,1
1091,69,70.69996201433474,3087.737996340534,Male,0,No,No,Yes,No,No,No,Yes,Yes,Yes,Yes,Yes,One year,Yes,Credit card,0
1092,56,77.21719617837698,5709.2318466343095,Male,0,No,Yes,Yes,No phone service,Fiber optic,No,Yes,No,Yes,No internet service,No,One year,No,Electronic check,0
1093,33,113.23481416337108,258.18592270568143,Female,0,No,No,No,No,No,No,No internet service,Yes,No internet service,Yes,Yes,Two year,No,Credit card,0
1094,36,105.82067909770298,4602.864270457997,Male,0,Yes,Yes,Yes,No phone service,No,No internet service,Yes,No internet service,No internet service,No internet service,No,One year,No,Bank transfer,0
1095,20,37.06011246216443,2742.7156957320485,Female,0,Yes,No,Yes,Yes,DSL,Yes,Yes,No internet service,Yes,Yes,Yes,Month-to-month,No,Bank transfer,1
1096,62,63.6757817847075,169.77156303960226,Female,0,Yes,Yes,Yes,No phone service,DSL,No internet service,Yes,No internet service,Yes,No,Yes,One year,No,Electronic check,0
1097,26,66.40004281964264,1604.0278413816777,Male,0,No,No,No,No,Fiber optic,Yes,Yes,No,No,No internet service,Yes,Month-to-month,No,Mailed check,0
1098,66,98.90961116487567,7533.47492683817,Female,0,No,Yes,Yes,No phone service,No,No internet service,No internet service,No internet service,No,No,Yes,Month-to-month,Yes,Mailed check,1
1099,40,80.28928826054353,4217.076353490214,Female,1,Yes,Yes,Yes,Yes,Fiber optic,Yes,No internet service,No internet service,Yes,Yes,Yes,Two year,No,Mailed check,0
1100,17,85.4220462029013,7978.09491657014,Male,0,No,Yes,No,Yes,Fiber optic,No internet service,Yes,No,Yes,No,No,Month-to-month,No,Credit card,1
1101,1,119.81999076656176,4246.052327881455,Female,0,No,No,Yes,Yes,DSL,No,No internet service,Yes,No,No internet service,No,One year,No,Mailed check,1
1102,61,27.496004347001307,4397.097657093119,Male,0,No,No,No,Yes,No,Yes,No internet service,Yes,No internet service,No,No,Two year,Yes,Bank transfer,0
1103,43,42.3009823533733,3195.559802169534,Male,0,No,Yes,No,No phone service,Fiber optic,No internet service,Yes,Yes,Yes,No,No internet service,Month-to-month,Yes,Mailed check,1
1104,42,60.78959373715468,2549.319307978173,Male,0,No,No,No,Yes,Fiber optic,No,Yes,No,Yes,Yes,Yes,Month-to-month,Yes,Electronic check,1
1105,25,54.77824030488872,2087.209869750264,Male,1,Yes,Yes,No,No phone service,DSL,No internet service,Yes,No,Yes,Yes,No internet service,Month-to-month,Yes,Credit card,1
1106,39,22.16455613469836,2813.0228674323234,Male,0,Yes,Yes,No,No phone service,DSL,Yes,No internet service,No internet service,No internet service,No internet service,Yes,One year,No,Bank transfer,0
1107,35,29.177760647117584,3732.823539113414,Male,0,No,No,Yes,No phone service,DSL,No internet service,No internet service,No internet service,No,Yes,Yes,One year,Yes,Bank transfer,1
1108,3,88.09532914035762,1616.7364068232416,Male,0,Yes,No,Yes,Yes,Fiber optic,No internet service,No,No,No internet service,No,No,Month-to-month,No,Electronic check,1
1109,44,107.93244633625606,1876.5132252649973,Female,1,Yes,No,No,Yes,No,No,No,No,No internet service,Yes,No internet service,Two year,Yes,Credit card,0
1110,51,71.42270112659776,2245.203672480669,Male,0,No,No,Yes,No phone service,DSL,No,Yes,No internet service,Yes,No internet service,Yes,One year,No,Electronic check,0
1111,12,73.9191079513633,3649.153146253629,Female,0,Yes,No,Yes,No phone service,DSL,No,No,No internet service,Yes,Yes,No,Two year,Yes,Mailed check,0
1112,19,45.50934328323794,5257.22559783252,Male,1,Yes,No,No,No phone service,No,Yes,No internet service,No internet service,No,No internet service,No internet service,One year,Yes,Credit card,0
1113,44,96.78763636337113,6863.554587261669,Male,1,No,Yes,No,No,Fiber optic,No,No,Yes,No internet service,No internet service,No internet service,Two year,Yes,Credit card,0
1114,59,95.17945873672564,2368.3415137784323,Male,0,Yes,Yes,Yes,No,Fiber optic,Yes,No,Yes,No,No,Yes,Two year,Yes,Bank transfer,0
1115,49,78.83656892176566,1551.4538886973553,Female,0,No,Yes,Yes,Yes,No,No,Yes,No internet service,No internet service,No,Yes,Month-to-month,Yes,Mailed check,1
1116,61,41.266428651134284,3092.8949723193846,Female,0,Yes,No,No,No,DSL,No,No internet service,No,Yes,No,No,Month-to-month,Yes,Mailed check,1
1117,17,29.701821823708947,7165.626303337661,Female,0,Yes,Yes,Yes,No phone service,No,No,No internet service,Yes,No,No internet service,No internet service,Month-to-month,No,Bank transfer,0
1118,57,26.42385758571259,177.8997538634018,Female,1,Yes,No,No,No phone service,Fiber optic,No,No internet service,No internet service,No internet service,Yes,No internet service,Month-to-month,Yes,Electronic check,0
1119,55,79.26960666428778,5455.162066856189,Female,0,Yes,No,No,Yes,Fiber optic,Yes,No internet service,Yes,Yes,Yes,Yes,Two year,No,Bank transfer,0
1120,47,102.50353191428,3869.564366651494,Female,0,No,No,No,Yes,DSL,Yes,No,No,Yes,No internet service,No,Month-to-month,Yes,Electronic check,0
1121,12,105.83304317809248,1372.2650981893723,Male,1,No,Yes,Yes,No,DSL,Yes,Yes,No,No internet service,No internet service,No internet service,One year,No,Electronic check,0
1122,62,66.36220743434498,2636.0700575682868,Male,0,Yes,Yes,No,No phone service,No,No,No,No,Yes,Yes,Yes,Month-to-month,No,Credit card,1
1123,8,98.4271299306717,1877.1053466285675,Female,0,No,No,No,Yes,Fiber optic,No,No internet service,No internet service,No internet service,Yes,No internet service,Month-to-month,Yes,Mailed check,1
1124,21,114.68801963410236,7034.874126331966,Female,0,No,Yes,No,Yes,Fiber optic,No,Yes,No internet service,No internet service,No internet service,No internet service,One year,No,Mailed check,1
1125,70,47.517011248806796,3906.799733165423,Female,0,Yes,No,No,No,No,Yes,Yes,Yes,No internet service,Yes,No internet service,Month-to-month,No,Mailed check,0
1126,25,59.79603463807572,4548.444795192693,Female,1,Yes,No,No,Yes,DSL,No internet service,No internet service,No internet service,No internet service,Yes,No,Month-to-month,No,Bank transfer,0
1127,12,113.14789925966807,4790.132192762463,Female,0,No,Yes,Yes,No,Fiber optic,No internet service,No internet service,No internet service,Yes,No internet service,No,Month-to-month,No,Bank transfer,1
1128,15,53.823096731728484,5152.975284358613,Male,0,No,No,Yes,No phone service,Fiber optic,No internet service,Yes,No internet service,No internet service,No internet service,No,One year,Yes,Electronic check,1
1129,59,111.38762903217963,4014.8899539698464,Male,1,No,No,Yes,No,DSL,Yes,No internet service,Yes,No internet service,No,No,One year,No,Electronic check,0
1130,26,118.10448622544658,241.200893606895,Male,1,No,No,No,Yes,Fiber optic,No internet service,No internet service,No internet service,No internet service,No,No internet service,Month-to-month,No,Bank transfer,1
1131,26,86.18107285744247,2744.30922662575,Male,0,Yes,No,Yes,No,DSL,Yes,No internet service,No,Yes,Yes,No,One year,Yes,Credit card,0
1132,47,101.68902895041683,1552.5986016958304,Male,0,No,Yes,No,No,No,Yes,No internet service,No internet service,No,No internet service,Yes,Two year,No,Bank transfer,1
1133,32,94.95455642210852,5473.128459002248,Male,0,No,Yes,Yes,No phone service,DSL,No,Yes,No internet service,No internet service,Yes,Yes,One year,Yes,Electronic check,1
1134,10,89.95342576155238,547.9667458233686,Male,0,No,No,Yes,No,DSL,No,Yes,No,No,No internet service,Yes,Month-to-month,Yes,Credit card,1
1135,16,50.69310729812325,4554.04678978199,Male,0,Yes,No,No,Yes,No,Yes,No,Yes,No,Yes,Yes,One year,Yes,Electronic check,0
1136,71,25.70943379079437,1763.9906059669775,Female,0,No,No,Yes,Yes,Fiber optic,No internet service,No,No internet service,No internet service,Yes,Yes,Month-to-month,Yes,Bank transfer,0
1137,17,54.30517325196506,7595.8821238897835,Female,0,No,Yes,Yes,No phone service,Fiber optic,Yes,Yes,No internet service,No,No internet service,Yes,Two year,Yes,Mailed check,0
1138,23,86.69359852039067,2750.7734432736306,Male,0,Yes,Yes,Yes,No phone service,DSL,Yes,No,No internet service,No,No,No internet service,Two year,No,Credit card,0
1139,26,30.252919822780136,2669.2474118596106,Male,1,Yes,Yes,No,No phone service,DSL,No internet service,No internet service,No internet service,No internet service,No,No,Month-to-month,No,Bank transfer,1
1140,7,21.19179829782421,7394.738877126717,Male,0,No,Yes,Yes,Yes,No,No,No internet service,No,Yes,No internet service,Yes,One year,No,Credit card,0
1141,14,33.969237260293866,3397.048570402717,Female,0,Yes,Yes,No,No,No,Yes,Yes,No internet service,No,Yes,Yes,Two year,No,Mailed check,0
1142,7,91.57359264107953,7706.612440067363,Female,0,No,No,No,Yes,Fiber optic,No,No,Yes,No internet service,Yes,No,Month-to-month,Yes,Mailed check,1
1143,9,117.2793701656444,290.9457818546776,Male,0,No,Yes,No,Yes,Fiber optic,No,No internet service,No,No internet service,Yes,No,Month-to-month,No,Bank transfer,1
1144,48,118.30646996148205,2520.1221440969557,Female,0,Yes,Yes,Yes,No phone service,No,No,No,No,No,No internet service,No internet service,Two year,No,Electronic check,0
1145,59,69.3979149140188,5362.924386104806,Male,0,Yes,No,Yes,No phone service,DSL,Yes,Yes,Yes,No,No,Yes,Month-to-month,Yes,Credit card,1
1146,39,106.93523009923474,7137.770019768344,Male,1,Yes,Yes,No,No,No,No internet service,Yes,No internet service,No,No internet service,Yes,Two year,Yes,Credit card,0
1147,18,93.6826455751504,2125.6041847654433,Male,0,No,No,No,No,Fiber optic,No internet service,No,No internet service,No internet service,No,Yes,Two year,Yes,Mailed check,0
1148,59,70.10402369846034,7450.772976512979,Male,1,Yes,No,Yes,No,DSL,No,Yes,No internet service,No internet service,No,No internet service,One year,No,Bank transfer,0
1149,17,77.27605329550867,4793.559585343586,Male,1,No,Yes,Yes,No,No,No,No internet service,Yes,Yes,No internet service,No,Month-to-month,Yes,Mailed check,1
1150,14,33.72271466168711,6427.965121263536,Female,0,Yes,Yes,Yes,Yes,Fiber optic,No internet service,No internet service,No,Yes,No,No internet service,Two year,No,Mailed check,1
1151,31,113.7661460616592,3237.937704024488,Male,0,No,Yes,Yes,No,DSL,No,No,No internet service,No internet service,No,No internet service,Two year,No,Electronic check,0
1152,24,55.19297707317768,1776.2250222782993,Male,0,No,Yes,No,Yes,DSL,No internet service,No,Yes,Yes,No,Yes,One year,Yes,Mailed check,0
1153,60,64.61492564571695,7298.7597820367755,Male,1,Yes,No,Yes,Yes,DSL,No internet service,Yes,Yes,No,Yes,No,Two year,No,Bank transfer,1
1154,45,87.16602309978987,7471.773360409127,Male,0,Yes,No,No,No,DSL,Yes,Yes,No internet service,Yes,No internet service,Yes,One year,No,Mailed check,0
1155,3,53.39024715265539,4030.8436388176706,Female,0,No,Yes,No,No,DSL,No,No,Yes,Yes,Yes,No internet service,Two year,No,Bank transfer,0
1156,37,45.425916098893055,151.3106263941264,Male,0,Yes,No,Yes,Yes,No,No,Yes,No internet service,No internet service,No internet service,No internet service,Month-to-month,No,Mailed check,1
1157,43,83.10493932702207,967.2853339961953,Male,0,Yes,No,Yes,No phone service,DSL,Yes,No,No internet service,No internet service,Yes,No,Month-to-month,No,Electronic check,1
1158,40,22.498408228184946,4626.920885830602,Female,0,Yes,No,Yes,No,No,No internet service,No,No internet service,No,No,No,Month-to-month,Yes,Electronic check,0
1159,55,92.07251120266788,287.83594818490116,Male,1,Yes,Yes,Yes,No phone service,DSL,No,No internet service,No,Yes,Yes,No,One year,No,Mailed check,1
1160,39,71.40233698765098,3235.604199494893,Male,0,Yes,No,Yes,Yes,Fiber optic,Yes,Yes,Yes,No internet service,Yes,Yes,Month-to-month,No,Electronic check,1
1161,15,80.57537305209344,2496.6225700188993,Male,0,Yes,No,Yes,No phone service,DSL,No internet service,No,No,No internet service,No internet service,No internet service,One year,No,Credit card,0
1162,4,83.18801592468851,5743.351375677417,Male,0,Yes,No,Yes,Yes,No,Yes,No internet service,No internet service,No internet service,No internet service,No,One year,Yes,Credit card,0
1163,25,72.70501564925637,539.0715162886887,Female,0,No,Yes,No,No phone service,Fiber optic,Yes,No,Yes,No,Yes,No,One year,No,Mailed check,0
1164,13,78.25337774407359,3960.977024920571,Male,0,Yes,No,No,No phone service,Fiber optic,Yes,Yes,No internet service,No,No internet service,No,Two year,Yes,Mailed check,0
1165,33,88.37882008898745,4675.002732017282,Male,0,No,No,Yes,No phone service,No,Yes,No internet service,Yes,Yes,No,Yes,One year,Yes,Electronic check,0
1166,16,95.31188471796742,4976.59950081568,Female,0,Yes,No,No,Yes,Fiber optic,No internet service,Yes,No internet service,No,No,Yes,Two year,No,Electronic check,1
1167,42,92.74523912861206,3300.745608933833,Male,0,No,No,No,Yes,No,Yes,No internet service,Yes,Yes,No,Yes,One year,Yes,Mailed check,1
1168,66,106.96164577322617,2504.5054890934525,Male,0,No,No,Yes,Yes,DSL,No internet service,Yes,No internet service,Yes,No internet service,Yes,One year,Yes,Bank transfer,0
1169,55,38.94434331674027,5491.694966523475,Female,0,Yes,No,No,No,DSL,Yes,No,No internet service,Yes,No internet service,No,Two year,Yes,Bank transfer,0
1170,42,60.114796949179755,6795.79548000971,Male,0,Yes,No,Yes,Yes,No,Yes,No,No,No internet service,Yes,No internet service,Two year,Yes,Credit card,1
1171,34,114.7796066014457,5579.579338484742,Female,0,Yes,Yes,Yes,No,DSL,No,No,No,No internet service,No internet service,No internet service,Month-to-month,No,Electronic check,1
1172,30,59.65905743863297,7463.608687112051,Male,0,Yes,Yes,No,Yes,Fiber optic,No,Yes,Yes,No internet service,Yes,No,Month-to-month,Yes,Electronic check,1
1173,13,32.487007690592264,5766.381850327624,Female,1,No,Yes,Yes,No,DSL,No,No internet service,Yes,No,No internet service,No internet service,Two year,Yes,Credit card,0
1174,13,72.54451263621795,6140.487998707585,Male,1,No,Yes,Yes,No phone service,DSL,No,Yes,No,No internet service,No internet service,Yes,Month-to-month,No,Bank transfer,1
1175,18,30.949097255446215,1426.4352531565019,Male,0,Yes,Yes,Yes,No phone service,Fiber optic,Yes,No,No internet service,Yes,Yes,Yes,Two year,Yes,Bank transfer,0
1176,32,40.28532387278652,3414.3631917610232,Female,0,No,Yes,No,Yes,Fiber optic,Yes,Yes,No internet service,No,No,Yes,Two year,Yes,Credit card,0
1177,39,119.83187565709567,3931.937114552125,Male,0,Yes,No,No,No,DSL,No internet service,No internet service,Yes,No,No internet service,No,Month-to-month,Yes,Mailed check,1
1178,46,74.1362638396132,2124.7159821274004,Female,0,No,Yes,Yes,No phone service,DSL,Yes,No,Yes,No internet service,Yes,Yes,Two year,Yes,Electronic check,0
1179,29,48.4058389040429,4275.464896814674,Female,0,Yes,Yes,Yes,No phone service,DSL,No internet service,Yes,No internet service,No internet service,No internet service,Yes,Two year,Yes,Mailed check,0
1180,62,119.4774954573906,2397.256359352595,Female,0,No,Yes,No,No,No,Yes,No,No,No internet service,No internet service,Yes,Month-to-month,No,Mailed check,0
1181,62,116.65589185551433,5531.266533154886,Female,0,Yes,Yes,No,Yes,No,Yes,Yes,Yes,No internet service,No internet service,No internet service,One year,No,Bank transfer,1
1182,57,64.07390410842635,3815.2789659550895,Male,0,No,No,Yes,No phone service,DSL,No internet service,Yes,No internet service,No,No internet service,No,One year,Yes,Mailed check,1
1183,16,46.04031087879084,3724.5749387253813,Female,0,Yes,No,No,Yes,DSL,No,No,Yes,No,No internet service,No,Two year,Yes,Electronic check,0
1184,56,103.839963809219,7870.7759951592125,Male,0,Yes,No,Yes,Yes,Fiber optic,Yes,No internet service,No,Yes,Yes,No,Month-to-month,No,Electronic check,1
1185,10,91.56207169717858,3200.3143034863065,Male,0,No,No,No,No,DSL,No,No,Yes,No,No internet service,No internet service,Month-to-month,No,Electronic check,1
1186,30,88.69414350035103,2962.1339174575896,Female,0,No,Yes,No,No,DSL,No internet service,No internet service,No internet service,No,Yes,Yes,One year,Yes,Credit card,0
1187,25,109.31137413224725,2616.9745331329696,Female,1,No,No,No,No phone service,No,Yes,No,No,No internet service,Yes,No,Two year,No,Mailed check,0
1188,5,88.94171338713247,7168.518845708805,Male,0,No,Yes,No,No,No,No internet service,No,No internet service,Yes,No,No,One year,No,Mailed check,0
1189,65,48.37979430415491,4024.118226175608,Female,0,No,No,Yes,No phone service,No,Yes,No,No,No,Yes,Yes,One year,No,Electronic check,0
1190,49,89.38631618757323,4840.11437209702,Male,1,Yes,Yes,Yes,No phone service,Fiber optic,No internet service,Yes,No internet service,No internet service,Yes,Yes,Two year,Yes,Credit card,0
1191,3,50.58135112836639,1528.4659841189205,Female,0,No,Yes,No,No phone service,DSL,No internet service,Yes,Yes,No internet service,No,No internet service,Two year,Yes,Credit card,1
1192,45,95.92389796569951,4373.444644038923,Male,0,No,No,Yes,Yes,No,No,No internet service,No,Yes,No internet service,No,Two year,Yes,Bank transfer,0
1193,14,81.9747854491566,2269.7207236610575,Male,1,No,No,Yes,Yes,Fiber optic,No,No,No,No,No,No,Two year,No,Bank transfer,1
1194,30,27.741155198475056,5872.031677976732,Female,0,No,No,No,No,DSL,No,Yes,No,No,No internet service,No,Two year,Yes,Electronic check,0
1195,68,71.2835362435142,6676.973955459819,Male,0,Yes,No,No,No,DSL,Yes,Yes,Yes,No,No internet service,No internet service,Two year,No,Mailed check,1
1196,18,54.330096919574096,5747.004467837093,Male,0,Yes,No,Yes,No phone service,Fiber optic,No internet service,No,No,No,Yes,No,Two year,Yes,Mailed check,1
1197,62,52.85706327322943,5868.928913535033,Female,0,Yes,No,No,No phone service,DSL,No,No,Yes,Yes,No internet service,No,Month-to-month,Yes,Mailed check,1
1198,37,80.22563023772572,4148.550162544185,Female,0,Yes,No,Yes,Yes,Fiber optic,Yes,No,Yes,No internet service,No,No,Month-to-month,No,Credit card,0
1199,25,52.23248244694249,5725.732645039669,Female,0,No,Yes,No,Yes,Fiber optic,No,No internet service,No,No internet service,No,No internet service,One year,Yes,Mailed check,0
1200,48,97.68937482048727,3439.2267905144663,Female,0,Yes,No,Yes,No phone service,No,Yes,No,No internet service,Yes,No internet service,No,One year,No,Credit card,0
1201,65,27.079143601117444,5246.764312883943,Female,1,Yes,Yes,No,No phone service,Fiber optic,No internet service,Yes,No,No,No,No,Month-to-month,Yes,Electronic check,1
1202,53,86.03882523958255,2146.409759952066,Male,1,No,Yes,No,No,No,No internet service,Yes,No internet service,No internet service,No,No internet service,Month-to-month,Yes,Mailed check,0
1203,15,100.91948036567412,651.0803972648802,Male,0,No,No,Yes,No phone service,DSL,No internet service,No,No internet service,No,Yes,No,Two year,No,Credit card,0
1204,49,87.283168992043,3366.4387865635513,Female,0,No,Yes,No,No phone service,No,Yes,No internet service,No,No internet service,Yes,Yes,One year,No,Electronic check,0
1205,68,69.72291950199957,3748.0474306658707,Male,0,No,No,Yes,No phone service,Fiber optic,No internet service,No internet service,No,No,Yes,No internet service,Month-to-month,Yes,Electronic check,1
1206,12,115.03070137361811,2125.6165496906506,Male,0,No,Yes,Yes,Yes,No,Yes,Yes,No internet service,Yes,No internet service,Yes,Two year,No,Credit card,0
1207,59,49.99384897980636,5848.905195417177,Male,0,No,No,No,Yes,DSL,Yes,No internet service,No,No,Yes,Yes,Month-to-month,Yes,Credit card,1
1208,37,21.916788752497776,681.0487839126057,Male,0,Yes,No,No,No,No,Yes,No,No,No,No,No,One year,Yes,Mailed check,0
1209,61,63.198937146344086,1859.7117625955898,Male,0,Yes,No,No,No,DSL,No internet service,No internet service,Yes,Yes,Yes,No,Month-to-month,Yes,Bank transfer,0
1210,43,23.301193590032725,6013.661275783652,Female,0,No,No,No,No,Fiber optic,No internet service,No internet service,No internet service,Yes,No,No,Month-to-month,No,Mailed check,0
1211,70,115.39367525264088,3553.281762546098,Female,0,Yes,No,Yes,No phone service,No,No internet service,Yes,Yes,No,Yes,No internet service,One year,No,Bank transfer,1
1212,39,40.99180457480515,5671.740629910569,Male,0,No,Yes,Yes,No phone service,DSL,Yes,Yes,No,No,No,No internet service,Month-to-month,Yes,Credit card,0
1213,56,98.89270239488795,4583.138434490411,Male,0,No,No,No,Yes,DSL,No internet service,Yes,No,No,Yes,No internet service,One year,Yes,Bank transfer,0
1214,63,97.45720831743648,7610.6307249791635,Female,0,Yes,No,Yes,No phone service,No,Yes,No internet service,Yes,No internet service,Yes,Yes,Two year,No,Credit card,0
1215,46,41.772889968293356,4822.587078510381,Female,0,Yes,Yes,No,No phone service,No,No internet service,Yes,Yes,No,Yes,No internet service,Two year,Yes,Electronic check,0
1216,11,82.12265304801673,217.46489732960566,Female,1,Yes,No,Yes,Yes,No,Yes,Yes,No,No internet service,Yes,No internet service,Month-to-month,Yes,Bank transfer,1
1217,62,24.807896848645022,2887.7310689842384,Female,0,Yes,Yes,No,No,No,No,No internet service,No internet service,No internet service,No,No,Two year,No,Bank transfer,0
1218,25,68.35745857038674,1230.1793894171908,Male,0,Yes,No,No,No phone service,No,No internet service,No internet service,Yes,No internet service,Yes,Yes,One year,Yes,Electronic check,0
1219,71,21.464712727248674,7404.606053021856,Female,1,No,Yes,Yes,Yes,DSL,No internet service,No internet service,No internet service,Yes,No internet service,No internet service,One year,No,Mailed check,0
1220,52,112.11438801808418,921.6983888521346,Female,0,Yes,No,No,Yes,Fiber optic,Yes,No,No,Yes,Yes,No,Month-to-month,No,Bank transfer,1
1221,4,117.60860241995717,3162.882638735591,Male,0,Yes,No,Yes,No,DSL,Yes,No,No internet service,No internet service,Yes,No,Two year,No,Credit card,1
1222,59,42.22827666385852,1886.1836296508682,Female,0,No,Yes,No,Yes,No,Yes,No internet service,No internet service,No internet service,No internet service,No internet service,One year,Yes,Mailed check,1
1223,20,40.81060345963728,6789.103724134194,Female,0,Yes,Yes,Yes,No,No,No,Yes,No,No internet service,No,Yes,One year,No,Electronic check,0
1224,63,95.37201765621296,2537.6753309524443,Female,0,Yes,Yes,Yes,No,Fiber optic,No internet service,No internet service,No,Yes,No internet service,Yes,Month-to-month,Yes,Bank transfer,1
1225,54,45.33793988293345,7935.958516826896,Female,0,Yes,Yes,Yes,No,No,Yes,No,No,Yes,No,No internet service,Two year,No,Electronic check,0
1226,57,109.5076559161845,405.071184336782,Female,0,Yes,Yes,Yes,No,Fiber optic,No,Yes,No internet service,Yes,No internet service,No internet service,One year,No,Electronic check,1
1227,41,77.39291361229823,1113.3865024542702,Male,0,Yes,No,No,No,No,No,No,Yes,No internet service,No internet service,No internet service,Month-to-month,Yes,Credit card,1
1228,3,55.077762301031214,1874.646333789962,Male,0,No,No,No,Yes,DSL,Yes,No,No,No internet service,No internet service,Yes,Month-to-month,No,Electronic check,1
1229,6,103.26937463494201,6507.737717581259,Male,1,Yes,Yes,No,No phone service,Fiber optic,No internet service,No,No,No,No,Yes,One year,No,Bank transfer,1
1230,5,69.34067004133952,7040.285951605724,Male,0,Yes,Yes,Yes,No,DSL,Yes,No,Yes,No,Yes,No,One year,No,Electronic check,1
1231,5,111.16329137084756,664.4659068144366,Male,0,No,Yes,No,No,No,Yes,Yes,No,Yes,Yes,No,Month-to-month,Yes,Mailed check,1
1232,54,112.8014236729381,356.4351199219836,Female,0,Yes,No,No,No phone service,DSL,Yes,No internet service,No,Yes,No internet service,Yes,Two year,Yes,Electronic check,1
1233,47,36.54201521284094,5981.999171126176,Female,0,No,No,No,No phone service,DSL,No,Yes,Yes,No,No,No,Month-to-month,Yes,Bank transfer,0
1234,49,20.232340613193028,1153.4808533535465,Female,1,No,Yes,No,No,DSL,No,No internet service,No internet service,Yes,No,Yes,Two year,No,Bank transfer,1
1235,9,118.39309401424022,1150.6888378896497,Female,0,No,No,Yes,No phone service,Fiber optic,No internet service,No internet service,No internet service,No internet service,Yes,No,One year,No,Bank transfer,0
1236,20,110.61375361274794,276.6956225059912,Female,0,Yes,Yes,No,No,Fiber optic,No,Yes,No internet service,No,No,No internet service,One year,Yes,Mailed check,1
1237,61,25.544523570384143,493.48223290903275,Female,0,Yes,No,No,Yes,Fiber optic,Yes,No internet service,No,No internet service,No,Yes,One year,No,Bank transfer,0
1238,35,103.30342639410699,2183.036122904364,Female,0,Yes,Yes,Yes,No phone service,DSL,No,Yes,Yes,No,No internet service,No,Month-to-month,No,Mailed check,1
1239,50,65.78049325592066,613.5433663453698,Female,0,Yes,Yes,No,No phone service,DSL,No internet service,Yes,No internet service,No,No,No internet service,Two year,Yes,Electronic check,0
1240,62,45.89616050249752,3014.144824108277,Female,0,No,No,Yes,Yes,No,Yes,No internet service,Yes,Yes,No,No,Month-to-month,No,Mailed check,0
1241,17,107.87465236769299,6678.922746696057,Female,0,No,No,No,No phone service,Fiber optic,Yes,No internet service,No internet service,No internet service,No internet service,No,Month-to-month,No,Electronic check,0
1242,3,39.66672323903073,2677.930032840582,Female,0,No,Yes,Yes,Yes,No,No,No,No internet service,No internet service,Yes,No internet service,Month-to-month,Yes,Electronic check,1
1243,32,114.7299999420067,5849.889884377036,Female,0,Yes,Yes,Yes,No,DSL,No,No internet service,No,No internet service,Yes,No internet service,Two year,No,Electronic check,0
1244,13,40.56214876993411,841.8887221651377,Female,0,No,No,No,No phone service,Fiber optic,No internet service,No internet service,No internet service,No internet service,No,Yes,Two year,No,Bank transfer,0
1245,68,81.36831877287435,5309.063980613993,Male,0,Yes,Yes,No,No phone service,No,Yes,No internet service,No internet service,Yes,No internet service,No,One year,No,Mailed check,1
1246,14,42.30863345289748,2602.3027477337364,Female,0,No,Yes,No,Yes,DSL,No internet service,Yes,Yes,No internet service,Yes,No internet service,Month-to-month,No,Credit card,1
1247,11,74.56686649686347,6023.047741706601,Male,0,No,Yes,No,No,DSL,No,No,No,Yes,No,No,Two year,No,Bank transfer,1
1248,56,88.39751299151413,1176.3909110454167,Female,0,No,Yes,No,No,DSL,Yes,No,No,No,Yes,No internet service,Month-to-month,No,Bank transfer,1
1249,67,39.022793082013756,7193.278684339407,Female,0,Yes,Yes,No,Yes,Fiber optic,No,Yes,No internet service,No internet service,No,Yes,One year,No,Mailed check,0
1250,29,72.08857827006793,2016.3599028936992,Female,0,No,Yes,Yes,No phone service,Fiber optic,Yes,No internet service,No,Yes,Yes,No internet service,One year,No,Credit card,1
1251,9,66.9059744390119,2889.7885669212938,Male,0,No,No,Yes,No phone service,No,No internet service,No internet service,Yes,No,No internet service,No,Month-to-month,No,Electronic check,0
1252,67,27.103742140334123,7606.4276154625295,Male,0,Yes,No,Yes,Yes,DSL,Yes,Yes,No,No internet service,No internet service,No,One year,No,Credit card,0
1253,25,101.8307817675303,4670.010641873786,Female,0,No,Yes,Yes,Yes,Fiber optic,No,No,No internet service,No internet service,Yes,Yes,Two year,No,Mailed check,0
1254,42,53.56824006428417,2989.5949998078736,Female,0,No,Yes,No,Yes,Fiber optic,Yes,Yes,No,Yes,No internet service,Yes,Two year,Yes,Bank transfer,1
1255,9,77.45821975518795,7601.85696156569,Female,0,Yes,No,Yes,No phone service,DSL,No internet service,Yes,No,No,Yes,No internet service,Two year,No,Credit card,0
1256,40,71.47842349331344,2699.711593431253,Female,0,Yes,Yes,Yes,Yes,DSL,No,No internet service,No internet service,No,Yes,No internet service,Two year,Yes,Mailed check,0
1257,25,71.32605045704423,849.4786301339202,Male,0,Yes,No,Yes,No,No,No internet service,Yes,No,No,No internet service,No,One year,No,Electronic check,0
1258,5,30.722239420848744,7975.106214089416,Male,0,Yes,No,No,Yes,No,Yes,Yes,No,No,No,No internet service,Two year,No,Bank transfer,0
1259,11,62.34820092493328,2215.974872415419,Female,0,No,Yes,No,No,No,Yes,Yes,No internet service,No internet service,No internet service,Yes,One year,No,Mailed check,1
1260,59,65.23667592065702,6824.9370047268985,Male,0,No,Yes,No,No,Fiber optic,Yes,No internet service,No internet service,No,No,No internet service,One year,Yes,Electronic check,0
1261,38,93.36428403644484,1407.7722791023893,Male,0,Yes,Yes,Yes,Yes,Fiber optic,Yes,No internet service,Yes,Yes,No,Yes,Month-to-month,No,Bank transfer,0
1262,5,104.00188319206985,5877.696377041287,Female,0,No,No,No,No,Fiber optic,No,No,No internet service,Yes,No,No,One year,Yes,Credit card,1
1263,48,74.4982278100018,4243.150216330791,Female,0,No,No,Yes,No phone service,Fiber optic,Yes,No,No internet service,No internet service,Yes,No internet service,Month-to-month,No,Bank transfer,1
1264,18,28.678295406499046,7849.161810492024,Female,0,Yes,Yes,Yes,Yes,Fiber optic,No,No,No,Yes,No,Yes,One year,Yes,Electronic check,0
1265,70,43.684947059654625,4467.359813129956,Male,0,No,Yes,Yes,No phone service,DSL,No,No internet service,No internet service,No internet service,No,No internet service,Two year,No,Mailed check,1
1266,37,36.49340268527311,297.61969993774755,Female,0,No,Yes,No,No phone service,No,No,No,No,No,No internet service,Yes,Month-to-month,Yes,Electronic check,0
1267,60,32.46150631891247,4870.636118030295,Male,1,No,No,No,No,No,Yes,Yes,No internet service,No internet service,Yes,Yes,One year,Yes,Bank transfer,0
1268,48,56.58992986178076,1248.0000050593458,Female,0,Yes,Yes,No,No phone service,No,Yes,No,Yes,No,Yes,Yes,One year,Yes,Electronic check,0
1269,28,42.9393502154382,6408.4732307284885,Female,0,No,No,Yes,No phone service,No,No internet service,Yes,Yes,Yes,No,No internet service,Month-to-month,No,Bank transfer,0
1270,69,41.83031118115123,6866.8887522702025,Male,0,No,Yes,No,Yes,DSL,Yes,No,No,No internet service,No internet service,Yes,Month-to-month,No,Electronic check,0
1271,40,25.469317457626765,3908.538798478243,Male,0,No,Yes,No,Yes,Fiber optic,Yes,No internet service,No,No,No,No internet service,Two year,Yes,Mailed check,1
1272,45,21.767004479543388,6287.449510713159,Male,0,Yes,No,No,No phone service,Fiber optic,Yes,Yes,No,No internet service,Yes,Yes,Two year,Yes,Electronic check,0
1273,62,30.27682426497818,1246.3748103046805,Male,1,Yes,No,Yes,No,Fiber optic,No,Yes,Yes,No,No internet service,Yes,One year,Yes,Bank transfer,1
1274,58,37.219747942363306,3987.417673631604,Male,0,No,No,Yes,No,No,No internet service,No internet service,Yes,No internet service,Yes,No internet service,One year,Yes,Credit card,0
1275,67,63.098372884820314,3212.1596910556186,Male,1,No,No,Yes,Yes,No,Yes,Yes,No internet service,No internet service,Yes,No internet service,One year,No,Mailed check,0
1276,56,71.05202612988447,4929.407357719343,Female,0,Yes,No,Yes,Yes,DSL,No internet service,No,No internet service,No internet service,Yes,No internet service,One year,No,Credit card,0
1277,40,34.059191817336554,451.36979154496385,Male,0,Yes,No,No,Yes,DSL,No,No internet service,No,No internet service,Yes,No,Month-to-month,No,Bank transfer,0
1278,40,62.478334152418626,6041.770422164156,Male,0,Yes,Yes,No,No,Fiber optic,No internet service,Yes,Yes,No,Yes,No,Month-to-month,No,Mailed check,0
1279,33,54.17488423259273,725.121386850001,Female,1,Yes,No,Yes,Yes,Fiber optic,No internet service,No internet service,No internet service,No,No internet service,No,One year,Yes,Bank transfer,1
1280,6,38.3423643497956,5286.124988488303,Male,0,No,Yes,No,No phone service,Fiber optic,No internet service,Yes,Yes,No internet service,No internet service,Yes,One year,No,Credit card,0
1281,19,20.684074814836354,245.81208176555936,Male,0,Yes,Yes,Yes,No,Fiber optic,No internet service,Yes,Yes,No internet service,Yes,Yes,Two year,No,Credit card,0
1282,40,66.70178665217418,6671.9157036781635,Female,0,Yes,Yes,No,No phone service,Fiber optic,No internet service,No internet service,No,Yes,No,Yes,One year,Yes,Bank transfer,0
1283,59,88.56517492651993,1480.1270787678725,Female,0,Yes,No,No,Yes,Fiber optic,No,Yes,Yes,No,No,No internet service,Two year,Yes,Bank transfer,1
1284,59,42.6277334143807,4172.430060218225,Female,0,Yes,No,No,No,No,Yes,No,No,No,Yes,No,Two year,No,Mailed check,0
1285,48,33.180682989667936,2165.7939394481928,Male,0,No,Yes,Yes,Yes,DSL,No internet service,No,No internet service,No,No internet service,Yes,One year,Yes,Bank transfer,0
1286,41,108.70427444469618,5808.912896282441,Female,1,No,Yes,No,No,DSL,No,Yes,Yes,No,No,No internet service,Month-to-month,No,Credit card,1
1287,13,47.502477248779776,2638.673691498798,Male,0,No,Yes,No,Yes,No,No,Yes,No,Yes,No internet service,No,Two year,No,Electronic check,0
1288,45,42.36126197926647,5824.412629347706,Female,0,No,No,No,No,Fiber optic,Yes,No,Yes,No internet service,No internet service,No,Two year,Yes,Credit card,0
1289,53,105.70969396099159,2350.4825340002644,Male,0,Yes,Yes,No,No,Fiber optic,No,Yes,Yes,No internet service,No,No internet service,One year,No,Bank transfer,1
1290,42,101.71070991667612,6044.537418392504,Female,0,No,No,Yes,No,Fiber optic,Yes,Yes,No internet service,No internet service,No,Yes,Month-to-month,Yes,Credit card,0
1291,63,64.83464705246337,341.78342106154344,Female,1,No,Yes,Yes,No phone service,DSL,No internet service,No internet service,No,Yes,No internet service,No,Two year,No,Bank transfer,0
1292,27,68.92388614277745,2338.1595494534026,Female,0,Yes,No,Yes,Yes,DSL,No,No internet service,Yes,Yes,No,Yes,One year,Yes,Mailed check,0
1293,38,41.774870483402196,4039.2047008782033,Male,0,No,No,No,Yes,Fiber optic,No,No,Yes,No internet service,Yes,Yes,Month-to-month,Yes,Bank transfer,0
1294,60,27.830167047955747,455.97069716583127,Male,0,No,Yes,No,No,Fiber optic,No,No,No internet service,Yes,No,Yes,Month-to-month,Yes,Bank transfer,0
1295,7,77.34318253556611,1569.6690848331014,Female,0,No,No,No,No phone service,No,No internet service,No internet service,Yes,Yes,No internet service,Yes,Month-to-month,Yes,Bank transfer,0
1296,5,29.834492159021313,7482.842154965506,Female,1,Yes,Yes,Yes,No,Fiber optic,Yes,No internet service,No,Yes,No internet service,Yes,Two year,Yes,Bank transfer,1
1297,45,64.92745469566498,7816.990694923495,Female,0,Yes,Yes,Yes,Yes,No,Yes,No,No,Yes,No internet service,Yes,Month-to-month,Yes,Bank transfer,1
1298,58,114.04971985130108,5944.024584384836,Female,0,Yes,Yes,No,Yes,Fiber optic,No,No,No,No internet service,No internet service,Yes,Two year,No,Credit card,1
1299,31,115.28343891705843,2092.3803998736116,Male,0,No,Yes,Yes,No,Fiber optic,No,No,Yes,Yes,No internet service,No internet service,One year,Yes,Credit card,1
1300,23,43.933228654735856,2158.087818944155,Female,0,Yes,Yes,Yes,No,Fiber optic,No internet service,No internet service,Yes,No internet service,No internet service,Yes,Month-to-month,No,Electronic check,0
1301,42,82.41134200456544,5201.743826581076,Female,0,Yes,No,No,No,No,No internet service,No internet service,No,No,Yes,Yes,Two year,Yes,Electronic check,0
1302,10,67.40762641078577,1029.036971129744,Male,0,No,Yes,Yes,Yes,No,Yes,Yes,Yes,Yes,No internet service,No,Month-to-month,Yes,Mailed check,1
1303,32,107.5685127586106,7591.644105399896,Male,1,Yes,No,No,No,No,No,No,No internet service,No,No internet service,No,Two year,Yes,Mailed check,1
1304,53,47.143086427605326,1876.021906130458,Female,1,No,Yes,Yes,No,DSL,No,Yes,No,No,Yes,Yes,One year,No,Electronic check,1
1305,30,20.370240683241686,7997.121440861006,Female,0,No,Yes,Yes,Yes,DSL,No,No,No internet service,Yes,No internet service,No,Two year,Yes,Credit card,1
1306,39,36.25612059314151,4016.2969828894375,Male,0,Yes,No,Yes,No,Fiber optic,No,No internet service,No internet service,No internet service,No internet service,No internet service,One year,No,Mailed check,1
1307,31,54.952280116939804,6194.296913044197,Male,0,No,Yes,Yes,No phone service,No,No internet service,No,Yes,No internet service,Yes,No internet service,Month-to-month,No,Electronic check,1
1308,2,51.57211297704886,117.25434659390214,Female,0,No,Yes,No,Yes,No,No internet service,No,Yes,No internet service,No,No internet service,Two year,Yes,Credit card,0
1309,12,99.1362919122886,7121.096597537971,Male,0,No,No,No,No,Fiber optic,Yes,No internet service,No,Yes,No,No,One year,Yes,Electronic check,0
1310,39,88.05606661388379,2233.0161537665854,Male,0,Yes,No,Yes,No,Fiber optic,No,No internet service,Yes,Yes,No internet service,No internet service,Month-to-month,No,Mailed check,1
1311,66,49.95563196148973,5376.700281929716,Female,0,No,Yes,No,Yes,Fiber optic,No internet service,No,No internet service,No internet service,No,No internet service,One year,Yes,Mailed check,0
1312,13,65.77438171662133,6470.206718269358,Female,0,Yes,Yes,Yes,Yes,Fiber optic,No,No,Yes,No internet service,No,No,Month-to-month,No,Bank transfer,1
1313,46,29.55591039583352,1396.7671504161162,Male,0,Yes,Yes,No,No phone service,No,Yes,No,No,No,Yes,Yes,One year,Yes,Electronic check,0
1314,27,109.81464448201008,3595.8249025009086,Female,0,No,Yes,Yes,No,DSL,No,No,Yes,No,No,Yes,Two year,No,Electronic check,1
1315,17,113.54248244485342,4001.303931150195,Female,1,No,Yes,No,No,No,No internet service,No,No internet service,Yes,No internet service,Yes,One year,No,Electronic check,1
1316,60,117.98035353809381,2565.743776179716,Female,0,No,Yes,Yes,No,DSL,No internet service,No internet service,No internet service,No internet service,Yes,No,Month-to-month,No,Mailed check,1
1317,64,106.85528307858377,3905.8710548589534,Female,0,No,Yes,Yes,Yes,Fiber optic,Yes,No,No,No internet service,No,Yes,One year,Yes,Credit card,0
1318,35,37.39608876962255,2608.6106954771703,Female,0,No,Yes,No,Yes,DSL,Yes,No internet service,No,Yes,No internet service,No internet service,One year,No,Electronic check,0
1319,70,24.619648320162884,2949.907185936153,Male,0,Yes,Yes,Yes,Yes,No,No,Yes,Yes,No internet service,Yes,Yes,Two year,No,Credit card,0
1320,30,77.9596727412674,5387.7163117516375,Male,0,Yes,No,Yes,No,No,No,Yes,Yes,Yes,No internet service,No internet service,Month-to-month,No,Electronic check,0
1321,71,111.26050268831104,5097.486819609477,Female,0,No,No,Yes,No,No,No internet service,No,No,No,No,Yes,Month-to-month,Yes,Mailed check,0
1322,63,37.73513616597428,1934.8992338004493,Female,0,Yes,Yes,Yes,Yes,No,No internet service,Yes,No internet service,No internet service,No internet service,Yes,One year,Yes,Credit card,0
1323,28,20.704291462414186,7190.114789883854,Female,0,Yes,No,No,No phone service,No,No internet service,No internet service,Yes,No internet service,No,Yes,Month-to-month,No,Electronic check,0
1324,60,100.54960460322444,6916.029510803986,Male,0,Yes,No,No,No,No,Yes,Yes,No,Yes,No,No,Month-to-month,No,Credit card,1
1325,37,27.6795684286734,4121.758122850618,Male,0,No,Yes,Yes,No phone service,Fiber optic,Yes,Yes,No,Yes,No,Yes,Month-to-month,No,Electronic check,1
1326,22,61.37060319100304,3522.680867296428,Male,0,Yes,No,Yes,Yes,DSL,Yes,No internet service,No internet service,Yes,No,No internet service,Two year,Yes,Bank transfer,0
1327,68,87.8887337188785,3077.1622655744595,Male,0,Yes,No,No,No,Fiber optic,No,No,No,Yes,No,No internet service,Two year,No,Bank transfer,0
1328,20,43.679758545618014,5687.416557464869,Female,0,Yes,No,No,No phone service,DSL,Yes,No internet service,Yes,No,Yes,Yes,Two year,No,Bank transfer,0
1329,68,28.396256344672672,5406.1618519548165,Female,0,No,No,Yes,No,DSL,No,No internet service,Yes,Yes,No,No,Month-to-month,Yes,Electronic check,0
1330,64,97.00212284558286,1649.8267948100315,Male,1,Yes,No,Yes,No phone service,DSL,No,No,No,No internet service,Yes,Yes,Two year,Yes,Credit card,1
1331,17,83.01750848870415,5404.518447272854,Male,0,No,Yes,No,No,No,No,No internet service,No,No internet service,No internet service,Yes,Month-to-month,No,Bank transfer,1
1332,12,118.84904844868048,2094.2064334061156,Female,0,Yes,Yes,Yes,No phone service,No,Yes,No,No internet service,No internet service,No internet service,No internet service,Two year,No,Mailed check,0
1333,22,54.43080333199593,246.61085853585197,Female,0,No,No,No,No phone service,No,No internet service,No internet service,No internet service,No internet service,Yes,No,One year,Yes,Credit card,0
1334,17,26.17623862901997,5623.7485525452785,Female,0,Yes,No,No,Yes,DSL,Yes,Yes,No,No,Yes,No internet service,Month-to-month,No,Bank transfer,0
1335,10,93.43500353352958,5193.869459439921,Female,0,No,No,No,Yes,DSL,Yes,No,Yes,No,No internet service,No,One year,Yes,Mailed check,0
1336,65,72.17334188532456,3345.3931727572976,Female,0,Yes,Yes,Yes,No phone service,DSL,Yes,No,No internet service,No,Yes,Yes,One year,Yes,Mailed check,0
1337,22,41.3203931389135,4252.919841764098,Male,0,No,No,No,No,Fiber optic,No,Yes,No,Yes,Yes,No internet service,One year,Yes,Mailed check,1
1338,50,98.17289890047594,7582.636614475501,Female,0,No,Yes,No,No phone service,No,No internet service,Yes,No internet service,No internet service,No,Yes,Two year,No,Electronic check,0
1339,14,40.37554858499438,4802.081429152958,Male,0,Yes,No,Yes,No,No,Yes,No,No internet service,No internet service,No internet service,Yes,Two year,No,Mailed check,1
1340,64,46.06616548329366,5297.283089158598,Male,0,Yes,No,No,No,No,Yes,Yes,No internet service,No,Yes,No internet service,One year,No,Credit card,0
1341,47,29.252855436671915,604.8994354982146,Female,0,No,Yes,No,No,Fiber optic,No,No internet service,No internet service,Yes,Yes,Yes,One year,Yes,Credit card,0
1342,29,59.94322790308544,1411.3562393334894,Male,1,No,Yes,No,No,Fiber optic,Yes,No internet service,No internet service,No,Yes,No,One year,No,Electronic check,0
1343,36,61.89292239374189,2477.5229836515464,Male,0,Yes,Yes,No,Yes,Fiber optic,Yes,No internet service,No internet service,No internet service,No,Yes,Two year,Yes,Mailed check,1
1344,52,71.45617903482984,4361.0966124223305,Female,0,No,No,No,No phone service,DSL,No,Yes,Yes,No internet service,No internet service,No,One year,No,Credit card,0
1345,7,90.89642671237775,6235.0680782682375,Male,0,Yes,No,No,No,Fiber optic,Yes,Yes,No internet service,No,No internet service,Yes,One year,No,Electronic check,1
1346,29,110.61009286804259,2637.8029345298373,Female,0,Yes,Yes,Yes,Yes,DSL,No internet service,Yes,No,No internet service,Yes,No,Month-to-month,Yes,Mailed check,0
1347,11,33.77340988878086,2915.421200782314,Female,0,No,No,Yes,No,DSL,No,No,No,No,Yes,No internet service,One year,No,Credit card,0
1348,33,25.434809834865707,2123.591992872616,Male,0,Yes,Yes,Yes,No,No,No internet service,No internet service,No internet service,No,No,Yes,Month-to-month,Yes,Mailed check,1
1349,6,21.85312335943333,2111.4137014329162,Female,0,No,Yes,No,Yes,No,Yes,No,No internet service,No,Yes,No internet service,Month-to-month,Yes,Electronic check,1
1350,32,34.36213780688163,7596.024382568893,Female,0,Yes,No,No,Yes,Fiber optic,No,No,No,No,Yes,No internet service,Month-to-month,Yes,Bank transfer,1
1351,51,85.79494857816259,5120.111718989231,Male,0,Yes,No,No,No,DSL,No,No,No internet service,No internet service,No,No,Two year,No,Credit card,0
1352,58,92.74770779964966,1331.61982396558,Female,0,Yes,No,Yes,No phone service,DSL,Yes,No internet service,No,Yes,Yes,Yes,One year,Yes,Mailed check,0
1353,26,98.65057135281222,5805.763766865653,Male,0,Yes,No,Yes,Yes,DSL,No internet service,No internet service,No,No internet service,No internet service,No internet service,One year,No,Mailed check,0
1354,46,44.37082119043427,5803.967032544229,Male,0,Yes,No,No,No phone service,No,Yes,No internet service,Yes,No,No internet service,Yes,Month-to-month,Yes,Bank transfer,0
1355,29,50.58948132615199,5365.11454882427,Female,0,Yes,No,Yes,No,No,No,Yes,Yes,No internet service,No internet service,No,Month-to-month,Yes,Mailed check,1
1356,4,68.31346455654995,1164.2915162162426,Male,0,Yes,No,Yes,No,No,No,No internet service,No,Yes,No,No internet service,Month-to-month,Yes,Electronic check,1
1357,13,26.31830968602265,3323.1327194097366,Female,0,Yes,Yes,No,No,No,No,Yes,No internet service,No internet service,No,No,Month-to-month,Yes,Electronic check,1
1358,39,81.1141523211246,943.3750109058637,Male,0,Yes,Yes,Yes,No,No,Yes,Yes,No,No,No internet service,No internet service,One year,No,Mailed check,0
1359,15,118.37350336757578,6551.301982327878,Female,0,Yes,No,Yes,No,No,Yes,Yes,No,Yes,No internet service,No,One year,Yes,Mailed check,0
1360,29,56.08063113780025,5275.859931105562,Female,0,Yes,Yes,Yes,No,Fiber optic,Yes,No internet service,No internet service,No internet service,No,Yes,Month-to-month,Yes,Credit card,1
1361,29,95.2847475091384,4106.911100465765,Male,1,Yes,Yes,Yes,No phone service,Fiber optic,No internet service,No internet service,Yes,Yes,Yes,No internet service,Month-to-month,No,Electronic check,1
1362,32,70.00339155696079,2809.8222643547133,Male,0,No,Yes,No,Yes,Fiber optic,No internet service,No internet service,No,No internet service,Yes,No internet service,Month-to-month,Yes,Credit card,1
1363,2,32.781184436038274,1555.5708485060238,Female,0,No,Yes,No,No,Fiber optic,No internet service,No internet service,Yes,Yes,No,Yes,Month-to-month,Yes,Bank transfer,1
1364,47,78.22374488025864,940.9359517815524,Female,0,Yes,No,Yes,Yes,DSL,No,No,No internet service,No,No internet service,No internet service,Two year,Yes,Credit card,0
1365,22,49.9874268444065,7757.000799541506,Male,0,Yes,Yes,Yes,No phone service,No,No internet service,No internet service,Yes,No,No,No,One year,No,Mailed check,0
1366,27,23.440320845345823,1677.2242714525821,Female,0,No,Yes,Yes,No,No,No,No internet service,No internet service,Yes,No internet service,No internet service,One year,No,Credit card,0
1367,67,83.49297301177438,573.0095510989468,Female,0,Yes,No,Yes,No,Fiber optic,No internet service,No internet service,No internet service,No internet service,No,No internet service,Two year,No,Credit card,0
1368,56,105.89323493247277,7697.167500241721,Male,0,Yes,Yes,No,Yes,DSL,No internet service,No internet service,Yes,No,No,No internet service,Month-to-month,No,Credit card,1
1369,21,54.47697668998742,4436.718756726834,Male,0,Yes,Yes,No,Yes,Fiber optic,No,No internet service,No,No internet service,No,No,Month-to-month,No,Electronic check,1
1370,47,59.02955472127705,6393.588206430029,Female,1,No,No,Yes,Yes,No,Yes,No,No,Yes,No,Yes,One year,No,Credit card,0
1371,59,109.10216829672115,445.7501928667166,Male,0,Yes,Yes,Yes,No,Fiber optic,No internet service,No,No internet service,No internet service,No,No,Two year,Yes,Bank transfer,1
1372,6,101.36088133673559,4578.872274089272,Male,1,No,No,Yes,Yes,DSL,No,Yes,Yes,Yes,No,No,Month-to-month,Yes,Credit card,1
1373,19,91.49528235517771,3245.8587165321615,Female,0,No,No,Yes,Yes,No,Yes,Yes,Yes,No internet service,No internet service,No internet service,One year,No,Credit card,1
1374,57,44.8797063753148,6198.51903136408,Male,0,Yes,No,No,No phone service,DSL,Yes,No internet service,Yes,Yes,No internet service,No internet service,One year,No,Credit card,0
1375,69,111.02166549666445,403.5626005485629,Male,0,No,Yes,Yes,No,Fiber optic,Yes,Yes,Yes,Yes,Yes,Yes,One year,Yes,Mailed check,0
1376,3,35.4415757539213,3273.3554916367534,Female,0,No,Yes,Yes,No,No,No,No,No internet service,Yes,No,No internet service,Two year,No,Mailed check,0
1377,1,82.67705194172218,6412.680013940949,Male,0,No,No,No,No,DSL,No internet service,No internet service,Yes,Yes,Yes,No,Two year,No,Bank transfer,1
1378,58,22.88011805465187,4229.308390643123,Female,0,Yes,No,Yes,Yes,DSL,No internet service,Yes,Yes,No internet service,Yes,No internet service,Two year,Yes,Mailed check,0
1379,38,84.37198063249458,4445.306053888971,Male,1,Yes,No,No,No phone service,DSL,No internet service,Yes,No,No,No,No internet service,Two year,No,Mailed check,1
1380,15,47.71443518733598,867.6009875311275,Male,0,No,Yes,No,Yes,No,Yes,No,No internet service,Yes,No,Yes,Two year,Yes,Electronic check,0
1381,34,64.967697718372,1145.4113933487217,Female,0,Yes,Yes,Yes,No,No,No internet service,No internet service,Yes,Yes,Yes,No,Two year,Yes,Bank transfer,0
1382,61,54.52645520570531,5448.296882389708,Male,0,No,No,No,Yes,Fiber optic,No,Yes,Yes,No,Yes,No,One year,Yes,Mailed check,1
1383,35,37.27567562462099,5432.8683160903665,Male,0,Yes,Yes,Yes,No,Fiber optic,No internet service,No,No internet service,No,No,Yes,One year,No,Electronic check,0
1384,64,82.19807900938741,7834.916814592959,Male,0,Yes,Yes,Yes,Yes,No,No internet service,No internet service,No internet service,Yes,No,No,Month-to-month,Yes,Mailed check,1
1385,25,108.19755551406074,5724.428605717848,Male,0,No,No,No,Yes,DSL,No internet service,No,No,Yes,No,No,Month-to-month,No,Electronic check,1
1386,24,115.90842422824034,3996.623617874234,Male,0,Yes,Yes,No,No,No,No internet service,No internet service,No internet service,No internet service,No internet service,No internet service,Month-to-month,No,Mailed check,1
1387,12,39.234636315391505,6872.889805915068,Male,0,No,Yes,No,Yes,No,No,No internet service,Yes,No,Yes,Yes,Two year,No,Mailed check,0
1388,18,91.73727740629734,925.3365879458962,Female,0,Yes,No,Yes,No,No,No internet service,No internet service,No,No internet service,Yes,Yes,Two year,No,Mailed check,1
1389,15,86.43393666056822,3649.436985080411,Male,0,No,Yes,Yes,Yes,No,Yes,No,Yes,Yes,Yes,No internet service,Month-to-month,No,Mailed check,0
1390,27,54.33777895745725,2368.161976327801,Male,0,Yes,Yes,Yes,Yes,Fiber optic,No internet service,No internet service,No internet service,Yes,No internet service,Yes,Month-to-month,No,Credit card,1
1391,60,21.909919935372585,926.6386747282421,Female,0,No,Yes,Yes,Yes,Fiber optic,Yes,Yes,No internet service,Yes,Yes,Yes,Two year,No,Mailed check,0
1392,46,88.97912473128662,6131.6664692908935,Female,1,Yes,No,Yes,No,DSL,Yes,No internet service,No internet service,Yes,No,No internet service,Two year,Yes,Bank transfer,0
1393,17,114.54948605595001,4135.257040941183,Female,0,Yes,Yes,No,Yes,No,Yes,No internet service,No,No,No internet service,No internet service,One year,Yes,Credit card,1
1394,53,83.21201219156514,4498.472887190176,Male,0,No,Yes,No,Yes,No,No,No,Yes,No internet service,Yes,No,Month-to-month,Yes,Bank transfer,1
1395,8,63.52927241876341,3348.915984491599,Female,0,Yes,Yes,No,No phone service,Fiber optic,Yes,No internet service,Yes,No,No internet service,No,Two year,Yes,Credit card,1
1396,27,72.51538941116283,3736.664129661608,Female,0,No,Yes,Yes,No phone service,Fiber optic,Yes,Yes,No,Yes,No internet service,No internet service,One year,No,Credit card,1
1397,46,39.962880765991756,1016.5373582717248,Male,0,Yes,Yes,Yes,No,No,No internet service,Yes,No internet service,No internet service,No,Yes,One year,No,Bank transfer,0
1398,50,95.05441637537376,5416.050811867114,Female,1,No,No,Yes,No,Fiber optic,No,No internet service,Yes,Yes,No internet service,No internet service,Two year,Yes,Electronic check,0
1399,71,94.64198300098491,3516.3341408811884,Male,0,No,Yes,Yes,No,No,No,No,No internet service,No,No,No internet service,Two year,Yes,Bank transfer,0
1400,3,34.55173003874249,6552.463827723708,Male,0,No,No,Yes,No,DSL,No,Yes,No internet service,Yes,No,No internet service,One year,No,Mailed check,0
1401,64,107.7978382499659,1650.6688811303013,Male,0,No,Yes,No,Yes,DSL,Yes,No,Yes,No,Yes,No,One year,Yes,Mailed check,0
1402,44,46.91897394733053,1719.9352380088026,Male,0,No,No,Yes,Yes,DSL,Yes,No internet service,No internet service,No,No,No internet service,Two year,No,Bank transfer,0
1403,53,118.22560609366148,5201.500615092433,Male,0,No,No,No,No,No,Yes,No,Yes,Yes,Yes,Yes,Month-to-month,No,Electronic check,1
1404,24,58.290301403724584,6783.427044839435,Female,0,No,Yes,Yes,No,Fiber optic,No internet service,No internet service,Yes,Yes,Yes,No internet service,Month-to-month,Yes,Credit card,0
1405,60,37.78840587344996,3830.362925083585,Male,0,No,No,No,No phone service,DSL,Yes,No internet service,No,No,Yes,No internet service,Month-to-month,Yes,Credit card,0
1406,3,55.17201113456523,5842.93556299149,Female,0,Yes,Yes,Yes,No,No,No,No,Yes,No internet service,No,No internet service,Month-to-month,Yes,Mailed check,1
1407,20,64.01803286971932,7994.706379795377,Male,0,Yes,No,Yes,No phone service,DSL,No internet service,Yes,No,No,Yes,No,Month-to-month,Yes,Electronic check,1
1408,46,26.930777303829483,7923.098553858532,Female,0,Yes,Yes,No,No,DSL,No internet service,No internet service,No internet service,No internet service,No,Yes,Month-to-month,No,Credit card,1
1409,15,77.82183812232896,5980.26105829143,Male,0,Yes,Yes,Yes,No,Fiber optic,No,No internet service,No,No,No,Yes,Month-to-month,Yes,Credit card,1
1410,25,79.76324398689003,5942.733268458165,Male,0,No,Yes,Yes,Yes,No,Yes,No internet service,No internet service,Yes,Yes,No,Two year,Yes,Mailed check,0
1411,71,93.89304553494722,2056.189208871355,Male,1,No,Yes,Yes,No,Fiber optic,No internet service,Yes,No,No,No,No,One year,No,Electronic check,1
1412,17,22.91698922907433,6684.963089195812,Female,0,Yes,No,No,No phone service,Fiber optic,No,Yes,No internet service,No internet service,Yes,No,One year,No,Credit card,0
1413,9,74.12382144338301,3300.3068036722525,Female,0,Yes,Yes,No,Yes,Fiber optic,Yes,No internet service,Yes,No internet service,Yes,Yes,One year,No,Electronic check,0
1414,38,25.290743327066437,7699.751887947899,Female,0,No,Yes,Yes,No phone service,DSL,No internet service,Yes,No,No internet service,Yes,Yes,One year,No,Electronic check,0
1415,48,90.11442199666534,743.2787407847906,Male,0,Yes,Yes,No,No,DSL,No internet service,No,Yes,No internet service,No internet service,No internet service,Month-to-month,No,Mailed check,1
1416,60,25.57279857009845,3543.1389140945357,Male,0,No,No,No,Yes,DSL,No internet service,No,Yes,No internet service,No,Yes,Two year,No,Credit card,1
1417,63,111.17278483416327,4491.139852699639,Female,0,Yes,Yes,No,No phone service,No,No internet service,No,No internet service,No,No internet service,No,One year,Yes,Mailed check,0
1418,2,90.20825668844965,3300.734035980702,Male,0,No,No,No,No,Fiber optic,No internet service,No,No internet service,Yes,No internet service,Yes,Month-to-month,No,Bank transfer,1
1419,11,70.73897650851572,1763.5756049890524,Female,0,No,No,No,No phone service,DSL,Yes,No internet service,No internet service,Yes,No,Yes,Month-to-month,Yes,Credit card,1
1420,64,64.15039232811749,4784.609061381828,Male,0,Yes,Yes,Yes,No,Fiber optic,No,No,No internet service,No,No,Yes,Month-to-month,Yes,Electronic check,1
1421,21,33.06726304132624,6071.751525538587,Female,0,Yes,No,Yes,No phone service,Fiber optic,No internet service,Yes,No,Yes,Yes,Yes,Two year,No,Electronic check,0
1422,18,49.09993895646631,5194.224908559552,Female,0,No,Yes,Yes,No,Fiber optic,No,No internet service,Yes,No,No internet service,No internet service,Two year,No,Credit card,0
1423,64,106.89591050208962,1952.145905583512,Male,0,Yes,No,No,No phone service,Fiber optic,No,Yes,No internet service,No internet service,No,No,Two year,No,Mailed check,1
1424,38,110.4452811562494,5879.702760511339,Female,0,Yes,Yes,No,Yes,Fiber optic,No,No,Yes,No,Yes,Yes,One year,No,Electronic check,0
1425,32,20.074770837053105,2129.49266775205,Male,0,No,Yes,No,No,DSL,Yes,No internet service,No,Yes,No,No,One year,Yes,Credit card,0
1426,11,79.41363914775513,1484.0986670999162,Male,1,Yes,Yes,Yes,No,No,No,No internet service,No internet service,Yes,No,No,Two year,No,Electronic check,0
1427,45,91.93006090251136,5556.277321965905,Male,0,Yes,No,Yes,No phone service,No,No,No internet service,No,Yes,Yes,Yes,Two year,No,Mailed check,0
1428,33,81.87469824576063,6758.01924430004,Female,0,No,No,Yes,No,No,No,No,No,No,No,No internet service,Two year,Yes,Credit card,1
1429,41,28.167976486635396,3904.161636802938,Female,0,No,No,Yes,Yes,No,No internet service,Yes,Yes,No,Yes,No internet service,Two year,No,Mailed check,1
1430,8,41.77248987989022,4297.995165793658,Female,0,No,No,Yes,No phone service,Fiber optic,No internet service,No internet service,Yes,No,No internet service,No internet service,Month-to-month,No,Mailed check,1
1431,11,45.03402673813861,2491.7058067227363,Male,0,Yes,Yes,Yes,No phone service,DSL,No,Yes,No,Yes,Yes,Yes,One year,Yes,Credit card,0
1432,51,103.17246313050897,4007.4823193692546,Male,0,No,Yes,Yes,No phone service,DSL,Yes,No,No,No,No,Yes,Month-to-month,Yes,Mailed check,1
1433,41,66.31994363089206,1142.665684298017,Female,0,Yes,No,Yes,Yes,Fiber optic,No internet service,No,No internet service,No,No internet service,Yes,One year,No,Mailed check,0
1434,17,68.68282119412368,7651.063554495621,Male,0,Yes,No,No,Yes,Fiber optic,No internet service,Yes,Yes,Yes,No internet service,Yes,Month-to-month,Yes,Mailed check,1
1435,46,113.48930465545085,6422.84916388711,Male,0,Yes,No,No,No,DSL,No,No internet service,No,No internet service,Yes,Yes,Month-to-month,No,Electronic check,0
1436,32,83.70858888547156,5376.98718049526,Female,0,Yes,No,No,No phone service,DSL,No,Yes,No,No internet service,Yes,No,Month-to-month,No,Mailed check,1
1437,54,109.86677015526638,4351.735536306784,Female,0,No,Yes,Yes,Yes,No,Yes,No internet service,Yes,Yes,Yes,No,Two year,Yes,Bank transfer,1
1438,20,65.6508855341533,6358.136176200919,Male,0,Yes,Yes,Yes,No,No,No internet service,No internet service,No,Yes,No internet service,Yes,Month-to-month,Yes,Electronic check,1
1439,33,34.943625851829424,4008.582192727854,Male,1,Yes,Yes,Yes,Yes,No,No,Yes,No internet service,No internet service,Yes,No internet service,Month-to-month,Yes,Bank transfer,1
1440,40,112.99355940740857,2469.793874420807,Female,0,Yes,No,No,Yes,DSL,No internet service,No internet service,No,No,No,No,Two year,Yes,Mailed check,0
1441,32,65.87051156675383,1366.9564578167092,Female,0,No,No,Yes,Yes,No,No,No internet service,No,Yes,No internet service,Yes,Two year,No,Mailed check,0
1442,2,38.16314218788219,5215.926151534278,Male,0,No,No,No,No,DSL,No,No internet service,Yes,No internet service,Yes,Yes,One year,No,Electronic check,0
1443,33,50.23957403039222,7442.463385709461,Male,0,No,No,No,Yes,DSL,Yes,No,Yes,No,No internet service,No,Month-to-month,No,Mailed check,1
1444,30,25.080258968894224,1313.5865726843742,Male,0,Yes,Yes,Yes,Yes,Fiber optic,No internet service,No internet service,No internet service,Yes,No,No,One year,Yes,Electronic check,0
1445,33,66.83005914563851,1522.1425559013735,Female,1,Yes,Yes,No,Yes,DSL,No internet service,Yes,No,No internet service,No,Yes,One year,No,Credit card,0
1446,26,105.31281719102365,3525.487663935327,Male,0,No,No,Yes,No phone service,Fiber optic,No,No,No internet service,No,No,No internet service,Month-to-month,Yes,Electronic check,1
1447,22,113.35804560066893,6474.504848565543,Male,0,No,Yes,No,Yes,Fiber optic,Yes,No internet service,No,No,Yes,Yes,One year,Yes,Mailed check,1
1448,66,113.26022075036437,2421.9895588748864,Male,0,Yes,Yes,Yes,No phone service,DSL,Yes,No,No,No internet service,Yes,No,Two year,Yes,Electronic check,0
1449,38,32.52300256287467,2105.912104893222,Male,0,No,Yes,Yes,Yes,DSL,Yes,Yes,Yes,No,No internet service,No,Two year,Yes,Electronic check,0
1450,46,58.205388251105695,4997.7337025563875,Male,0,Yes,Yes,Yes,No phone service,No,No internet service,No,No internet service,No internet service,Yes,Yes,Month-to-month,No,Electronic check,0
1451,15,22.822875965070637,4331.356776807222,Male,0,No,No,No,Yes,DSL,No,No,No,No internet service,No internet service,No,One year,No,Mailed check,0
1452,44,105.51653449714728,575.7408791173665,Female,0,Yes,Yes,Yes,No phone service,No,No,No internet service,No,No,Yes,Yes,Month-to-month,Yes,Electronic check,1
1453,49,55.87557620212738,743.7708207432846,Female,0,Yes,Yes,Yes,No phone service,No,Yes,Yes,Yes,No internet service,No,No internet service,Two year,No,Bank transfer,0
1454,61,83.11170278922347,5179.802543459653,Female,0,Yes,Yes,Yes,No phone service,DSL,Yes,Yes,Yes,No internet service,Yes,No internet service,Month-to-month,Yes,Credit card,1
1455,67,91.48984380772886,3774.4764332674586,Male,0,No,Yes,Yes,Yes,No,Yes,No,Yes,Yes,Yes,Yes,Two year,No,Credit card,0
1456,6,62.98446697431554,7770.719813554261,Female,0,No,No,Yes,No,Fiber optic,No internet service,No internet service,No internet service,No internet service,Yes,No,Two year,No,Credit card,1
1457,9,50.6442336550243,5460.398144767511,Male,0,Yes,Yes,No,No phone service,Fiber optic,No,No,No internet service,No,No,No,Two year,No,Electronic check,1
1458,6,116.22129101159447,179.5819297465285,Male,1,No,Yes,No,No phone service,DSL,Yes,No,No,No internet service,No internet service,No internet service,One year,Yes,Electronic check,0
1459,32,116.44882250238543,3900.0483604236483,Male,0,Yes,No,No,No phone service,DSL,Yes,No,No internet service,No,Yes,No,One year,Yes,Credit card,0
1460,41,48.94363680300219,3374.138686780288,Male,1,No,No,Yes,No phone service,DSL,No,No internet service,Yes,Yes,No,No,One year,No,Credit card,0
1461,8,67.96250967444581,943.0394939507727,Male,1,No,No,Yes,No phone service,Fiber optic,No internet service,No,Yes,No,Yes,Yes,One year,No,Mailed check,1
1462,50,117.28441586600223,7393.3498033903015,Female,0,Yes,No,Yes,No,No,No internet service,No internet service,No internet service,No internet service,Yes,No internet service,Two year,No,Electronic check,1
1463,62,20.486840765550323,6459.589262745617,Female,0,No,No,No,Yes,Fiber optic,No internet service,Yes,No,No,No,No internet service,Two year,Yes,Mailed check,0
1464,62,61.26782483791492,1917.6786765180148,Female,0,No,No,No,No,No,No,No,No,Yes,Yes,Yes,Two year,No,Electronic check,0
1465,7,30.045754968096844,2122.247994859678,Male,0,Yes,Yes,Yes,Yes,No,No internet service,Yes,No,Yes,Yes,Yes,One year,No,Credit card,1
1466,4,70.91579655626026,352.94262122366257,Female,0,Yes,Yes,No,No,DSL,Yes,No,No,Yes,Yes,No internet service,Month-to-month,Yes,Bank transfer,1
1467,6,22.466995454048714,2444.0678674744236,Male,0,Yes,No,No,Yes,DSL,No internet service,Yes,Yes,No,Yes,No internet service,Month-to-month,No,Mailed check,1
1468,58,60.68984313906279,4718.513870415493,Female,0,Yes,Yes,Yes,No phone service,DSL,No,No internet service,No internet service,No,Yes,Yes,One year,No,Bank transfer,0
1469,22,42.06990747853351,3424.662768254679,Female,0,No,Yes,No,Yes,Fiber optic,No internet service,No,Yes,No,No,No internet service,One year,No,Electronic check,1
1470,26,73.33083624587408,7757.1181633854785,Female,0,No,Yes,Yes,Yes,Fiber optic,No,No,No,Yes,No,No internet service,One year,No,Bank transfer,0
1471,3,119.59936491006997,543.033337183,Female,0,Yes,Yes,No,No phone service,Fiber optic,No,No internet service,No,No,Yes,No,One year,Yes,Credit card,0
1472,41,100.05361051267477,4772.298255302184,Female,0,No,Yes,No,No phone service,DSL,No internet service,Yes,Yes,Yes,Yes,No internet service,Two year,No,Electronic check,1
1473,60,104.56420916244214,6880.64458000568,Female,0,Yes,No,No,Yes,DSL,Yes,Yes,No,Yes,No internet service,Yes,One year,No,Credit card,0
1474,14,83.52649873590809,3897.8532080368086,Male,0,Yes,Yes,Yes,Yes,No,No,No internet service,Yes,No internet service,No,No,Two year,Yes,Electronic check,1
1475,12,24.155984827225858,123.40549242713483,Male,0,Yes,Yes,No,No phone service,No,No internet service,Yes,Yes,No internet service,Yes,No,One year,Yes,Electronic check,1
1476,12,40.67976760441441,2018.131848627574,Male,0,No,No,Yes,No,DSL,No,No internet service,Yes,Yes,No internet service,No internet service,Two year,No,Electronic check,0
1477,13,112.5064556447055,2657.7749077769327,Male,0,No,Yes,No,No phone service,Fiber optic,No internet service,Yes,Yes,Yes,No,No,Two year,Yes,Credit card,1
1478,25,56.61131179287512,7731.356507003953,Male,0,No,Yes,Yes,Yes,DSL,Yes,No internet service,No,Yes,No internet service,Yes,Two year,Yes,Electronic check,0
1479,45,30.363672648079557,7303.008926525726,Female,1,Yes,Yes,Yes,Yes,Fiber optic,No,No internet service,No,No internet service,No internet service,Yes,One year,Yes,Electronic check,0
1480,19,90.2405365866202,7598.4469903502795,Male,0,Yes,Yes,Yes,Yes,DSL,Yes,No internet service,No,Yes,Yes,No internet service,Two year,No,Mailed check,0
1481,55,49.945772393425464,6623.491815174049,Male,1,No,Yes,No,No phone service,DSL,Yes,No internet service,No internet service,No internet service,Yes,No internet service,One year,Yes,Credit card,1
1482,45,46.88569129041717,2878.017099499845,Male,0,No,Yes,Yes,No phone service,No,Yes,Yes,Yes,No internet service,No,Yes,Two year,Yes,Electronic check,1
1483,8,119.79774555582604,7256.423734559984,Male,0,No,No,No,No,Fiber optic,Yes,No,No internet service,No,No internet service,Yes,Two year,Yes,Electronic check,0
1484,53,105.81389250266544,7855.307596902686,Male,1,No,Yes,Yes,Yes,Fiber optic,Yes,Yes,Yes,No,No internet service,No internet service,One year,No,Electronic check,0
1485,55,60.793781836784106,2865.563366972128,Male,0,Yes,No,Yes,Yes,DSL,No internet service,No internet service,Yes,No,Yes,Yes,Month-to-month,Yes,Bank transfer,1
1486,32,118.02612078164991,2158.3921312929465,Male,0,No,No,Yes,No phone service,No,Yes,No,No,No internet service,No,No internet service,One year,No,Bank transfer,0
1487,51,85.01132234192136,4420.6387129795485,Male,0,No,Yes,Yes,Yes,DSL,No internet service,No,Yes,Yes,Yes,No,Month-to-month,No,Mailed check,1
1488,44,94.20224518797602,1578.502321531547,Male,0,Yes,Yes,No,No,DSL,Yes,Yes,No internet service,No,No,No,One year,Yes,Bank transfer,0
1489,70,23.15130430822116,357.7313491104037,Female,0,No,Yes,No,No phone service,Fiber optic,Yes,No internet service,No,No internet service,No internet service,No internet service,Two year,No,Mailed check,1
1490,18,32.16052593480571,7572.06625181537,Male,0,No,No,Yes,Yes,DSL,No,No internet service,No,Yes,No,No internet service,One year,No,Electronic check,0
1491,22,83.30851264962384,7413.350996287212,Male,1,No,No,No,No phone service,No,No internet service,No internet service,Yes,No,No internet service,No internet service,Month-to-month,No,Credit card,1
1492,37,109.90239826494839,1384.9654447207563,Female,0,Yes,No,No,No phone service,DSL,Yes,No internet service,No,No internet service,No,Yes,Two year,No,Electronic check,0
1493,56,82.37437260875956,3321.1479507447834,Female,1,Yes,Yes,Yes,No,No,Yes,No internet service,No internet service,No,Yes,No internet service,One year,Yes,Credit card,0
1494,59,33.40248943189918,6665.186874854216,Male,0,No,No,No,No phone service,Fiber optic,Yes,No,Yes,No,Yes,No internet service,One year,No,Mailed check,0
1495,3,31.576004624632464,5321.902360684739,Male,0,Yes,Yes,No,Yes,Fiber optic,No internet service,Yes,No internet service,No internet service,Yes,No,Two year,No,Credit card,1
1496,28,104.41858958240816,3218.82132244864,Male,1,No,Yes,Yes,No,DSL,No internet service,Yes,No,No,No,No internet service,Month-to-month,Yes,Mailed check,1
1497,35,33.93023387079143,5978.95087774427,Female,0,No,No,No,No phone service,No,No internet service,Yes,No internet service,No internet service,No internet service,No internet service,One year,No,Mailed check,0
1498,61,72.02319605040253,7186.674366860509,Male,1,Yes,No,Yes,Yes,Fiber optic,No,No,No internet service,No internet service,Yes,No,Month-to-month,Yes,Credit card,1
1499,54,23.71133199623023,7416.650811154357,Female,0,No,Yes,No,No phone service,No,No,No,No,No,No,Yes,One year,Yes,Electronic check,0
1500,63,28.066976739117738,3092.9119341852934,Female,0,Yes,No,Yes,No phone service,Fiber optic,Yes,Yes,Yes,Yes,No,No internet service,One year,Yes,Bank transfer,0
1501,7,87.23482676428648,1471.1293725752691,Female,1,Yes,No,No,No,Fiber optic,No internet service,No,Yes,Yes,Yes,No internet service,One year,Yes,Electronic check,1
1502,49,88.91814104275167,7311.426979732403,Female,1,Yes,Yes,No,No,No,No internet service,No,No,Yes,Yes,No internet service,Month-to-month,Yes,Mailed check,1
1503,31,54.14694066084424,831.1880223021233,Female,0,No,No,No,No,No,No,Yes,Yes,No internet service,Yes,No internet service,Two year,No,Electronic check,0
1504,58,41.56097652430448,5801.3382907024925,Male,0,No,No,No,No,No,Yes,No,No internet service,No,Yes,No,One year,No,Electronic check,0
1505,61,101.3710270757308,1209.928787400333,Male,0,No,Yes,No,Yes,Fiber optic,No internet service,No internet service,No,Yes,No,No,Two year,Yes,Electronic check,0
1506,24,41.71032294698904,3176.156151874768,Female,1,No,Yes,Yes,No phone service,No,No internet service,Yes,No,No,No internet service,No,One year,No,Bank transfer,0
1507,20,74.20270696663798,3351.2903977057163,Female,0,Yes,No,No,No,DSL,Yes,Yes,Yes,Yes,No internet service,No internet service,One year,Yes,Credit card,0
1508,37,116.82088408629055,1354.1875293854587,Female,0,No,No,Yes,Yes,No,No,Yes,Yes,Yes,No,Yes,Month-to-month,No,Bank transfer,1
1509,4,34.78524378623838,7389.183328652234,Female,0,No,No,Yes,No,Fiber optic,No,Yes,No,No,No internet service,No internet service,Two year,No,Electronic check,1
1510,20,114.08762674947089,121.07852727336149,Male,0,Yes,Yes,No,No phone service,No,No internet service,No,No,No,No,No internet service,Two year,Yes,Credit card,1
1511,60,38.289305306866865,7161.087491411382,Female,1,Yes,No,Yes,No,No,Yes,Yes,No,No,No,Yes,Month-to-month,Yes,Electronic check,1
1512,24,76.74432080232296,7082.251655456335,Female,0,No,Yes,No,No phone service,No,Yes,No internet service,No,No,No,No internet service,Two year,No,Mailed check,0
1513,50,57.70077119587446,2604.0128642142126,Male,0,Yes,Yes,No,No phone service,DSL,Yes,No,No internet service,Yes,No internet service,No,One year,Yes,Electronic check,0
1514,49,116.4928601501826,5663.845732046277,Male,0,No,Yes,No,Yes,Fiber optic,No internet service,No,No internet service,No,No,No,One year,No,Credit card,1
1515,51,47.35420290019369,2097.190399256692,Male,0,No,Yes,No,No,DSL,No,Yes,No,No internet service,No,Yes,Two year,No,Bank transfer,0
1516,36,59.96580020857537,6094.3111418061135,Male,0,Yes,No,Yes,No,DSL,No,No,No,Yes,Yes,No,Two year,No,Bank transfer,1
1517,66,118.28601178554204,4532.8459601231725,Female,1,Yes,No,No,No phone service,Fiber optic,No,No,No,No internet service,Yes,Yes,Two year,No,Electronic check,0
1518,34,73.64703911884732,2471.781088556501,Female,0,No,No,No,No,Fiber optic,No,No,No internet service,Yes,No internet service,Yes,Month-to-month,No,Bank transfer,1
1519,36,70.26301156212534,3261.854553737471,Female,0,No,No,No,No phone service,No,No,Yes,Yes,Yes,Yes,No internet service,Two year,No,Credit card,1
1520,6,45.77784882039913,5550.120984683388,Female,0,No,No,Yes,Yes,Fiber optic,No internet service,No internet service,No internet service,No internet service,Yes,No,Two year,Yes,Bank transfer,1
1521,39,90.13635603104414,7258.169852185886,Female,0,No,Yes,Yes,No,No,No internet service,Yes,No,Yes,Yes,Yes,One year,No,Bank transfer,0
1522,42,21.437295177777763,1132.7394808814695,Female,0,No,Yes,Yes,No phone service,DSL,No,No internet service,No,No internet service,No,No internet service,Month-to-month,Yes,Electronic check,0
1523,58,24.95126297022935,4613.775360386341,Female,0,Yes,No,Yes,No,No,No,No,No,Yes,Yes,Yes,Two year,No,Credit card,1
1524,12,79.93585871358027,2104.460675711228,Female,0,No,No,No,No,Fiber optic,No internet service,No internet service,No,No,No internet service,No,Two year,No,Credit card,0
1525,3,54.16745738184541,6430.840774016127,Female,0,Yes,No,Yes,Yes,No,No,Yes,No internet service,Yes,No,No,Month-to-month,No,Mailed check,1
1526,18,115.33163722009606,654.8747163689004,Male,1,Yes,No,Yes,No phone service,DSL,No,Yes,Yes,No internet service,No internet service,No internet service,One year,No,Bank transfer,0
1527,40,110.31906907227857,5542.750742352241,Female,0,Yes,Yes,Yes,Yes,Fiber optic,No,Yes,No,No,No internet service,Yes,Month-to-month,Yes,Credit card,1
1528,21,91.37062586767073,1482.0735081591354,Male,0,No,No,Yes,Yes,Fiber optic,Yes,No,No,No,No internet service,No,One year,Yes,Mailed check,0
1529,15,101.81455811278013,4811.444805385511,Male,0,No,Yes,No,Yes,No,No,No internet service,No,No,No internet service,No,Two year,Yes,Electronic check,1
1530,26,86.73318496676933,6701.971438822267,Male,0,Yes,Yes,No,No phone service,No,Yes,Yes,Yes,No,No internet service,No,Two year,No,Mailed check,0
1531,8,32.558210271016065,6065.137230761268,Male,0,Yes,No,Yes,No phone service,No,No,Yes,No internet service,Yes,Yes,No,Month-to-month,No,Mailed check,1
1532,42,96.55433696892027,6048.248812700735,Female,0,Yes,Yes,Yes,No,DSL,No,Yes,Yes,No internet service,Yes,No,Two year,No,Credit card,0
1533,44,41.01919687188464,4190.977966276551,Male,0,Yes,No,No,No phone service,DSL,No internet service,No,No internet service,No,No internet service,Yes,Month-to-month,Yes,Mailed check,0
1534,14,52.344285510019674,7136.890175612799,Male,1,Yes,Yes,No,Yes,Fiber optic,No internet service,Yes,No,No internet service,No internet service,Yes,Month-to-month,Yes,Electronic check,1
1535,2,101.92342121024203,4746.031066111784,Female,0,No,Yes,No,No phone service,Fiber optic,No internet service,No,Yes,No internet service,Yes,No internet service,Month-to-month,No,Credit card,1
1536,37,73.65256083934483,7348.391951541607,Male,0,Yes,Yes,No,No,DSL,Yes,No,Yes,No,No internet service,No,Two year,No,Credit card,1
1537,69,105.99407141834092,4417.527416876099,Female,0,No,Yes,Yes,Yes,No,Yes,Yes,No,No internet service,Yes,No internet service,One year,Yes,Credit card,0
1538,38,41.30353198432642,4097.127947858024,Female,0,Yes,Yes,Yes,No,No,No,No,Yes,No internet service,No internet service,Yes,Two year,Yes,Credit card,0
1539,41,80.77784386068872,1856.5888517614844,Female,1,Yes,No,No,No phone service,DSL,Yes,No,No,No internet service,No internet service,Yes,One year,No,Electronic check,0
1540,62,28.379097254826164,4403.81456683862,Female,0,No,Yes,Yes,No,No,No internet service,Yes,No,No internet service,No,No internet service,One year,Yes,Electronic check,0
1541,60,84.30609935400297,1210.6201668662861,Male,0,No,No,Yes,No,DSL,Yes,Yes,No internet service,Yes,No internet service,Yes,One year,Yes,Electronic check,0
1542,14,96.25340377755347,6970.552589950409,Female,1,Yes,No,Yes,No phone service,No,No,No internet service,No internet service,Yes,No,No,Two year,Yes,Bank transfer,1
1543,2,78.49308939787217,5439.545920795518,Male,0,No,Yes,No,No,No,Yes,Yes,No,Yes,No internet service,No,One year,No,Electronic check,1
1544,70,46.62315014988103,7949.720043094241,Male,0,No,No,No,No phone service,Fiber optic,No internet service,No internet service,No,No internet service,No,Yes,Two year,No,Mailed check,0
1545,17,23.13426688588667,827.5696795451325,Female,0,Yes,Yes,No,Yes,No,No,No internet service,Yes,Yes,Yes,No,Two year,Yes,Credit card,0
1546,28,31.944888396428578,2001.3147237777662,Male,0,Yes,No,No,No,No,Yes,No internet service,No,No,No internet service,No internet service,Month-to-month,No,Mailed check,1
1547,66,82.23029790740262,7029.5529737025,Female,0,Yes,No,Yes,Yes,DSL,No,Yes,No,No internet service,Yes,Yes,Two year,No,Electronic check,0
1548,35,113.44202168425137,3222.5073881744497,Male,0,No,Yes,No,No phone service,DSL,No,No internet service,Yes,Yes,No,No internet service,Two year,No,Bank transfer,0
1549,5,40.65344039720064,3783.793620856991,Male,0,Yes,No,No,No phone service,DSL,Yes,No internet service,No,Yes,No,Yes,Two year,Yes,Bank transfer,0
1550,65,93.50261491050988,6899.149910362174,Male,0,Yes,No,Yes,No,DSL,No,No internet service,No,No internet service,No,No,Two year,No,Credit card,0
1551,40,106.64510632490415,4222.403477104623,Male,1,No,No,No,No,No,Yes,Yes,No internet service,No internet service,No,No,One year,Yes,Electronic check,0
1552,56,72.08821784475111,1628.4592103735083,Female,0,Yes,Yes,Yes,No phone service,DSL,No internet service,Yes,No,No internet service,Yes,No,One year,No,Bank transfer,1
1553,36,86.92657958436577,7147.0379117372695,Female,0,No,No,No,No phone service,Fiber optic,No internet service,Yes,No,No,No,No,Two year,No,Mailed check,1
1554,45,101.50153166761481,345.3870857419646,Male,0,No,No,Yes,Yes,DSL,Yes,Yes,Yes,Yes,No internet service,No internet service,Two year,No,Bank transfer,0
1555,23,46.06751577405936,7173.630514383201,Male,0,Yes,Yes,Yes,Yes,No,Yes,No,No internet service,No,No,No internet service,Month-to-month,Yes,Credit card,0
1556,47,49.6895674268043,499.109790711444,Male,0,No,No,Yes,No,Fiber optic,No,Yes,No internet service,Yes,Yes,Yes,One year,Yes,Bank transfer,0
1557,31,20.062751662845617,5360.209980341012,Male,0,No,Yes,Yes,No,No,Yes,No internet service,No,No internet service,Yes,No,Two year,No,Electronic check,0
1558,11,116.30941308978025,666.2670994351439,Female,0,Yes,No,No,No,Fiber optic,No,Yes,No internet service,Yes,No internet service,No,Month-to-month,No,Mailed check,1
1559,10,111.75448945963448,5679.082589124017,Male,0,No,No,Yes,No,Fiber optic,No internet service,No,No internet service,No internet service,Yes,No internet service,Month-to-month,No,Credit card,1
1560,67,96.45682637594304,368.373438530312,Male,0,Yes,No,Yes,No,Fiber optic,Yes,No,No internet service,Yes,No,No,Two year,Yes,Credit card,1
1561,14,27.907602097664814,6755.416048915222,Male,0,Yes,Yes,No,No,No,No internet service,No,Yes,No,No internet service,No,Month-to-month,Yes,Bank transfer,0
1562,10,64.75028896995082,3780.9572123468797,Female,0,Yes,No,Yes,No,Fiber optic,Yes,Yes,Yes,Yes,No internet service,No,Month-to-month,No,Credit card,1
1563,1,30.18917539715528,838.2859100841356,Male,0,Yes,Yes,Yes,No,No,No internet service,No,No internet service,No internet service,Yes,No internet service,Month-to-month,Yes,Bank transfer,1
1564,5,21.59202672627986,5683.873615580137,Female,0,Yes,Yes,No,Yes,Fiber optic,Yes,No,No internet service,No,No internet service,No internet service,One year,No,Mailed check,1
1565,20,81.61829652125974,3965.3922442797234,Female,0,No,No,No,No phone service,DSL,Yes,No,No,No,No,No,Month-to-month,Yes,Bank transfer,1
1566,8,116.08294170801884,1608.4959851159988,Male,1,No,No,No,No phone service,DSL,No,Yes,No internet service,Yes,No,No internet service,Month-to-month,No,Credit card,1
1567,43,110.28680234321502,223.81175372093364,Male,0,No,Yes,Yes,No,Fiber optic,No,No,Yes,Yes,Yes,No,Two year,No,Mailed check,1
1568,1,89.67548149354043,3402.1862518317434,Male,0,Yes,No,Yes,No phone service,Fiber optic,Yes,No,No,No,No,Yes,Two year,No,Bank transfer,1
1569,57,29.664058416487144,776.4709227554309,Female,1,Yes,No,No,No,DSL,No,No internet service,Yes,Yes,No,No,One year,No,Credit card,1
1570,64,47.41640376723001,843.9406161531739,Female,0,Yes,No,No,Yes,DSL,Yes,No internet service,Yes,No internet service,Yes,No,Two year,No,Credit card,0
1571,28,52.005672688529096,2211.903432065147,Male,0,Yes,No,No,No,No,Yes,No internet service,Yes,No internet service,No,Yes,One year,Yes,Electronic check,0
1572,37,96.31500577455613,5080.620548215152,Female,0,No,Yes,Yes,Yes,DSL,No internet service,No,Yes,Yes,Yes,No,Month-to-month,Yes,Bank transfer,1
1573,47,100.22491792351141,4286.293807631499,Male,1,No,No,Yes,Yes,No,No,No internet service,Yes,No,Yes,No,Month-to-month,Yes,Bank transfer,1
1574,37,58.510612298992044,644.9997352435768,Male,0,Yes,Yes,No,Yes,Fiber optic,No,Yes,No,Yes,Yes,Yes,Month-to-month,No,Bank transfer,1
1575,49,61.78839966176097,7750.607079550511,Male,0,Yes,Yes,Yes,No,No,No internet service,No internet service,Yes,No,No internet service,No,Two year,Yes,Mailed check,0
1576,44,24.450903927617134,7108.632637527269,Male,1,Yes,Yes,Yes,Yes,Fiber optic,Yes,Yes,No internet service,No,No,Yes,One year,Yes,Mailed check,1
1577,56,48.913671841876095,2147.88134844675,Male,0,No,Yes,Yes,No,No,No,No internet service,No,No internet service,No,Yes,Two year,No,Electronic check,0
1578,28,65.128517717764,1066.474750100916,Male,0,No,Yes,No,Yes,No,Yes,No internet service,No internet service,Yes,No,No,Two year,No,Electronic check,0
1579,6,31.69830463852576,7544.982631580223,Female,0,Yes,Yes,No,Yes,No,No,No internet service,No,No,Yes,No,One year,No,Electronic check,1
1580,61,65.32674607550214,3743.020045257529,Female,0,Yes,Yes,Yes,No phone service,Fiber optic,No,Yes,No internet service,No,Yes,No,One year,No,Credit card,1
1581,20,105.31758122578003,2558.2190216943427,Female,1,No,No,No,No,Fiber optic,Yes,Yes,Yes,No,No,Yes,One year,Yes,Credit card,0
1582,2,78.13210197250532,3973.8284778049806,Male,0,No,No,Yes,No phone service,No,Yes,No internet service,No internet service,No,No,Yes,Month-to-month,No,Electronic check,0
1583,37,27.89298550384123,6204.678741916656,Male,0,Yes,Yes,Yes,Yes,Fiber optic,No,Yes,Yes,No internet service,No,No internet service,Two year,No,Credit card,0
1584,20,39.16713188302744,1430.2438565941304,Male,0,Yes,No,No,No phone service,No,No internet service,No internet service,No,No internet service,No,Yes,Two year,No,Electronic check,0
1585,26,67.45443501585562,6163.217084723527,Female,0,Yes,No,No,Yes,Fiber optic,No internet service,No,Yes,No internet service,No internet service,No internet service,Month-to-month,No,Mailed check,0
1586,29,56.148714982181204,6020.629624677537,Male,0,No,No,No,No phone service,No,No internet service,No,No internet service,No internet service,Yes,Yes,One year,Yes,Credit card,0
1587,1,55.87270195460987,4360.8508182429505,Female,0,Yes,No,Yes,No phone service,DSL,No internet service,No,Yes,No internet service,No internet service,No,Two year,No,Credit card,1
1588,35,72.92674481435901,6940.1540811216955,Male,0,No,Yes,No,No,DSL,No internet service,Yes,Yes,Yes,No,No,Month-to-month,Yes,Electronic check,0
1589,70,78.43959215894574,1143.9326875418983,Female,0,Yes,No,Yes,No,No,Yes,No,No,Yes,Yes,No,Two year,No,Bank transfer,0
1590,59,99.6861570276191,4804.284152658817,Male,1,Yes,Yes,Yes,No phone service,Fiber optic,No,No internet service,Yes,No internet service,No internet service,No internet service,Two year,Yes,Electronic check,1
1591,69,54.096656346248466,3649.8101147643906,Male,0,Yes,No,Yes,No phone service,No,No internet service,No internet service,No,No,No internet service,No,Two year,No,Credit card,0
1592,33,100.54662830405867,3436.1076914030705,Female,0,No,No,Yes,No,DSL,No,Yes,No internet service,No,Yes,Yes,One year,No,Credit card,1
1593,51,53.86112291126325,2095.232463029251,Female,1,Yes,Yes,Yes,Yes,DSL,Yes,No internet service,No,Yes,No internet service,No,One year,No,Electronic check,0
1594,12,25.54329889412338,3041.0092887982737,Female,0,No,Yes,No,Yes,No,No,No,No internet service,Yes,No,No,Two year,No,Electronic check,0
1595,20,75.41876510047912,954.3909725869594,Male,1,Yes,Yes,Yes,Yes,DSL,Yes,No internet service,No internet service,Yes,No internet service,Yes,One year,No,Electronic check,0
1596,53,78.79023248948145,2087.6318611421193,Female,0,No,No,Yes,Yes,No,No,Yes,Yes,No internet service,No internet service,No internet service,Month-to-month,No,Credit card,0
1597,43,113.454024562186,2248.5243514468525,Female,0,Yes,No,No,No phone service,DSL,No,No internet service,No,No,No,No,Month-to-month,No,Credit card,1
1598,50,92.60613260624744,5793.276152935102,Male,0,No,No,Yes,Yes,Fiber optic,Yes,No internet service,No internet service,No,No,No internet service,Two year,Yes,Credit card,1
1599,29,111.77726524944396,483.5483749500189,Male,0,Yes,Yes,No,No phone service,Fiber optic,No,No,Yes,Yes,No internet service,No internet service,Month-to-month,Yes,Mailed check,1
1600,57,110.83472102430096,5244.419234391799,Female,0,No,Yes,Yes,No phone service,Fiber optic,Yes,Yes,Yes,Yes,No,No,One year,No,Electronic check,0
1601,39,80.45741102582421,1849.1382873661998,Male,0,No,Yes,No,Yes,No,No,No,No internet service,Yes,Yes,Yes,One year,Yes,Mailed check,1
1602,56,72.77620653364475,746.705896738722,Female,0,Yes,Yes,No,Yes,No,No,No internet service,Yes,Yes,Yes,No internet service,Month-to-month,Yes,Electronic check,1
1603,43,75.74409671635999,2476.3686725749294,Female,0,No,Yes,No,Yes,Fiber optic,No internet service,Yes,No,No internet service,No,Yes,Two year,Yes,Mailed check,0
1604,50,117.83308076772478,1873.335668485962,Female,1,No,No,No,No,Fiber optic,No,No internet service,No internet service,No,No,No internet service,Month-to-month,No,Electronic check,1
1605,23,97.31676917469589,4461.055769134815,Male,0,Yes,Yes,No,No phone service,Fiber optic,No internet service,No internet service,No internet service,No internet service,Yes,No,One year,No,Bank transfer,1
1606,44,30.62659047923958,2923.273587238903,Female,1,No,Yes,Yes,Yes,DSL,No internet service,No,Yes,No,Yes,Yes,Two year,No,Mailed check,0
1607,38,97.84284067813999,7731.350565025777,Female,0,Yes,No,No,No,Fiber optic,Yes,No internet service,No internet service,No internet service,No internet service,Yes,One year,No,Credit card,0
1608,23,37.05380488982259,7712.04183518772,Male,0,Yes,Yes,No,No phone service,DSL,Yes,Yes,No internet service,No,No internet service,No internet service,Two year,Yes,Credit card,1
1609,45,64.73505490056257,3605.350626049892,Female,0,No,Yes,No,No phone service,Fiber optic,No,Yes,No internet service,No internet service,No internet service,Yes,Two year,No,Mailed check,1
1610,52,41.04596721765343,6381.1909392160505,Female,0,No,Yes,Yes,No phone service,No,Yes,No,No,No,No internet service,No,Two year,Yes,Electronic check,0
1611,50,88.95830655332298,204.82147280091277,Female,0,No,Yes,No,Yes,Fiber optic,No internet service,No,No,No internet service,Yes,Yes,One year,No,Mailed check,0
1612,8,107.73097361930357,4427.711519325941,Male,0,No,No,Yes,Yes,DSL,No,Yes,No,No,Yes,Yes,Two year,No,Credit card,1
1613,1,49.03618853666809,5972.063461225134,Female,0,No,Yes,Yes,No phone service,Fiber optic,Yes,No,No,Yes,Yes,No internet service,Two year,No,Credit card,1
1614,8,28.201074120818763,1813.8514807179536,Male,0,Yes,No,No,No phone service,DSL,Yes,No internet service,Yes,No,No,Yes,Month-to-month,Yes,Credit card,1
1615,29,49.849309807496326,583.2568658109557,Male,0,Yes,Yes,Yes,No,Fiber optic,Yes,Yes,No internet service,No,Yes,Yes,Month-to-month,No,Mailed check,1
1616,5,87.23618579321943,1331.7595936610016,Female,0,No,No,Yes,No,DSL,No internet service,No,No,No internet service,No,No,One year,Yes,Mailed check,1
1617,47,52.876012755445,3590.5998886734706,Female,0,No,No,Yes,No phone service,DSL,Yes,Yes,Yes,Yes,No,Yes,Two year,No,Bank transfer,1
1618,34,47.81121675538034,4100.334223974469,Male,0,No,Yes,Yes,No,Fiber optic,No,No internet service,No,No internet service,No,No,Month-to-month,Yes,Electronic check,1
1619,65,38.443519058426496,3108.992464659271,Female,0,No,No,Yes,No phone service,Fiber optic,No,No,Yes,No,No internet service,Yes,One year,No,Bank transfer,1
1620,55,69.75164268744335,3575.792759634802,Female,0,No,No,No,No,No,No,Yes,No,No,No,Yes,Two year,Yes,Credit card,0
1621,43,47.59488281571876,3814.856180913322,Male,0,Yes,No,Yes,No phone service,No,No internet service,No internet service,No,No,Yes,No,One year,No,Bank transfer,0
1622,30,93.10103491394831,6178.549626648661,Female,0,Yes,Yes,Yes,Yes,No,Yes,No,No internet service,No,Yes,Yes,Two year,No,Credit card,0
1623,17,27.66224019922027,931.4109948134538,Female,0,Yes,No,Yes,No phone service,DSL,No,Yes,No,No internet service,Yes,Yes,Month-to-month,No,Electronic check,1
1624,26,86.40330331113175,6174.708690559228,Male,0,No,No,Yes,Yes,DSL,Yes,No internet service,No,Yes,Yes,No internet service,Two year,No,Bank transfer,0
1625,8,43.756001456776985,5540.155688130485,Female,0,No,No,Yes,No phone service,No,Yes,No internet service,Yes,No,Yes,No internet service,Month-to-month,No,Credit card,0
1626,47,68.92792610516031,5959.120394862913,Male,1,No,Yes,No,Yes,No,No,No internet service,No internet service,No internet service,Yes,Yes,Two year,No,Bank transfer,0
1627,46,48.608992203126064,5902.30024841505,Male,0,Yes,Yes,Yes,No,Fiber optic,No internet service,No internet service,No internet service,No internet service,No,No,Two year,Yes,Mailed check,0
1628,68,92.27686760107956,3817.675344834091,Female,0,Yes,No,Yes,Yes,No,No,No internet service,Yes,No internet service,Yes,No internet service,Month-to-month,Yes,Mailed check,0
1629,33,114.53070402516367,1770.0614580311103,Male,0,Yes,No,Yes,No,DSL,No,No,No,No internet service,No,Yes,Month-to-month,No,Electronic check,1
1630,1,111.70767794698132,4339.368343984252,Female,0,Yes,Yes,No,No phone service,Fiber optic,No internet service,No internet service,Yes,No internet service,No internet service,No internet service,Month-to-month,Yes,Electronic check,1
1631,19,78.3426215144091,7668.058223511887,Female,0,No,No,No,No,No,Yes,No,No,No,Yes,Yes,One year,Yes,Bank transfer,0
1632,31,66.26103032569785,4749.352883007573,Male,0,No,Yes,No,No,No,Yes,No,No,No,No internet service,No,Month-to-month,No,Electronic check,0
1633,14,101.83005094393818,187.27244718094312,Male,0,No,No,Yes,No,No,No internet service,Yes,No internet service,Yes,No internet service,No internet service,Two year,Yes,Electronic check,0
1634,53,88.332636262773,571.716148523486,Male,0,No,No,Yes,No phone service,Fiber optic,No,Yes,No,Yes,No internet service,No internet service,One year,No,Mailed check,0
1635,48,38.35641142169329,7943.621125468064,Male,0,No,Yes,Yes,Yes,Fiber optic,No internet service,No,No internet service,Yes,Yes,Yes,One year,No,Bank transfer,0
1636,69,102.09192136130002,668.3762379915789,Male,0,No,Yes,Yes,No,Fiber optic,No,No internet service,No internet service,Yes,No,No,One year,Yes,Mailed check,0
1637,62,62.888438939471015,463.7567643546986,Male,0,Yes,No,Yes,No phone service,No,No internet service,No internet service,Yes,No internet service,No internet service,No,One year,No,Mailed check,0
1638,66,38.898565997117515,2888.8917279333778,Female,0,No,Yes,Yes,No,Fiber optic,Yes,No,No,No internet service,Yes,No,Month-to-month,Yes,Mailed check,0
1639,64,48.179735039649245,7757.60590582776,Female,0,No,No,Yes,Yes,Fiber optic,No internet service,No internet service,Yes,No internet service,No,Yes,Two year,No,Bank transfer,1
1640,70,46.75270302483423,2617.533714489639,Male,0,No,No,Yes,No,Fiber optic,No internet service,No,Yes,No internet service,No internet service,No,Two year,Yes,Bank transfer,1
1641,63,71.92069746034602,3338.0846339146383,Female,0,No,Yes,Yes,No,Fiber optic,No,Yes,Yes,No internet service,Yes,No,One year,No,Bank transfer,0
1642,33,43.43700906778755,5109.208783547668,Male,0,No,No,Yes,No,DSL,No,No internet service,Yes,No internet service,No,Yes,One year,No,Mailed check,0
1643,41,32.35664874015762,290.4835306785428,Male,0,No,No,Yes,Yes,No,No,No internet service,No internet service,No internet service,No,No,Month-to-month,Yes,Electronic check,0
1644,48,32.36908506137607,7192.3322624015855,Female,0,No,Yes,No,Yes,Fiber optic,No internet service,No internet service,No internet service,No internet service,Yes,No,Two year,Yes,Bank transfer,1
1645,13,78.32761971390966,4203.599838680014,Female,0,No,No,No,No phone service,DSL,No internet service,Yes,No internet service,Yes,No internet service,No internet service,Month-to-month,No,Electronic check,1
1646,31,93.47592888493786,3787.8061574320577,Male,0,Yes,No,No,No,DSL,No,No internet service,No internet service,No,Yes,No,One year,No,Mailed check,1
1647,68,52.15330088383408,6899.74063143238,Male,0,Yes,No,No,No,No,Yes,No,No,Yes,No internet service,No internet service,One year,No,Credit card,0
1648,4,23.46507098140171,7629.305055928367,Male,0,Yes,No,Yes,No,No,No,No internet service,No internet service,No internet service,Yes,No internet service,One year,No,Bank transfer,0
1649,19,32.722488693701074,3445.0593300099945,Female,0,No,Yes,No,No,Fiber optic,No internet service,No,No,No internet service,No,No internet service,Two year,Yes,Electronic check,1
1650,70,111.46945603370571,1462.2845264165226,Male,0,Yes,No,No,Yes,No,No internet service,No internet service,Yes,No internet service,No,No internet service,Two year,Yes,Bank transfer,0
1651,13,69.3543659589453,6544.103233016376,Male,0,No,No,No,Yes,No,No,No,No,No,No,No,One year,Yes,Mailed check,0
1652,23,65.35728096151747,3285.7573276576486,Female,0,Yes,No,No,No,No,No,Yes,No internet service,No internet service,No,No internet service,Two year,No,Bank transfer,0
1653,1,23.804917831009092,7490.809762142952,Female,1,Yes,No,No,No,No,No internet service,No internet service,No internet service,No internet service,No,No internet service,One year,Yes,Mailed check,1
1654,54,92.86370223168991,7604.201972264765,Female,0,No,Yes,Yes,No,Fiber optic,No internet service,Yes,No internet service,Yes,Yes,No internet service,Two year,Yes,Credit card,1
1655,71,72.80680809320789,1007.149350598819,Male,0,No,Yes,No,No,DSL,Yes,Yes,Yes,Yes,Yes,No,Two year,No,Mailed check,0
1656,15,40.20809360865208,7656.776341929525,Male,0,No,Yes,No,No phone service,No,No,No internet service,Yes,No internet service,Yes,Yes,One year,Yes,Credit card,1
1657,65,31.007376018105717,3009.3355710164556,Female,0,No,No,Yes,No phone service,DSL,No,No internet service,No internet service,No,No internet service,No internet service,Two year,No,Credit card,0
1658,71,58.33878636319985,5205.394889491805,Male,0,Yes,No,No,No,DSL,Yes,No,Yes,No,No internet service,No internet service,One year,Yes,Credit card,0
1659,15,103.71619641950257,374.5256456989637,Male,0,Yes,Yes,Yes,No,DSL,No internet service,No internet service,No,Yes,No,Yes,Month-to-month,No,Electronic check,0
1660,21,106.52945592010245,7122.1857652622775,Female,0,No,Yes,Yes,No,No,No internet service,No internet service,No,Yes,No,No,Two year,No,Mailed check,1
1661,19,80.28463803956365,5168.618901824433,Female,0,Yes,No,Yes,No phone service,No,Yes,No,No,No,No,No internet service,Month-to-month,Yes,Credit card,0
1662,60,92.75364272301427,5184.080288955712,Male,0,Yes,Yes,Yes,Yes,Fiber optic,No,No,No,Yes,No internet service,No,One year,No,Mailed check,0
1663,33,31.515578740287037,7227.191663822122,Female,0,Yes,No,No,No phone service,No,No internet service,No internet service,No internet service,No internet service,No internet service,No internet service,One year,No,Bank transfer,0
1664,49,78.81260654678547,4115.9426817680105,Female,0,No,No,No,No phone service,No,Yes,No internet service,No internet service,No internet service,Yes,No,Two year,No,Mailed check,1
1665,35,86.69657034871818,3343.081458864149,Male,0,No,No,Yes,No,No,Yes,No internet service,No,No internet service,No internet service,No,Two year,Yes,Mailed check,0
1666,44,40.07128429137922,6942.417143109298,Male,0,No,No,No,No,DSL,Yes,Yes,No,No internet service,No,No internet service,Two year,Yes,Mailed check,0
1667,11,108.0154732910259,5965.122043784046,Male,0,Yes,No,Yes,Yes,Fiber optic,No internet service,Yes,No internet service,Yes,Yes,No internet service,One year,No,Mailed check,1
1668,66,39.49967375210198,7596.907753222718,Male,0,No,No,No,No,DSL,No internet service,No internet service,Yes,No internet service,No internet service,No,Two year,No,Electronic check,1
1669,46,51.34773598464504,7526.962957153208,Male,0,No,No,No,No,Fiber optic,Yes,No,No,No internet service,Yes,No internet service,Month-to-month,No,Credit card,1
1670,9,82.05568470234586,3120.376700025898,Male,0,Yes,No,Yes,Yes,No,Yes,No internet service,Yes,No internet service,No internet service,Yes,Two year,No,Credit card,1
1671,3,83.83500651307307,3631.1916921172015,Female,0,No,Yes,No,No,No,No internet service,No internet service,No internet service,No internet service,No internet service,No,One year,No,Credit card,1
1672,26,89.93847409873672,2122.28113494715,Female,0,No,Yes,Yes,No,DSL,No internet service,Yes,No,No,No internet service,Yes,Month-to-month,Yes,Bank transfer,1
1673,48,31.20117130682057,5319.118324194685,Female,0,No,Yes,Yes,No,DSL,No internet service,No internet service,No,No internet service,No,No internet service,Month-to-month,No,Bank transfer,1
1674,66,104.94644299285554,2979.881563702204,Male,0,Yes,Yes,No,No phone service,DSL,No internet service,No internet service,Yes,Yes,No internet service,Yes,Two year,No,Mailed check,1
1675,70,73.28471322832598,6310.195108200602,Male,0,No,No,No,No,Fiber optic,No internet service,Yes,Yes,No internet service,No,Yes,One year,No,Electronic check,1
1676,28,67.13217941050684,1060.2510097741933,Male,0,Yes,Yes,Yes,No phone service,DSL,Yes,Yes,Yes,No,Yes,No,One year,No,Electronic check,0
1677,26,118.10976245135096,1019.5825242093925,Male,0,Yes,Yes,Yes,No,No,No internet service,No,Yes,No internet service,No internet service,Yes,Two year,Yes,Mailed check,0
1678,25,94.03782969410197,1715.1975132132354,Male,0,Yes,No,No,No,Fiber optic,No internet service,No,No,Yes,No,No internet service,One year,Yes,Mailed check,1
1679,12,31.80060266193749,765.9082886555665,Female,0,Yes,Yes,No,No phone service,Fiber optic,Yes,No,No internet service,Yes,No,No,Two year,Yes,Credit card,0
1680,5,95.65391672262407,4998.249700658054,Male,1,Yes,Yes,No,No phone service,No,Yes,No internet service,Yes,No,Yes,No internet service,One year,No,Bank transfer,0
1681,48,29.52489339728695,1264.0868515322352,Female,0,Yes,Yes,No,No,DSL,No,No,Yes,Yes,Yes,No internet service,Month-to-month,No,Bank transfer,1
1682,37,22.747056251298485,1363.7070479944684,Male,0,No,Yes,Yes,Yes,DSL,No internet service,Yes,No internet service,Yes,Yes,Yes,Two year,No,Bank transfer,0
1683,44,60.36258952698971,212.40296746041133,Female,0,No,No,No,No,No,No,No,No,Yes,No internet service,No internet service,One year,No,Bank transfer,0
1684,15,119.35781728192187,6278.511115526518,Female,0,Yes,Yes,No,No phone service,No,No,No internet service,No internet service,No,No internet service,Yes,One year,Yes,Mailed check,1
1685,43,37.48839361948626,6517.1388378455,Female,0,Yes,Yes,Yes,No,No,Yes,No internet service,No internet service,No,Yes,No,Two year,No,Mailed check,0
1686,48,87.264434352679,1379.9770892790737,Female,0,No,Yes,No,No,No,Yes,No,Yes,No,No internet service,No,Month-to-month,Yes,Bank transfer,1
1687,70,37.33960662061193,5942.2430307110735,Female,0,No,Yes,Yes,No phone service,Fiber optic,No,No internet service,No internet service,No,No,Yes,One year,No,Credit card,0
1688,46,92.4786974958386,3525.006472943141,Female,0,No,No,Yes,Yes,Fiber optic,No,No internet service,No internet service,No,No,No,Two year,Yes,Credit card,1
1689,43,70.53536682378261,1992.7995754265914,Female,0,Yes,No,No,Yes,DSL,No,No internet service,No,No,No internet service,No,Month-to-month,Yes,Credit card,0
1690,21,87.99717100893763,5008.938403783248,Male,0,Yes,Yes,No,No phone service,Fiber optic,No,No,Yes,No,No internet service,No,One year,Yes,Bank transfer,1
1691,23,40.28731759142346,1510.02418734197,Male,0,No,No,Yes,No phone service,Fiber optic,No internet service,No internet service,Yes,No,No,No,One year,Yes,Credit card,0
1692,47,94.5628332520502,6079.380500458979,Female,0,Yes,No,Yes,No,Fiber optic,No,No,Yes,No,No,Yes,One year,Yes,Mailed check,1
1693,15,119.56190596227067,476.1602978073584,Male,0,Yes,No,No,No phone service,No,Yes,No,No,No internet service,No internet service,Yes,Two year,No,Bank transfer,0
1694,25,86.56505006259597,7677.134370130524,Male,0,Yes,No,Yes,No phone service,Fiber optic,No,No internet service,No,No,No internet service,No internet service,Two year,No,Credit card,1
1695,36,69.34799980728778,667.8145042981332,Female,0,Yes,Yes,Yes,No,DSL,No,No,No,No internet service,Yes,No internet service,Two year,Yes,Mailed check,0
1696,51,112.31739886192648,4677.642512064649,Male,0,No,No,Yes,No,Fiber optic,Yes,No,No,No,Yes,No,Month-to-month,Yes,Bank transfer,1
1697,15,21.585184223187632,7227.334891966791,Female,0,Yes,Yes,Yes,No,No,No,No internet service,Yes,No,No internet service,Yes,One year,No,Mailed check,1
1698,68,92.99235192858211,194.04530389801772,Male,0,Yes,Yes,Yes,Yes,Fiber optic,Yes,No internet service,Yes,No,No,Yes,One year,Yes,Credit card,0
1699,21,108.8746516813813,4038.2642418135506,Female,0,Yes,Yes,Yes,Yes,DSL,No internet service,No,No internet service,No internet service,No internet service,Yes,Month-to-month,No,Electronic check,0
1700,13,26.167458362095743,2865.0550180543714,Male,0,Yes,Yes,Yes,No phone service,Fiber optic,No internet service,Yes,No,No internet service,No,No internet service,Month-to-month,Yes,Credit card,1
1701,19,65.00641704157582,4684.624303037482,Female,0,No,Yes,No,No,DSL,Yes,Yes,No internet service,No,No internet service,No,Two year,No,Mailed check,0
1702,34,40.47194539499989,1881.1133552275037,Male,0,Yes,Yes,Yes,No phone service,No,No internet service,Yes,No,No,No internet service,Yes,One year,Yes,Electronic check,0
1703,68,76.65181655878301,612.7038161306256,Male,0,Yes,Yes,No,No phone service,DSL,No internet service,Yes,No internet service,No internet service,No,No internet service,Month-to-month,No,Electronic check,0
1704,52,84.95429586036605,5044.8709911047845,Male,0,No,Yes,Yes,Yes,DSL,No internet service,No,Yes,No,No,Yes,Month-to-month,No,Bank transfer,0
1705,27,50.262318292875506,3393.1089919978795,Female,1,Yes,Yes,No,Yes,No,Yes,No internet service,Yes,No,No internet service,Yes,Month-to-month,Yes,Electronic check,1
1706,29,65.99816696781008,5017.635755779214,Female,1,Yes,Yes,Yes,No phone service,DSL,No,Yes,No,No internet service,No,No internet service,Two year,No,Bank transfer,0
1707,28,47.93394852765595,1763.2592600189591,Male,0,Yes,No,No,No,Fiber optic,No internet service,No internet service,Yes,No internet service,No,No internet service,Two year,Yes,Electronic check,0
1708,35,56.939116445511374,2776.0559773325067,Male,0,Yes,No,No,Yes,Fiber optic,No,Yes,No,No internet service,No internet service,Yes,One year,No,Electronic check,1
1709,8,35.95399566884236,4537.282975980422,Female,0,No,No,No,Yes,DSL,No,Yes,No internet service,No,Yes,No,Two year,No,Bank transfer,1
1710,16,108.55594435856314,4785.590948765346,Male,0,No,Yes,No,Yes,Fiber optic,No internet service,Yes,No,No internet service,Yes,No,One year,No,Mailed check,1
1711,36,21.001041055913642,3041.2869814166947,Male,0,No,Yes,Yes,No phone service,Fiber optic,No internet service,No internet service,No internet service,No,No,No internet service,Two year,Yes,Bank transfer,1
1712,30,108.24091864437885,2312.4203243707957,Female,0,Yes,Yes,Yes,Yes,No,No,No internet service,No internet service,Yes,No internet service,Yes,Two year,Yes,Electronic check,0
1713,18,77.16788783497385,2262.2349729599073,Female,0,Yes,Yes,Yes,No,DSL,No internet service,Yes,No,Yes,No,No internet service,Two year,Yes,Credit card,1
1714,2,53.16578441770175,1480.1248762250975,Male,1,No,Yes,Yes,Yes,Fiber optic,Yes,No internet service,Yes,No,No internet service,Yes,Month-to-month,No,Bank transfer,1
1715,49,92.30571254603298,2670.6992024037386,Female,0,No,No,No,No phone service,DSL,Yes,Yes,No internet service,No,Yes,Yes,Two year,Yes,Bank transfer,0
1716,4,70.77521518626642,1675.5786624044376,Male,0,Yes,No,Yes,No phone service,DSL,No internet service,No,Yes,No internet service,Yes,Yes,One year,No,Electronic check,0
1717,7,69.91086581076065,5107.141709216564,Male,1,Yes,Yes,Yes,No phone service,Fiber optic,No,No internet service,No internet service,No,Yes,No internet service,Two year,Yes,Electronic check,0
1718,39,31.014228291896643,4595.6292861125075,Female,0,Yes,Yes,Yes,No phone service,No,No internet service,Yes,No internet service,No,No,No internet service,Month-to-month,No,Credit card,0
1719,13,58.951602594540866,3122.4517070002685,Male,1,Yes,No,Yes,No,No,Yes,No,No internet service,No internet service,Yes,No internet service,Month-to-month,Yes,Electronic check,1
1720,31,44.10643458567367,2674.0571575054164,Female,0,Yes,No,No,No phone service,DSL,No,No,No internet service,No,Yes,No internet service,One year,Yes,Bank transfer,1
1721,71,21.569590559627965,1977.152181537676,Female,1,Yes,No,Yes,Yes,No,No internet service,Yes,No,Yes,No,No,One year,No,Bank transfer,1
1722,63,56.00996307821133,4330.120640778796,Male,0,Yes,Yes,Yes,No,Fiber optic,Yes,No,No internet service,No,No internet service,Yes,Month-to-month,Yes,Bank transfer,1
1723,56,28.982212942560473,7359.331838330938,Female,0,Yes,Yes,No,No phone service,Fiber optic,No,No,Yes,No internet service,Yes,No internet service,Two year,Yes,Mailed check,0
1724,42,45.68300377251852,5517.054105972604,Male,0,Yes,Yes,No,No phone service,No,Yes,Yes,Yes,No,No internet service,Yes,One year,Yes,Bank transfer,1
1725,61,29.251662118309447,5980.876240880983,Female,1,Yes,Yes,Yes,No,No,No internet service,No,No,No,No internet service,No,One year,No,Mailed check,1
1726,42,30.094162555639883,6691.585122885621,Male,0,No,No,No,Yes,DSL,No internet service,No,No internet service,No,No,No internet service,Two year,No,Electronic check,0
1727,56,39.901129441518826,2877.9162893690054,Female,0,Yes,No,Yes,No,No,Yes,Yes,No,Yes,No internet service,No,Two year,Yes,Mailed check,0
1728,36,119.98492444864002,596.7186787044523,Male,0,Yes,Yes,Yes,Yes,DSL,Yes,Yes,Yes,No internet service,No internet service,No internet service,Two year,Yes,Bank transfer,0
1729,68,20.218414285724876,5018.21454624099,Male,1,Yes,No,Yes,Yes,Fiber optic,Yes,No,No internet service,Yes,No,Yes,Month-to-month,No,Electronic check,1
1730,7,83.86726361204052,1590.511100701458,Female,0,No,Yes,Yes,No phone service,No,Yes,No internet service,Yes,Yes,No internet service,No,Month-to-month,No,Mailed check,1
1731,54,34.124369802655735,4595.444834965763,Male,0,Yes,No,No,No,DSL,Yes,Yes,No,No internet service,Yes,No,Two year,No,Electronic check,0
1732,1,112.06281367107758,5942.1308419408115,Male,0,No,Yes,No,No,DSL,No,No internet service,No,No internet service,No,No internet service,One year,No,Electronic check,1
1733,44,29.36328933336292,6290.742586967909,Male,0,Yes,No,No,No phone service,DSL,No internet service,Yes,Yes,Yes,No,Yes,One year,No,Mailed check,0
1734,45,115.50631871262365,2484.529049955372,Male,0,No,No,No,No phone service,DSL,No,No internet service,No internet service,Yes,No,Yes,Month-to-month,No,Electronic check,1
1735,47,81.0926387483478,4148.22253729759,Male,0,No,No,Yes,Yes,Fiber optic,Yes,Yes,No internet service,No,Yes,Yes,Month-to-month,Yes,Electronic check,1
1736,13,20.126807691549025,5005.62426058982,Male,0,Yes,Yes,No,No phone service,No,No,No,Yes,No internet service,No internet service,Yes,One year,No,Bank transfer,0
1737,22,109.4007197916806,6573.897701434913,Female,0,No,No,No,No,DSL,No internet service,No,Yes,Yes,No internet service,No internet service,Month-to-month,No,Credit card,1
1738,21,72.17118013669183,6114.9704543290845,Female,1,No,Yes,Yes,No phone service,No,Yes,No internet service,No internet service,No,No internet service,No,Month-to-month,Yes,Credit card,1
1739,9,46.26697353304846,7905.005035721225,Female,0,Yes,Yes,Yes,No phone service,No,Yes,No internet service,Yes,Yes,Yes,No internet service,One year,Yes,Electronic check,0
1740,26,96.72791775156301,163.86894458708596,Female,0,Yes,No,No,No phone service,Fiber optic,No internet service,Yes,No,Yes,No internet service,Yes,Two year,No,Mailed check,1
1741,9,112.666555388687,3556.1665828187506,Male,0,Yes,Yes,Yes,No phone service,No,No,Yes,No internet service,No internet service,No internet service,No,One year,Yes,Credit card,1
1742,15,68.36908231467939,2122.75144237141,Male,0,Yes,Yes,Yes,No phone service,Fiber optic,No internet service,No internet service,No internet service,Yes,Yes,No,Month-to-month,No,Mailed check,1
1743,10,51.55534744431109,1047.1577584445,Female,1,Yes,Yes,Yes,Yes,Fiber optic,No internet service,No internet service,No,No internet service,Yes,Yes,Two year,Yes,Credit card,0
1744,42,98.89451239349268,7300.971092520758,Male,0,Yes,Yes,No,No phone service,DSL,No,No,Yes,Yes,No internet service,No internet service,Two year,Yes,Bank transfer,0
1745,24,88.17854977884546,7983.9003221559215,Female,0,No,No,No,No phone service,Fiber optic,No,No internet service,No internet service,No,Yes,No internet service,One year,Yes,Bank transfer,1
1746,49,108.87524837502724,1526.7100424473167,Male,0,No,Yes,No,No,DSL,Yes,No,No internet service,No internet service,Yes,Yes,Two year,Yes,Mailed check,0
1747,26,89.2514012761193,403.62380313077244,Male,0,Yes,No,Yes,No phone service,Fiber optic,Yes,No internet service,No internet service,No internet service,Yes,No,Two year,No,Mailed check,1
1748,37,44.35283388995363,2272.930136675953,Female,0,Yes,Yes,No,No,Fiber optic,Yes,No,Yes,No,No,No,One year,Yes,Bank transfer,0
1749,68,113.1659249759019,6695.4091527245255,Male,1,Yes,Yes,Yes,No,No,No internet service,No,No internet service,No internet service,No,No internet service,Two year,Yes,Mailed check,0
1750,50,30.48357472059913,2421.731657274602,Female,1,Yes,Yes,No,No,DSL,No,No,Yes,No,No internet service,No,Two year,Yes,Electronic check,1
1751,24,46.794275010684785,549.5216959312104,Female,0,No,Yes,Yes,No,No,No,Yes,No,No internet service,No internet service,Yes,One year,No,Bank transfer,0
1752,19,72.01946077238856,514.6882532289362,Female,0,No,Yes,Yes,Yes,Fiber optic,Yes,No,Yes,No internet service,Yes,No,One year,Yes,Bank transfer,1
1753,60,76.57420260709014,3476.640138718548,Male,0,Yes,Yes,No,Yes,DSL,No internet service,No internet service,Yes,No internet service,No internet service,No internet service,Month-to-month,No,Bank transfer,1
1754,39,21.531058662690544,7461.423212186795,Male,0,No,Yes,No,No,Fiber optic,No internet service,No internet service,No,No internet service,No,No internet service,Month-to-month,No,Bank transfer,1
1755,18,98.057272582094,2358.771488953092,Female,0,No,Yes,No,Yes,Fiber optic,No,No internet service,Yes,Yes,No internet service,Yes,One year,Yes,Electronic check,0
1756,19,56.16073184253895,3474.545677538246,Male,0,Yes,Yes,No,Yes,No,No,Yes,No,Yes,No internet service,No internet service,Month-to-month,Yes,Bank transfer,0
1757,36,60.641854100213784,905.2770625226075,Female,0,Yes,No,Yes,No phone service,DSL,No,No,No internet service,Yes,No,Yes,One year,No,Bank transfer,1
1758,55,100.93695444369457,3999.2250668249503,Female,0,No,No,No,Yes,DSL,No,Yes,No,No internet service,No,No,Month-to-month,No,Mailed check,1
1759,69,57.928339172754455,5602.721807857061,Male,0,Yes,Yes,Yes,No,DSL,No internet service,No,No,Yes,Yes,No,Month-to-month,Yes,Bank transfer,1
1760,47,24.722487649475482,2242.0878533000346,Female,0,Yes,Yes,Yes,No,Fiber optic,Yes,No internet service,No internet service,No internet service,Yes,No,Two year,No,Credit card,0
1761,49,37.64397704703503,2444.0193373766097,Male,0,Yes,Yes,No,No,DSL,No,No,No internet service,No internet service,Yes,Yes,Month-to-month,Yes,Mailed check,1
1762,33,115.59031723881823,6751.602700709543,Male,0,No,No,Yes,No,Fiber optic,No,Yes,Yes,No,No internet service,No internet service,Two year,Yes,Mailed check,1
1763,21,27.040536240251416,181.87340654269897,Male,0,No,No,No,No phone service,Fiber optic,No,Yes,Yes,No,No internet service,Yes,Month-to-month,Yes,Credit card,0
1764,22,55.493120096801626,5128.1185975457665,Female,0,No,No,No,Yes,Fiber optic,No internet service,Yes,Yes,No,No internet service,No,Two year,No,Mailed check,0
1765,48,70.31791670513445,3211.688616038774,Female,0,No,Yes,No,No,DSL,Yes,Yes,No internet service,No internet service,No,No,Month-to-month,Yes,Electronic check,1
1766,37,69.32808273385601,2457.206057135605,Male,1,Yes,Yes,Yes,No phone service,No,No internet service,No internet service,No internet service,No,No internet service,No,Month-to-month,Yes,Bank transfer,1
1767,15,20.395994301214277,5294.991274726629,Male,0,Yes,No,No,No,Fiber optic,Yes,Yes,No internet service,No,No,No,Two year,Yes,Bank transfer,0
1768,35,70.11627314574903,6693.881322138671,Female,0,No,Yes,No,Yes,No,No internet service,Yes,Yes,No internet service,No internet service,No,Two year,Yes,Mailed check,0
1769,71,58.37724579774092,4511.297718996522,Male,0,No,Yes,Yes,No phone service,DSL,No,Yes,No internet service,No internet service,No internet service,Yes,One year,Yes,Bank transfer,1
1770,32,117.20793354745571,345.6475133501425,Male,0,Yes,No,No,Yes,DSL,No,No internet service,No internet service,Yes,No,No,One year,Yes,Mailed check,1
1771,11,35.915908399382985,3745.069407522051,Female,1,No,Yes,No,No phone service,DSL,Yes,No,No,No internet service,No,Yes,Two year,Yes,Bank transfer,0
1772,10,55.4154196759495,3755.8035330623875,Female,0,No,No,Yes,No,DSL,No internet service,No internet service,No,Yes,No,Yes,Month-to-month,Yes,Mailed check,1
1773,57,61.94814850898197,4396.008108956402,Female,0,No,No,No,No,DSL,Yes,No internet service,No internet service,No internet service,Yes,No,One year,No,Mailed check,0
1774,25,59.06935371009488,5400.575318244063,Male,0,No,Yes,Yes,Yes,No,No internet service,No internet service,Yes,No,Yes,No,One year,No,Mailed check,0
1775,2,86.58308276518625,252.6153879212895,Female,0,No,No,Yes,Yes,DSL,No,No,No,No internet service,No internet service,No,One year,No,Electronic check,1
1776,64,41.551285754776885,4065.8997327580287,Female,0,No,Yes,Yes,No phone service,DSL,Yes,Yes,No internet service,Yes,No internet service,Yes,One year,Yes,Mailed check,0
1777,35,42.10715528139919,4747.6313781066665,Female,1,No,No,Yes,Yes,DSL,Yes,No internet service,No,No internet service,No internet service,No internet service,One year,No,Electronic check,0
1778,7,92.92109485008531,2812.4917526868103,Female,0,Yes,Yes,Yes,Yes,DSL,No,Yes,No,No internet service,Yes,Yes,Two year,Yes,Electronic check,1
1779,18,70.02905186781797,5380.085290064421,Female,0,Yes,Yes,Yes,No,DSL,No,Yes,Yes,No,No internet service,No,One year,No,Credit card,1
1780,67,61.51556760573104,1902.6039653204518,Female,0,Yes,Yes,Yes,No,Fiber optic,No,No,No internet service,No internet service,No,Yes,Two year,No,Mailed check,1
1781,42,36.92030516772518,2607.241431232868,Female,1,No,Yes,Yes,No,Fiber optic,No,No,No internet service,No,No,No internet service,Two year,Yes,Electronic check,1
1782,39,38.75272229121666,7705.767244652176,Male,0,Yes,No,Yes,No,No,No,No internet service,Yes,Yes,Yes,No internet service,Month-to-month,No,Credit card,0
1783,41,21.055163681590056,2849.755929803007,Female,0,Yes,No,No,No,DSL,No,No,Yes,No internet service,No,No internet service,One year,No,Bank transfer,0
1784,24,29.142626886170923,2837.3570101893856,Male,0,Yes,Yes,No,No,No,No internet service,No,Yes,Yes,No,Yes,One year,Yes,Electronic check,0
1785,60,75.6838694690241,4805.87702300261,Male,0,Yes,Yes,No,No,No,No internet service,No,No internet service,No internet service,No internet service,No internet service,Month-to-month,No,Electronic check,0
1786,46,109.18731300084099,7770.705105894475,Female,0,No,Yes,Yes,No phone service,DSL,Yes,Yes,No,No,No,No internet service,One year,No,Electronic check,1
1787,19,48.716476513055746,7866.3355230287025,Male,1,Yes,No,Yes,No,DSL,No internet service,No,No internet service,No internet service,No,Yes,One year,Yes,Credit card,0
1788,68,52.774722589612814,4679.297913042897,Female,0,Yes,No,Yes,No,Fiber optic,Yes,No internet service,No internet service,No,Yes,No,Two year,No,Credit card,0
1789,42,31.56056106115122,108.587456458967,Male,0,Yes,Yes,No,No,DSL,No internet service,No,Yes,Yes,No,No internet service,Two year,Yes,Electronic check,1
1790,32,58.86309456071027,7215.186751070358,Female,1,Yes,No,No,No,Fiber optic,No internet service,No internet service,Yes,Yes,No,Yes,Month-to-month,No,Mailed check,0
1791,39,23.722170456932915,4604.87992015868,Male,0,No,Yes,No,No,No,No,No internet service,Yes,No,No internet service,No internet service,Two year,No,Credit card,0
1792,36,111.76006962619002,2991.371625490493,Female,0,No,No,Yes,Yes,No,No internet service,No,No internet service,No internet service,No internet service,Yes,One year,No,Credit card,0
1793,36,87.31113481245286,6650.6416140259125,Female,0,Yes,Yes,Yes,Yes,Fiber optic,No internet service,Yes,Yes,No,No internet service,No,One year,Yes,Bank transfer,0
1794,3,119.07488093932189,3258.67642886662,Male,1,Yes,Yes,No,No,Fiber optic,No internet service,No internet service,Yes,No,Yes,Yes,Month-to-month,Yes,Bank transfer,1
1795,8,108.28231626784937,368.9515989820909,Male,0,Yes,Yes,No,No,DSL,No,No internet service,No,No,No internet service,Yes,One year,No,Electronic check,0
1796,70,67.29905936981527,6586.470562150448,Female,0,Yes,No,Yes,No,Fiber optic,No,No internet service,No,No,No,No internet service,Month-to-month,No,Bank transfer,1
1797,41,71.96850311503769,4412.289268056122,Male,0,No,Yes,No,No phone service,Fiber optic,No internet service,No,Yes,Yes,Yes,Yes,One year,Yes,Mailed check,0
1798,68,39.05760465171939,2771.33395197115,Female,0,No,No,No,No,DSL,Yes,No internet service,No,No,No,No,Month-to-month,No,Electronic check,1
1799,13,66.20393428395556,2082.0497731954247,Male,0,Yes,No,Yes,No phone service,No,No internet service,No,No internet service,No,No,Yes,One year,Yes,Electronic check,0
1800,49,110.30278734928116,4790.999929381862,Female,1,No,Yes,No,No phone service,Fiber optic,No,No internet service,No,Yes,No internet service,Yes,One year,Yes,Credit card,1
1801,60,25.085342363582114,1743.591430978291,Male,0,No,Yes,Yes,No,DSL,No,Yes,Yes,Yes,Yes,Yes,One year,Yes,Electronic check,1
1802,2,106.35568029983098,2658.4220038003255,Female,0,Yes,Yes,Yes,Yes,DSL,Yes,No internet service,No internet service,Yes,Yes,No,One year,No,Bank transfer,1
1803,60,54.094780164260975,5128.58944437047,Male,0,Yes,No,Yes,No,Fiber optic,No,No,No internet service,No internet service,No internet service,No,One year,Yes,Electronic check,1
1804,5,109.95127650963099,7064.201158206863,Female,0,No,No,No,No,No,No,No,No,No internet service,Yes,Yes,Month-to-month,Yes,Electronic check,1
1805,44,114.08799063414847,4309.83359429363,Male,0,No,No,Yes,Yes,DSL,No internet service,No internet service,Yes,Yes,No,Yes,Month-to-month,No,Bank transfer,0
1806,27,87.0864887001906,6096.9405465628315,Female,0,No,No,Yes,Yes,Fiber optic,Yes,No,Yes,No,Yes,Yes,Two year,Yes,Credit card,1
1807,32,86.44237865926779,6128.178769728031,Male,0,Yes,No,Yes,No,No,No,Yes,No,No,No,No internet service,Month-to-month,No,Mailed check,1
1808,21,65.275433770874,5348.396226009156,Male,1,Yes,No,No,No,Fiber optic,No,No,No,Yes,Yes,No,One year,No,Bank transfer,0
1809,8,103.55402245437075,2042.1228676760895,Female,1,Yes,No,No,No phone service,DSL,No internet service,No internet service,No,Yes,Yes,Yes,Month-to-month,No,Mailed check,1
1810,50,116.16127584332833,6947.629925386911,Male,0,Yes,Yes,No,Yes,DSL,No internet service,Yes,Yes,No internet service,No internet service,Yes,One year,No,Mailed check,1
1811,67,97.50818003391193,3546.5776795525753,Male,0,No,Yes,Yes,No phone service,DSL,No internet service,No,No,Yes,No internet service,No,One year,No,Mailed check,0
1812,44,82.19367337567093,449.2648770920345,Female,0,Yes,Yes,No,No phone service,Fiber optic,No internet service,No internet service,No,No internet service,Yes,No internet service,Two year,No,Electronic check,0
1813,58,80.67928958213368,2032.4400935492486,Female,1,No,No,No,No phone service,DSL,Yes,No,No,Yes,No,Yes,Month-to-month,Yes,Mailed check,1
1814,3,104.94699015836623,6147.831997384595,Female,0,No,Yes,No,No phone service,Fiber optic,No internet service,No internet service,Yes,No,No internet service,No,Month-to-month,No,Credit card,1
1815,70,74.12037657712983,646.153352958166,Female,0,No,No,No,Yes,No,Yes,No,No internet service,Yes,No internet service,No internet service,One year,No,Credit card,0
1816,2,100.38598862488226,1264.1787770237984,Male,0,No,No,Yes,Yes,No,No,No,Yes,No,No internet service,No,Month-to-month,No,Credit card,1
1817,44,70.88852551742457,5584.391846729465,Male,0,Yes,No,Yes,Yes,No,No,Yes,Yes,Yes,Yes,No,Month-to-month,Yes,Electronic check,1
1818,2,26.244427497392415,7151.54623884757,Male,0,No,No,Yes,No,No,No internet service,Yes,No internet service,No internet service,No,Yes,Month-to-month,Yes,Bank transfer,1
1819,35,58.39470089041552,5106.482839955331,Female,0,No,Yes,Yes,No phone service,DSL,No internet service,No,Yes,Yes,No,No,One year,No,Credit card,1
1820,30,64.44409576714988,1856.0993252534813,Male,0,Yes,No,Yes,No,DSL,No internet service,No internet service,No internet service,No,Yes,Yes,Month-to-month,No,Mailed check,0
1821,8,34.16172449866172,521.968729671434,Male,0,No,Yes,Yes,Yes,Fiber optic,No,No internet service,No internet service,No,No,No internet service,One year,Yes,Electronic check,0
1822,22,30.24963291892128,4959.5000021474625,Female,0,Yes,No,No,Yes,No,No,No,No internet service,No,No internet service,Yes,One year,No,Electronic check,0
1823,44,73.54649496569542,474.4487656561954,Male,0,Yes,Yes,No,No,No,No,No,No internet service,Yes,No,No,Month-to-month,No,Credit card,1
1824,58,28.514363655608214,4940.50421033988,Male,0,Yes,No,No,No phone service,Fiber optic,Yes,Yes,Yes,No internet service,No internet service,No,Two year,Yes,Mailed check,1
1825,36,50.2945167890084,1882.081558872651,Female,0,Yes,No,No,Yes,Fiber optic,No,No,No internet service,No internet service,No internet service,No,One year,Yes,Mailed check,1
1826,69,94.45969759630759,7246.782893029755,Male,1,No,Yes,Yes,No phone service,Fiber optic,No internet service,No,No,No internet service,Yes,Yes,Month-to-month,Yes,Credit card,1
1827,31,116.44321795679808,3853.2320810501587,Female,0,Yes,Yes,Yes,No phone service,Fiber optic,Yes,No internet service,No internet service,No,No internet service,No internet service,Two year,Yes,Mailed check,1
1828,47,91.78705805519286,1869.1136231465957,Female,0,No,Yes,No,Yes,No,Yes,Yes,No internet service,No,No,No internet service,One year,Yes,Electronic check,0
1829,55,119.26255484528703,6839.848000812874,Male,0,No,No,No,No,DSL,Yes,Yes,Yes,No internet service,No,No,Two year,No,Electronic check,0
1830,62,89.83379712794027,2106.8796477353158,Male,0,Yes,No,Yes,No phone service,No,No,No,No,No internet service,No,Yes,Month-to-month,No,Credit card,1
1831,30,49.37944706543275,2522.1327045465164,Male,0,No,No,No,No,Fiber optic,No,Yes,No internet service,Yes,No,No,Two year,Yes,Mailed check,0
1832,55,87.20525405053618,6690.7954025381,Female,0,No,Yes,No,No phone service,DSL,No,No internet service,No,Yes,No,Yes,Two year,Yes,Bank transfer,1
1833,16,90.21567651969039,2539.457035424708,Female,0,No,Yes,No,No phone service,No,No,No,No internet service,Yes,No internet service,No internet service,One year,No,Credit card,1
1834,12,57.17269846164606,3340.2937769220352,Male,0,Yes,Yes,Yes,Yes,Fiber optic,No internet service,No,Yes,No internet service,Yes,Yes,One year,No,Electronic check,1
1835,17,21.7713850609389,2846.558798995046,Male,0,No,No,Yes,No,DSL,Yes,No internet service,No,No internet service,Yes,Yes,Month-to-month,Yes,Credit card,1
1836,16,90.31997847754869,1019.5625108599693,Female,0,Yes,No,Yes,No phone service,DSL,Yes,Yes,No,No internet service,No,No,One year,No,Credit card,0
1837,12,22.17000952755416,407.27691674992656,Male,0,Yes,Yes,No,No,Fiber optic,Yes,Yes,Yes,No,No internet service,Yes,Two year,No,Electronic check,1
1838,8,83.11880780600711,5823.871325081753,Male,0,Yes,No,Yes,No phone service,DSL,Yes,No internet service,Yes,No internet service,Yes,No internet service,Two year,No,Bank transfer,1
1839,3,36.36164887425551,5196.583279092193,Female,0,No,No,No,No,No,Yes,No internet service,Yes,Yes,No,No internet service,Month-to-month,No,Credit card,0
1840,16,76.56035277480433,2330.691933661252,Male,1,No,No,No,No,No,No internet service,No internet service,Yes,Yes,No internet service,No internet service,One year,Yes,Bank transfer,1
1841,30,70.39130253806,2435.2330873805404,Male,0,No,Yes,Yes,Yes,No,No internet service,No internet service,No,No,Yes,No,One year,No,Bank transfer,1
1842,23,21.35136423061826,7565.545685768582,Male,0,Yes,Yes,Yes,No phone service,DSL,Yes,Yes,Yes,Yes,No internet service,Yes,Month-to-month,No,Electronic check,1
1843,5,56.28658169951034,7902.601905144588,Male,0,No,Yes,Yes,No phone service,DSL,Yes,Yes,No,Yes,No,Yes,One year,No,Credit card,0
1844,65,80.10911673963028,3840.1357355461787,Female,0,Yes,No,Yes,No phone service,Fiber optic,No,No internet service,No internet service,No,No internet service,No,Two year,Yes,Credit card,1
1845,30,104.86065518987797,6439.3687893038,Female,0,Yes,Yes,Yes,No phone service,Fiber optic,Yes,No internet service,No internet service,Yes,Yes,No internet service,Month-to-month,No,Bank transfer,0
1846,21,108.86421138365172,5919.818419367986,Female,0,No,Yes,Yes,Yes,DSL,No internet service,No,Yes,No,Yes,No internet service,One year,Yes,Credit card,0
1847,70,68.38499700332233,2448.809905145171,Female,0,No,No,Yes,Yes,No,No,No,Yes,Yes,No internet service,No,Two year,Yes,Bank transfer,1
1848,22,92.84224872994382,562.6454131117789,Male,1,Yes,No,No,No phone service,DSL,No internet service,Yes,No,No,Yes,No,Month-to-month,No,Electronic check,1
1849,32,51.645457653345765,1226.1944313660263,Male,1,Yes,No,Yes,No,No,No,No,No,No,No internet service,No internet service,Two year,Yes,Electronic check,0
1850,33,54.21864057586574,6722.523524306031,Male,0,No,No,No,Yes,Fiber optic,No,No,No internet service,No internet service,No internet service,No internet service,Two year,Yes,Electronic check,0
1851,16,39.44635191823137,5876.589177970621,Male,0,No,Yes,Yes,No,DSL,Yes,No,No,No,No,Yes,One year,Yes,Bank transfer,0
1852,38,76.19481099932392,5348.245271251995,Female,0,No,No,No,No,DSL,No internet service,Yes,Yes,Yes,No,No internet service,Two year,Yes,Credit card,0
1853,14,51.45641509273652,1132.1257704035218,Male,0,Yes,No,No,No,DSL,No internet service,No,No internet service,No internet service,No internet service,No internet service,One year,No,Credit card,0
1854,36,28.437089643850506,5155.452430859145,Male,1,No,No,Yes,No phone service,No,Yes,No internet service,No internet service,No internet service,Yes,Yes,Two year,No,Mailed check,0
1855,23,88.50060866631787,6200.003418795613,Female,0,No,No,Yes,Yes,Fiber optic,No,Yes,Yes,No internet service,No,No,One year,Yes,Mailed check,0
1856,66,90.77532076053981,6898.753823896295,Female,1,Yes,No,Yes,No phone service,No,No,No,No,No,Yes,Yes,One year,No,Electronic check,1
1857,2,55.99924187790579,204.5271056295839,Female,0,Yes,No,No,No,Fiber optic,No internet service,Yes,Yes,No,No internet service,Yes,Month-to-month,Yes,Credit card,1
1858,65,27.672339945602282,5507.353304839974,Male,0,No,Yes,Yes,No phone service,No,Yes,No,No,No internet service,Yes,No internet service,One year,Yes,Bank transfer,0
1859,67,62.62977174034259,250.87147926531495,Female,0,No,Yes,Yes,No,Fiber optic,Yes,Yes,No internet service,No,Yes,No,Two year,No,Bank transfer,1
1860,52,64.23354580502155,5684.295479793164,Male,0,No,Yes,No,No phone service,No,No internet service,No internet service,Yes,Yes,No internet service,No internet service,Month-to-month,Yes,Bank transfer,1
1861,62,86.8670884897893,5121.408781382838,Male,0,Yes,Yes,No,No phone service,DSL,No,No,No internet service,Yes,No,No,Month-to-month,No,Credit card,1
1862,23,51.54163912586834,1271.9481170598829,Female,0,No,No,No,Yes,No,No,No,No internet service,Yes,No,Yes,Two year,No,Credit card,0
1863,26,88.25992797813055,6152.361835626529,Female,0,Yes,No,No,Yes,DSL,Yes,Yes,Yes,No,Yes,No,Two year,Yes,Electronic check,1
1864,68,107.14885417573883,639.94618369856,Female,0,No,No,No,No,DSL,No,No internet service,No internet service,Yes,No internet service,No internet service,Month-to-month,No,Mailed check,1
1865,55,43.74860423621998,6628.550312582604,Male,0,Yes,Yes,No,No,DSL,No,No,No,Yes,No internet service,No,Month-to-month,No,Credit card,0
1866,6,117.89195561198997,2169.241034301009,Male,0,No,No,No,No,No,No,No internet service,Yes,No,No,No,One year,No,Bank transfer,0
1867,35,58.636813713680695,5541.929712175253,Male,0,No,No,No,No phone service,DSL,No internet service,No,No,No,No internet service,No,Month-to-month,No,Credit card,1
1868,22,46.72586851470618,7397.145794072775,Female,0,No,No,Yes,No,No,Yes,No internet service,No,Yes,No internet service,No internet service,Two year,Yes,Mailed check,0
1869,43,62.151118251029054,2784.6334949202464,Male,0,Yes,No,Yes,Yes,Fiber optic,No internet service,No,No,No internet service,Yes,Yes,Month-to-month,No,Mailed check,1
1870,15,29.439747590385917,4072.8632157293114,Male,0,Yes,Yes,No,No,No,No internet service,Yes,Yes,No internet service,Yes,Yes,Two year,Yes,Bank transfer,0
1871,60,32.57059065121157,3758.632468208558,Male,0,Yes,No,No,No,No,No,Yes,No,No,No,No,Two year,No,Electronic check,0
1872,12,61.44340469683314,1345.129657596658,Male,0,Yes,No,No,No phone service,No,Yes,No internet service,Yes,No,No,No,One year,Yes,Mailed check,0
1873,49,96.24445219391,4763.464882877017,Female,0,No,No,No,Yes,Fiber optic,No,No,No,No,Yes,No,One year,Yes,Mailed check,1
1874,42,110.03122395744909,5969.715156315489,Male,0,Yes,Yes,No,No,Fiber optic,Yes,No,Yes,No internet service,No internet service,Yes,One year,Yes,Mailed check,0
1875,38,86.4817990716271,7343.311148498172,Female,0,Yes,No,Yes,Yes,Fiber optic,No,No internet service,No,Yes,No internet service,No internet service,Two year,No,Mailed check,1
1876,45,30.52195552381697,6821.340553031151,Female,0,No,No,No,No,DSL,Yes,No,No internet service,No internet service,Yes,No,Two year,Yes,Mailed check,0
1877,35,87.2019762180535,4129.15309985145,Male,0,Yes,No,No,Yes,No,Yes,Yes,No,No,Yes,No,Two year,Yes,Credit card,0
1878,30,83.5427920702972,5780.235520644285,Male,0,No,No,Yes,No,No,No,No,No internet service,No internet service,Yes,No,One year,Yes,Bank transfer,0
1879,30,100.57639182933313,6426.188965653753,Female,0,Yes,No,No,No,DSL,No,Yes,No internet service,No,Yes,Yes,Month-to-month,No,Credit card,1
1880,6,102.52486666521808,3998.5608385329556,Male,0,Yes,No,No,No phone service,DSL,No internet service,No internet service,No,Yes,No internet service,Yes,Month-to-month,No,Electronic check,1
1881,67,106.82030757789789,1011.8777295637151,Female,0,No,No,Yes,No phone service,No,No internet service,No,No,No,No internet service,No internet service,One year,No,Mailed check,1
1882,7,61.413151457909834,3559.6530343942295,Male,0,No,Yes,No,Yes,DSL,Yes,No internet service,No internet service,Yes,No,No,One year,Yes,Electronic check,1
1883,52,89.78643953521443,6755.576501792362,Male,1,No,Yes,No,Yes,DSL,No,Yes,Yes,Yes,Yes,No,Two year,Yes,Electronic check,1
1884,14,46.82503589223107,4813.467102610506,Female,0,No,No,No,Yes,Fiber optic,No,No internet service,No,No internet service,No,Yes,Two year,Yes,Bank transfer,0
1885,15,119.93362799835043,5823.2211783737785,Male,0,Yes,No,Yes,Yes,DSL,No internet service,No internet service,No internet service,No,No internet service,Yes,Two year,Yes,Credit card,1
1886,21,37.533424137686,1563.6173750054415,Female,0,Yes,Yes,No,No phone service,DSL,No,No,Yes,No internet service,No,No,Month-to-month,No,Electronic check,0
1887,35,21.01144316608358,7718.268368866945,Female,0,No,Yes,No,Yes,No,Yes,No internet service,No,No,No internet service,No,Month-to-month,No,Electronic check,1
1888,66,34.8808714518176,3292.236182997144,Male,0,No,Yes,Yes,No,DSL,Yes,No internet service,Yes,No,No internet service,No,One year,Yes,Electronic check,1
1889,2,97.58722895441267,5263.720629470059,Female,0,Yes,Yes,Yes,No,DSL,Yes,No,No internet service,No,No,Yes,One year,No,Electronic check,1
1890,35,64.67836765082114,249.09081126578158,Male,0,No,No,No,No,DSL,No internet service,No internet service,No,No internet service,No,No,Two year,No,Mailed check,0
1891,20,64.75002478104284,1105.8221718168015,Male,0,Yes,No,No,No phone service,Fiber optic,Yes,Yes,Yes,No internet service,Yes,No internet service,Month-to-month,No,Bank transfer,1
1892,10,115.50229196116685,6278.07073209086,Male,0,No,No,No,Yes,No,No internet service,No,No,No,No internet service,Yes,Month-to-month,No,Bank transfer,1
1893,25,111.96349080280743,7746.958619610012,Female,0,No,No,No,No,Fiber optic,No internet service,Yes,Yes,No internet service,Yes,No internet service,One year,No,Bank transfer,0
1894,66,51.119473780400924,2628.437304938278,Male,1,No,No,No,No,DSL,Yes,No,Yes,No,Yes,No internet service,Month-to-month,No,Electronic check,1
1895,25,40.905812878086614,393.7278060359922,Male,0,No,Yes,No,No phone service,No,No internet service,No internet service,No,No internet service,No internet service,Yes,Two year,Yes,Electronic check,0
1896,54,104.84822099337397,2950.8461556430866,Female,0,Yes,Yes,No,No phone service,No,No internet service,Yes,No,No internet service,No,No,Month-to-month,Yes,Mailed check,0
1897,33,110.60190710443632,237.99822920412075,Female,0,No,Yes,Yes,No phone service,DSL,Yes,Yes,No,Yes,Yes,No internet service,Two year,No,Electronic check,0
1898,36,74.15969227984868,1619.7474288735061,Female,1,Yes,Yes,Yes,No,Fiber optic,Yes,Yes,No internet service,No internet service,Yes,No,Two year,No,Credit card,1
1899,14,82.94237111171006,6044.528918924533,Female,0,No,Yes,No,No phone service,DSL,No internet service,No internet service,No,No,No internet service,No internet service,Two year,No,Credit card,0
1900,65,45.691428469229336,7502.998345041319,Male,0,No,No,Yes,No,Fiber optic,No internet service,Yes,Yes,No internet service,No,Yes,Two year,Yes,Electronic check,0
1901,54,100.08026879785245,790.8477665142045,Male,0,Yes,Yes,No,Yes,DSL,No,Yes,No,No internet service,No,No,Month-to-month,Yes,Credit card,1
1902,52,83.2122428449023,4507.416152603023,Male,0,No,Yes,No,No,No,Yes,No internet service,No internet service,No,Yes,No internet service,Month-to-month,No,Credit card,1
1903,3,70.35135112979967,2105.6586843798523,Male,0,Yes,No,No,Yes,No,No,No internet service,No internet service,No internet service,No internet service,No internet service,Two year,Yes,Bank transfer,1
1904,41,26.01085560783958,1198.5670937720433,Female,0,No,No,No,No,Fiber optic,No internet service,No internet service,No,Yes,Yes,Yes,One year,No,Electronic check,0
1905,6,111.59349625111537,1829.9438161433045,Female,0,Yes,No,Yes,Yes,DSL,No,Yes,Yes,Yes,No,No internet service,One year,Yes,Bank transfer,1
1906,25,81.5451420384406,4664.328233231889,Male,0,No,No,No,No,Fiber optic,No internet service,Yes,No internet service,Yes,Yes,Yes,Two year,Yes,Credit card,0
1907,13,39.269109469296794,614.5625614072923,Female,0,No,No,No,No,No,No,Yes,Yes,Yes,No internet service,No internet service,Two year,Yes,Bank transfer,0
1908,8,80.63861169830528,3530.3269097304983,Female,0,No,Yes,No,No,No,No internet service,No,No internet service,No,Yes,No,One year,Yes,Credit card,0
1909,21,87.74633542399734,1168.3000225457947,Female,0,No,No,No,No,Fiber optic,No internet service,Yes,No internet service,No,No,Yes,Month-to-month,No,Bank transfer,1
1910,68,72.57703366832254,2254.1487139164037,Female,0,No,No,Yes,No phone service,Fiber optic,No internet service,Yes,Yes,Yes,No internet service,No internet service,Month-to-month,No,Electronic check,1
1911,25,91.81017379560225,1606.9592049717849,Female,0,Yes,Yes,No,No,Fiber optic,Yes,No,Yes,No,No internet service,No internet service,One year,No,Credit card,1
1912,68,78.14539479286242,7075.506448664088,Male,0,Yes,Yes,Yes,No,Fiber optic,No internet service,No,No internet service,No internet service,No internet service,No,Two year,Yes,Electronic check,1
1913,45,114.77695820321482,5693.289513883187,Male,0,Yes,No,Yes,No phone service,Fiber optic,Yes,Yes,Yes,No internet service,No internet service,No internet service,Two year,Yes,Mailed check,0
1914,60,25.369707859930685,6960.854373685017,Female,0,No,No,No,No phone service,DSL,No internet service,No,No,No internet service,No internet service,Yes,Month-to-month,Yes,Credit card,1
1915,12,30.62457084695605,3129.3563929267707,Female,0,No,Yes,No,No phone service,Fiber optic,No,Yes,No,Yes,Yes,No internet service,Month-to-month,Yes,Bank transfer,1
1916,32,37.36716369543399,2575.965582343994,Male,0,No,No,No,No phone service,Fiber optic,No internet service,No internet service,No internet service,Yes,No internet service,No internet service,Two year,Yes,Mailed check,0
1917,13,89.01710706043322,3106.63883969236,Male,1,Yes,No,Yes,No phone service,No,No internet service,No internet service,No,No,No,No,Month-to-month,No,Electronic check,0
1918,31,84.55958727498087,246.530746222819,Female,0,Yes,No,Yes,No phone service,No,No,No internet service,No internet service,No,No internet service,No,One year,No,Electronic check,0
1919,20,109.2058860209694,5825.163773673609,Female,0,Yes,No,No,No phone service,DSL,No internet service,No internet service,Yes,No,No,No internet service,One year,Yes,Electronic check,0
1920,18,93.28774528838984,2863.2024094711187,Female,0,No,No,No,No phone service,Fiber optic,No internet service,No,Yes,Yes,No,No,Month-to-month,No,Mailed check,0
1921,60,70.83554875645922,2575.258048256654,Male,0,No,Yes,Yes,No phone service,Fiber optic,No internet service,Yes,No,No,No,No internet service,Two year,No,Credit card,0
1922,63,119.18317924636303,4825.31441642721,Female,0,Yes,Yes,No,No phone service,No,No,No,Yes,No internet service,No,No internet service,One year,No,Credit card,1
1923,6,46.61079561692992,3546.3743025075496,Female,0,Yes,No,Yes,No phone service,No,No internet service,No internet service,No,No internet service,No,Yes,Month-to-month,Yes,Electronic check,1
1924,32,103.3191659785454,7848.662608968798,Female,0,Yes,No,Yes,Yes,No,Yes,No internet service,No internet service,No internet service,Yes,No internet service,Month-to-month,No,Electronic check,1
1925,43,62.67903721939194,2914.3990389005307,Female,0,Yes,Yes,Yes,No,Fiber optic,Yes,Yes,No,Yes,No,Yes,Two year,Yes,Electronic check,0
1926,2,84.87351388757342,4949.777153442516,Female,0,No,Yes,Yes,No,Fiber optic,Yes,No,No,No,No,Yes,Month-to-month,Yes,Mailed check,1
1927,60,92.7268470452434,2562.0436948162487,Female,1,Yes,Yes,No,No phone service,DSL,Yes,No internet service,Yes,No,No,No internet service,One year,Yes,Mailed check,0
1928,23,83.37540871903363,7925.700343664188,Female,0,No,No,No,No phone service,No,No,No,Yes,Yes,Yes,No,Month-to-month,No,Electronic check,0
1929,31,34.05073031085933,3616.377174289012,Female,0,No,Yes,Yes,Yes,No,No internet service,Yes,Yes,Yes,No internet service,No internet service,Two year,No,Bank transfer,0
1930,5,64.29510107479328,5109.617605847743,Male,0,No,No,No,No phone service,No,Yes,Yes,No,No internet service,No,No internet service,Month-to-month,Yes,Credit card,1
1931,34,76.14383779331243,1101.1012005261487,Male,0,No,No,Yes,Yes,No,No internet service,No,Yes,Yes,Yes,No,One year,No,Mailed check,0
1932,10,104.90437591785968,5890.891297422899,Male,0,No,No,No,No,No,No internet service,Yes,No internet service,No internet service,Yes,No,One year,Yes,Credit card,0
1933,2,64.36457487985723,2226.759457217414,Female,0,No,No,Yes,No,Fiber optic,No,No,No,No internet service,Yes,Yes,Month-to-month,No,Mailed check,1
1934,11,111.87473048042514,3644.044697354408,Male,0,Yes,No,No,No phone service,Fiber optic,No internet service,No,No,No,No internet service,No internet service,Two year,No,Bank transfer,0
1935,50,64.03742230252107,7076.751192386918,Male,0,Yes,Yes,No,Yes,No,Yes,No,No,No internet service,Yes,No,One year,No,Mailed check,1
1936,31,74.87798592630116,7767.364867592301,Male,0,Yes,Yes,Yes,Yes,No,Yes,No internet service,No internet service,No,No,No,Two year,Yes,Credit card,1
1937,56,99.6285682942801,3454.11960453882,Male,0,Yes,Yes,No,No,Fiber optic,No,No internet service,No internet service,No internet service,No,Yes,Two year,No,Bank transfer,0
1938,9,78.30676844221436,6694.941076840549,Male,0,No,Yes,Yes,No,Fiber optic,Yes,No,Yes,No,No,No internet service,One year,No,Bank transfer,0
1939,21,116.02180723828246,521.4570569438999,Female,0,Yes,No,No,Yes,DSL,Yes,Yes,Yes,Yes,No internet service,No,Month-to-month,Yes,Bank transfer,1
1940,28,86.03358305141276,6795.834835343074,Male,0,No,Yes,Yes,Yes,Fiber optic,No,Yes,No,No,Yes,Yes,Two year,No,Bank transfer,1
1941,62,72.2709454067601,5073.131545005933,Female,1,Yes,Yes,No,No,DSL,No,No internet service,Yes,Yes,No,Yes,Month-to-month,Yes,Credit card,0
1942,7,22.359196778079585,3960.7787302936554,Female,0,Yes,Yes,No,Yes,No,Yes,No,No internet service,No,No,Yes,Two year,Yes,Bank transfer,0
1943,16,61.37328975803298,7130.713270584258,Male,0,No,Yes,Yes,No,No,No,No internet service,Yes,Yes,No,Yes,One year,Yes,Credit card,0
1944,4,49.92484192601604,6778.164057800669,Female,0,No,Yes,Yes,Yes,No,No,No,Yes,Yes,No internet service,No internet service,Two year,No,Mailed check,1
1945,4,94.81056678874893,2445.866258033219,Male,0,Yes,Yes,No,No phone service,Fiber optic,Yes,Yes,No,Yes,No,No internet service,Month-to-month,No,Credit card,1
1946,40,40.82776751535458,6352.758220523584,Female,0,Yes,No,No,No,Fiber optic,Yes,Yes,No internet service,No internet service,Yes,No,Month-to-month,No,Electronic check,1
1947,17,40.52200872940718,885.9783759327436,Female,0,No,No,Yes,Yes,No,No,No internet service,No internet service,Yes,Yes,No,Two year,No,Bank transfer,0
1948,52,38.95190432373768,6599.835090192224,Male,0,No,Yes,Yes,No,No,No internet service,Yes,No internet service,No,No internet service,No,Two year,Yes,Credit card,0
1949,52,32.56156131562359,5436.099382383679,Female,0,No,No,Yes,Yes,DSL,No internet service,No,Yes,Yes,No internet service,No,Two year,No,Mailed check,0
1950,36,51.10070036708874,794.1440143623477,Female,0,No,No,Yes,No phone service,Fiber optic,Yes,Yes,No internet service,Yes,No internet service,No,One year,No,Electronic check,1
1951,38,108.59221144434251,5496.33337044567,Female,0,No,No,No,No phone service,Fiber optic,Yes,Yes,Yes,No,Yes,Yes,Month-to-month,Yes,Electronic check,1
1952,50,97.4928472305955,4686.1022857433245,Female,0,No,No,No,No phone service,DSL,No internet service,No internet service,No,Yes,No internet service,No internet service,Two year,Yes,Mailed check,0
1953,63,93.52512163067935,4796.945799045854,Female,0,No,No,No,No,No,No,No,No internet service,No,No internet service,Yes,Month-to-month,Yes,Electronic check,0
1954,63,99.73368056499626,2397.8250875246185,Female,0,No,Yes,No,No phone service,No,No internet service,No internet service,No,Yes,Yes,No internet service,Month-to-month,Yes,Electronic check,1
1955,62,46.94178893295717,2205.3278801014776,Female,0,No,No,No,No,Fiber optic,No internet service,No internet service,Yes,No,No,Yes,Month-to-month,Yes,Credit card,0
1956,7,108.74416907524878,6124.027385226758,Female,1,No,No,No,No phone service,Fiber optic,Yes,Yes,No internet service,No,No internet service,Yes,Month-to-month,No,Bank transfer,1
1957,27,33.73033751416044,2128.826500036189,Male,0,Yes,Yes,Yes,No,No,No,No,Yes,Yes,No,No,Two year,No,Credit card,0
1958,14,53.634572671558196,3625.4717892981994,Female,0,No,No,No,No phone service,DSL,No internet service,No,No internet service,Yes,No,No internet service,Month-to-month,No,Bank transfer,0
1959,71,78.6748118967343,5588.8330889304,Male,0,No,No,Yes,Yes,DSL,No,No internet service,Yes,Yes,No,No internet service,Month-to-month,Yes,Credit card,0
1960,5,30.29050883420006,728.9683854867584,Male,0,Yes,Yes,Yes,Yes,DSL,Yes,No internet service,Yes,Yes,No,No internet service,One year,No,Mailed check,1
1961,55,93.01301877764249,4796.932222632092,Female,0,No,No,Yes,No,Fiber optic,No internet service,Yes,Yes,Yes,No internet service,No,Two year,No,Bank transfer,1
1962,2,58.724604820347494,4756.073343920127,Female,0,Yes,Yes,Yes,No phone service,DSL,Yes,No,No,Yes,No internet service,No,Month-to-month,No,Electronic check,1
1963,62,98.44056656084001,5505.406816015401,Male,0,No,No,No,No phone service,Fiber optic,No internet service,No,No internet service,No internet service,No internet service,No,Month-to-month,No,Electronic check,0
1964,21,69.28962855846027,3022.4319529147033,Male,0,Yes,No,Yes,Yes,Fiber optic,No,Yes,Yes,Yes,Yes,No,Two year,No,Credit card,0
1965,21,38.08745244253363,3646.9402151043337,Male,0,No,Yes,Yes,No phone service,No,Yes,No internet service,No internet service,No internet service,Yes,Yes,Two year,Yes,Bank transfer,0
1966,10,93.47618113553443,2706.7575801630796,Female,0,Yes,No,No,No phone service,No,No,No,Yes,No internet service,No,No internet service,Month-to-month,Yes,Mailed check,1
1967,58,45.21439558389436,6484.529152791329,Female,0,Yes,Yes,Yes,No,DSL,No internet service,Yes,No internet service,No internet service,Yes,No,One year,Yes,Mailed check,1
1968,39,69.08103012680428,1131.8250042854465,Female,0,No,No,Yes,Yes,DSL,Yes,No internet service,Yes,Yes,No,No,One year,No,Bank transfer,0
1969,5,27.55332691569076,7707.336233245106,Male,0,No,No,No,No phone service,Fiber optic,No,Yes,Yes,No,No,No,Two year,No,Mailed check,0
1970,65,81.78666544120367,5115.205632235818,Female,0,Yes,No,Yes,No phone service,No,No,No,No,No,No internet service,No,Two year,No,Credit card,1
1971,13,86.58577662162773,7106.5631226981895,Female,1,Yes,No,No,No,No,No internet service,No internet service,No internet service,No,No internet service,No internet service,One year,No,Mailed check,0
1972,53,57.86742099727836,3467.228520291638,Female,0,Yes,Yes,No,No,Fiber optic,Yes,Yes,No,Yes,Yes,Yes,One year,No,Electronic check,0
1973,45,115.44227803210738,2725.0046560967735,Female,0,No,No,No,No,DSL,No,Yes,Yes,No,No internet service,Yes,One year,No,Bank transfer,1
1974,32,107.41689214820684,7215.733899979469,Male,1,Yes,No,No,No,DSL,Yes,Yes,No,No,Yes,No,One year,Yes,Bank transfer,0
1975,36,90.79409157399948,881.096928122792,Female,1,Yes,Yes,No,No phone service,Fiber optic,Yes,No,No,Yes,No internet service,Yes,One year,Yes,Electronic check,0
1976,60,91.36520744937427,1025.1471288916946,Female,0,Yes,Yes,Yes,No phone service,No,Yes,No,No,Yes,No internet service,No,Two year,No,Electronic check,0
1977,11,45.240171494215126,2464.839534228951,Male,0,Yes,Yes,No,No phone service,Fiber optic,Yes,No,No,No internet service,Yes,No,Two year,Yes,Bank transfer,1
1978,63,85.6815231088449,7682.222355953916,Female,0,No,No,No,No,Fiber optic,No internet service,Yes,No internet service,Yes,No,No internet service,Two year,Yes,Bank transfer,0
1979,21,39.820626523551965,5101.242017934345,Male,0,No,Yes,No,No phone service,DSL,No,No,No,No,Yes,Yes,Two year,No,Electronic check,1
1980,52,34.400322391982215,4478.130203261646,Male,1,Yes,Yes,No,Yes,No,Yes,Yes,Yes,Yes,No internet service,Yes,Month-to-month,Yes,Mailed check,1
1981,55,119.94678942025801,5672.315057207823,Female,0,No,Yes,No,Yes,DSL,No,Yes,Yes,Yes,No,No,One year,Yes,Credit card,0
1982,26,82.23759314731743,3398.048993017513,Male,0,No,Yes,Yes,No phone service,DSL,No,Yes,No,No,No internet service,No internet service,One year,No,Electronic check,1
1983,68,63.098787265719054,6088.780661224314,Female,0,Yes,No,Yes,No,No,No,No internet service,No,No,No internet service,No,Two year,No,Credit card,0
1984,34,48.81645228839513,3206.522513985733,Male,0,Yes,No,No,Yes,DSL,No internet service,Yes,No,Yes,No internet service,No internet service,One year,Yes,Mailed check,0
1985,52,80.39204436622273,6628.26916036607,Male,0,No,No,Yes,No phone service,Fiber optic,Yes,No,Yes,Yes,No,Yes,Month-to-month,No,Bank transfer,1
1986,52,24.959350822008613,2211.631148404386,Female,0,No,Yes,No,Yes,Fiber optic,Yes,Yes,No,Yes,No internet service,No internet service,Month-to-month,No,Bank transfer,1
1987,29,29.468099050479506,2292.6186084543915,Male,0,Yes,Yes,No,Yes,No,No,No,No internet service,No,Yes,Yes,Month-to-month,No,Bank transfer,0
1988,38,23.285669774039633,4226.828112871208,Female,0,Yes,Yes,No,Yes,Fiber optic,No,No internet service,No,No internet service,Yes,Yes,Two year,No,Bank transfer,1
1989,42,69.91698332626618,3503.0131510577075,Female,0,Yes,No,Yes,Yes,Fiber optic,No internet service,No internet service,No internet service,Yes,Yes,Yes,One year,Yes,Bank transfer,0
1990,21,80.06066291871826,5220.115169849093,Female,0,Yes,Yes,No,No phone service,Fiber optic,No internet service,Yes,No,Yes,No,No,Month-to-month,Yes,Electronic check,0
1991,42,26.247976135782086,2977.896961921274,Female,0,Yes,Yes,No,Yes,Fiber optic,No,No,Yes,Yes,Yes,No,Month-to-month,Yes,Bank transfer,0
1992,13,92.12244674989165,1921.350127655898,Male,0,No,No,Yes,No phone service,DSL,Yes,No internet service,Yes,No internet service,No internet service,No internet service,One year,Yes,Credit card,1
1993,64,43.03950715145644,3811.4876467749186,Female,0,Yes,No,No,Yes,Fiber optic,No internet service,No internet service,No,Yes,No,No,One year,No,Bank transfer,0
1994,17,88.5201453769866,4531.556346027455,Male,1,Yes,No,Yes,Yes,No,Yes,No internet service,No internet service,No internet service,No internet service,No,Month-to-month,No,Credit card,1
1995,9,118.18971400352456,1226.5404252545545,Female,0,Yes,No,Yes,Yes,DSL,No internet service,No,Yes,Yes,No internet service,No internet service,Month-to-month,Yes,Credit card,1
1996,41,89.11058700538511,4498.077143292006,Male,1,Yes,No,No,No phone service,Fiber optic,Yes,Yes,Yes,No,No internet service,Yes,One year,Yes,Bank transfer,0
1997,1,108.31930529236085,2622.127971458385,Male,0,No,Yes,Yes,Yes,Fiber optic,No,Yes,Yes,No internet service,Yes,No internet service,Two year,No,Bank transfer,0
1998,2,114.81985067430674,3200.3698904612124,Male,0,No,Yes,No,Yes,No,No internet service,No internet service,No,No,Yes,No,One year,No,Mailed check,1
1999,60,68.67510483523155,2306.6132195999216,Male,0,No,Yes,Yes,No,DSL,No,Yes,No,Yes,No,Yes,Two year,Yes,Bank transfer,0
2000,48,90.23249794197068,7458.1415895651735,Female,0,No,No,Yes,Yes,Fiber optic,No internet service,No internet service,No,No,No,No internet service,Month-to-month,No,Credit card,0
2001,29,105.19692535558417,5498.356622113689,Female,0,No,No,Yes,No,No,No,No,No internet service,No internet service,Yes,Yes,Two year,No,Mailed check,0
2002,10,55.66089128743861,2173.4364600653985,Male,0,No,No,No,No phone service,DSL,No internet service,Yes,No,Yes,Yes,No,Two year,No,Credit card,0
2003,58,46.13973165603949,5195.7475429604065,Male,1,Yes,No,Yes,Yes,DSL,No internet service,No,No internet service,No,No internet service,No,Month-to-month,No,Mailed check,0
2004,60,114.65985727783386,6803.722035698164,Female,0,Yes,Yes,No,Yes,Fiber optic,No internet service,Yes,No,No internet service,Yes,No internet service,Month-to-month,Yes,Credit card,1
2005,21,92.6303500368818,3272.8786458288723,Male,1,Yes,Yes,No,No,No,Yes,No,No internet service,No internet service,No internet service,Yes,Two year,Yes,Bank transfer,1
2006,28,41.96821333758263,6656.66432233384,Male,0,No,Yes,No,No,No,Yes,No,No internet service,No internet service,Yes,No,One year,Yes,Mailed check,0
2007,34,64.90833926761134,1319.8780602859397,Female,0,No,Yes,Yes,Yes,Fiber optic,No internet service,Yes,No,No,No internet service,Yes,One year,Yes,Credit card,0
2008,8,99.64517695378093,6599.972782442727,Male,0,No,Yes,Yes,No phone service,Fiber optic,No,No internet service,No internet service,No internet service,Yes,No internet service,Month-to-month,No,Bank transfer,1
2009,59,74.70629909184422,4368.324517111694,Male,0,Yes,Yes,No,No,Fiber optic,No,No internet service,Yes,Yes,Yes,No internet service,Month-to-month,No,Mailed check,1
2010,49,84.99520981658891,1861.4984552788585,Female,0,No,Yes,No,Yes,No,No internet service,No,Yes,Yes,No,No internet service,One year,No,Electronic check,0
2011,17,95.37682020450524,3316.4169379917003,Male,0,Yes,Yes,No,No,DSL,Yes,No,No,No internet service,No,No,One year,Yes,Bank transfer,0
2012,60,82.20091888089806,7905.1446403282725,Female,1,No,No,No,No phone service,Fiber optic,Yes,No internet service,Yes,No internet service,No internet service,No,Month-to-month,Yes,Credit card,1
2013,45,74.00793219221958,6290.092531475167,Female,0,Yes,Yes,No,No,Fiber optic,Yes,Yes,No,Yes,No,No,One year,No,Bank transfer,0
2014,69,94.96142843877735,4643.1822549424105,Female,0,No,Yes,No,Yes,DSL,Yes,Yes,No internet service,Yes,No,No,Two year,No,Credit card,1
2015,32,92.75630354322007,1009.794904045752,Female,0,Yes,No,Yes,No,DSL,No,No,Yes,No internet service,Yes,No internet service,Month-to-month,Yes,Credit card,0
2016,44,82.98724001831789,3400.711504921852,Male,0,Yes,No,No,No phone service,No,No internet service,Yes,No internet service,Yes,No internet service,No,Two year,Yes,Credit card,0
2017,65,55.97894133819296,2178.1069606943042,Female,0,No,Yes,No,Yes,Fiber optic,No internet service,No,No,No internet service,No,No,Two year,Yes,Credit card,0
2018,8,60.58120922002716,660.908528092583,Female,0,No,Yes,No,Yes,No,No internet service,Yes,No,No,No,No,Two year,No,Mailed check,1
2019,43,117.04385488840974,4383.414670882588,Male,0,Yes,No,No,Yes,DSL,No,No,No internet service,No internet service,Yes,No internet service,Two year,Yes,Electronic check,1
2020,1,31.238593229152585,7124.567028742921,Female,0,No,No,Yes,Yes,Fiber optic,Yes,Yes,No,No internet service,Yes,No internet service,One year,No,Bank transfer,1
2021,51,46.85049172528353,5437.238958575588,Male,0,No,No,Yes,No phone service,No,Yes,No,Yes,No,Yes,No,Month-to-month,Yes,Credit card,1
2022,24,69.24017592043357,2072.4750650460383,Female,0,Yes,Yes,No,Yes,No,No,No internet service,No,No internet service,No internet service,Yes,One year,Yes,Mailed check,0
2023,24,103.67296861437859,4631.318394934934,Female,1,Yes,No,No,No phone service,DSL,No,No internet service,Yes,No internet service,Yes,Yes,Two year,Yes,Mailed check,0
2024,17,36.36756637297279,7551.550838441054,Female,0,Yes,Yes,No,No phone service,Fiber optic,No internet service,No internet service,No,No,No internet service,No,Two year,Yes,Credit card,0
2025,5,47.69546181246099,5811.02891809119,Female,0,No,No,Yes,No,No,No internet service,No internet service,Yes,Yes,Yes,No,Two year,Yes,Bank transfer,1
2026,20,26.579821779523897,5546.843805313435,Male,0,Yes,Yes,Yes,No,No,No,No,No,Yes,No,No,Two year,No,Credit card,0
2027,21,90.59852660508184,7748.449513197378,Male,0,No,No,Yes,Yes,DSL,No,Yes,No,Yes,No internet service,No internet service,Month-to-month,No,Mailed check,1
2028,58,43.82094354756161,6411.099158353796,Male,1,No,Yes,No,Yes,Fiber optic,No,No,No internet service,Yes,Yes,Yes,Month-to-month,Yes,Bank transfer,1
2029,31,58.86747506709505,1179.3259904801419,Female,0,Yes,No,Yes,No phone service,DSL,Yes,No,No internet service,Yes,Yes,No internet service,Month-to-month,Yes,Electronic check,1
2030,11,64.37014470296678,2846.3171871119907,Female,0,No,No,No,No,No,No internet service,No,Yes,No,No,Yes,Two year,No,Electronic check,0
2031,52,109.13139356064556,7724.61153582772,Female,1,No,Yes,No,Yes,Fiber optic,No,Yes,No internet service,No,No,No internet service,Two year,No,Electronic check,1
2032,15,61.13302903312368,3968.672614164183,Male,0,Yes,Yes,No,Yes,DSL,No,No,No internet service,No internet service,No,No internet service,Month-to-month,No,Electronic check,0
2033,7,34.522501991524905,981.9358180373644,Female,0,Yes,Yes,No,No phone service,Fiber optic,Yes,No internet service,Yes,Yes,Yes,No,Month-to-month,No,Credit card,1
2034,28,72.4314938340121,3722.978549411501,Male,0,No,No,No,No,Fiber optic,No,No internet service,No internet service,No,No,No,Month-to-month,Yes,Mailed check,1
2035,51,116.29579946486297,5606.246549159326,Male,0,Yes,No,Yes,Yes,Fiber optic,No internet service,No,Yes,No,No,No,One year,No,Mailed check,0
2036,58,80.76856410508111,7980.630951281805,Male,0,Yes,No,Yes,Yes,No,Yes,No internet service,Yes,Yes,No internet service,No internet service,Two year,No,Mailed check,0
2037,5,118.33872204605726,2658.8520008492947,Female,0,No,No,Yes,Yes,Fiber optic,No,No internet service,Yes,No,No internet service,No,Month-to-month,Yes,Bank transfer,1
2038,5,104.11073089388701,4161.286311546262,Female,0,Yes,No,No,Yes,DSL,No internet service,Yes,Yes,No internet service,No internet service,No internet service,Month-to-month,No,Electronic check,1
2039,8,23.59657562134128,7049.4775667333715,Female,1,Yes,Yes,Yes,Yes,Fiber optic,No internet service,No,No,No internet service,Yes,No internet service,Two year,Yes,Bank transfer,0
2040,64,85.83995953770419,2906.611022652935,Female,0,No,Yes,No,Yes,Fiber optic,Yes,No,No,Yes,No internet service,No,One year,No,Electronic check,1
2041,10,48.676687755788365,963.1662970677721,Male,1,No,No,No,No,No,No internet service,No internet service,Yes,Yes,Yes,No,Two year,No,Bank transfer,0
2042,38,75.96168556447239,7596.593412511882,Male,0,No,No,No,No phone service,DSL,Yes,No,No internet service,Yes,No,No internet service,Month-to-month,No,Mailed check,0
2043,8,47.93451909312266,3958.682373036651,Female,0,Yes,Yes,Yes,No phone service,Fiber optic,No internet service,No,Yes,No internet service,Yes,Yes,Month-to-month,No,Mailed check,1
2044,25,54.887041660529036,4071.9913150985763,Female,0,Yes,No,Yes,No phone service,No,No,No internet service,Yes,No,Yes,Yes,One year,Yes,Mailed check,0
2045,66,112.31687117541793,5007.481142373039,Female,1,No,Yes,Yes,Yes,No,Yes,No internet service,No internet service,No internet service,No,No internet service,One year,No,Bank transfer,0
2046,50,40.664318489170526,127.93932725547438,Male,0,Yes,Yes,Yes,No phone service,Fiber optic,No internet service,No,Yes,Yes,No internet service,No,Two year,No,Credit card,0
2047,67,107.41091180258304,7455.936286993909,Female,0,Yes,Yes,No,No,Fiber optic,Yes,Yes,No,No,No internet service,No,Month-to-month,Yes,Mailed check,1
2048,49,23.04578080704968,2955.463569718879,Male,0,Yes,Yes,No,Yes,Fiber optic,No internet service,No internet service,Yes,No internet service,No internet service,No,One year,Yes,Mailed check,0
2049,36,29.087653836964837,3235.761712836354,Male,0,Yes,Yes,No,No,No,Yes,No,No,Yes,No,No internet service,Month-to-month,No,Electronic check,0
2050,68,105.46750413842635,1475.4630555125564,Male,1,No,No,No,Yes,Fiber optic,No,No internet service,No internet service,Yes,Yes,No,One year,No,Bank transfer,1
2051,41,83.05560309091953,3087.397745010442,Male,0,No,Yes,No,Yes,No,Yes,No,No internet service,No,No,Yes,One year,Yes,Bank transfer,0
2052,62,94.72361380395502,6451.153893130811,Male,0,Yes,No,Yes,No phone service,DSL,Yes,No,No internet service,No internet service,No,Yes,Month-to-month,No,Mailed check,0
2053,10,40.94176708218542,6419.934213188725,Male,0,Yes,Yes,Yes,No,Fiber optic,No,Yes,No,No,No,No,Month-to-month,No,Credit card,1
2054,21,73.70834555901035,7492.795043074077,Male,0,Yes,No,No,No phone service,DSL,No internet service,No internet service,Yes,No,No,No internet service,Two year,Yes,Bank transfer,0
2055,36,93.72192235713048,3285.5128341782865,Female,0,No,Yes,No,Yes,DSL,No,Yes,No internet service,No internet service,Yes,Yes,Two year,Yes,Credit card,0
2056,12,82.73141370102624,5698.899879613817,Female,0,No,No,No,No,DSL,Yes,No internet service,No internet service,No internet service,No internet service,No,Two year,No,Credit card,0
2057,2,67.16987668912094,4107.176686139701,Female,1,No,No,No,No,No,No,Yes,No internet service,No internet service,No internet service,No,Month-to-month,No,Mailed check,1
2058,13,115.97837864377148,6451.780037201134,Male,0,No,Yes,No,Yes,No,No,No internet service,Yes,No,No,Yes,One year,Yes,Credit card,1
2059,53,87.61573334534454,5729.081872150676,Male,0,No,Yes,Yes,No phone service,No,Yes,Yes,Yes,No,Yes,No internet service,Two year,No,Bank transfer,0
2060,32,110.7750800241238,3006.4331097615777,Female,1,Yes,Yes,No,Yes,No,Yes,Yes,No,No internet service,No,No internet service,Month-to-month,Yes,Credit card,1
2061,16,92.97705115736812,2759.7232906041704,Male,0,Yes,No,Yes,No,DSL,No,No internet service,No,No internet service,Yes,Yes,Two year,Yes,Electronic check,0
2062,32,93.54635285976832,2094.2954579209436,Male,0,No,Yes,Yes,No,No,Yes,Yes,Yes,No,No,No internet service,Two year,Yes,Bank transfer,0
2063,32,28.001826975767933,4654.474744860238,Male,0,No,Yes,No,No,DSL,No internet service,Yes,Yes,No internet service,No internet service,No,Two year,No,Mailed check,0
2064,11,55.94646218539436,7714.35852759149,Male,0,Yes,No,No,Yes,DSL,No internet service,No internet service,No internet service,Yes,No internet service,No internet service,One year,Yes,Bank transfer,1
2065,10,105.83694067196585,1680.5272271787715,Male,0,No,Yes,Yes,No,No,No internet service,No internet service,No internet service,No internet service,No,Yes,Month-to-month,Yes,Bank transfer,1
2066,15,43.260386214875595,852.4943937441692,Male,1,Yes,Yes,Yes,No,DSL,No internet service,No,No,Yes,No internet service,Yes,One year,No,Credit card,0
2067,17,31.55058661564662,1043.2650724028776,Male,0,No,No,Yes,No phone service,No,No,No internet service,No internet service,Yes,No,Yes,Two year,Yes,Electronic check,0
2068,40,52.61060566387934,6286.479542376184,Male,0,Yes,Yes,No,No phone service,DSL,No,No,Yes,No,Yes,No,Two year,Yes,Credit card,1
2069,18,42.043788489261395,2865.8279538480533,Male,0,No,No,Yes,No,Fiber optic,No,Yes,Yes,No,Yes,No,One year,Yes,Credit card,1
2070,55,112.52881947931552,1872.4979387697997,Male,0,Yes,Yes,No,No phone service,No,Yes,No internet service,No,No,Yes,No,Two year,Yes,Credit card,0
2071,25,106.79666420021312,2887.4685351506505,Male,0,Yes,No,Yes,Yes,DSL,No,No,Yes,No internet service,Yes,Yes,Two year,Yes,Credit card,0
2072,59,69.96832302829043,5198.113421353222,Male,0,No,No,No,No phone service,No,No,No internet service,No,No,No,No internet service,One year,No,Credit card,0
2073,22,26.134387448386803,4419.618286143442,Female,0,No,Yes,No,No phone service,DSL,Yes,No,No internet service,No internet service,No internet service,No,Month-to-month,Yes,Bank transfer,1
2074,30,91.45623460931563,5974.356311517685,Male,0,No,No,Yes,No phone service,No,Yes,No,No,No,Yes,Yes,Two year,Yes,Electronic check,0
2075,44,82.34117313362646,2778.685773006033,Male,1,No,Yes,No,No phone service,Fiber optic,Yes,No internet service,Yes,Yes,No internet service,Yes,Two year,No,Electronic check,1
2076,32,117.0554670728496,3671.0257303710146,Female,0,No,No,No,Yes,Fiber optic,No internet service,Yes,No internet service,No,No,No,Month-to-month,No,Electronic check,1
2077,51,75.8953240270377,905.5501148070956,Female,1,Yes,No,Yes,No phone service,No,No,Yes,Yes,Yes,No internet service,No internet service,One year,Yes,Mailed check,1
2078,46,53.63937234029094,677.1633036589734,Female,0,No,Yes,No,No,No,No,No,Yes,No internet service,No internet service,No,One year,Yes,Electronic check,0
2079,21,71.90216935785557,3751.8164184683937,Male,0,No,Yes,Yes,No phone service,DSL,No,No,No internet service,No,No internet service,No internet service,Two year,Yes,Bank transfer,0
2080,32,117.92632914045163,2482.6131988227958,Male,0,No,Yes,Yes,No phone service,DSL,Yes,Yes,Yes,No,No,Yes,Two year,No,Credit card,0
2081,39,89.63624325330305,4941.124519875433,Female,1,No,No,Yes,No,No,No,No internet service,Yes,Yes,No,Yes,One year,No,Credit card,0
2082,12,87.19761379270511,439.71710701211816,Female,1,Yes,Yes,No,Yes,Fiber optic,No internet service,No internet service,No internet service,No,No,Yes,Two year,Yes,Bank transfer,1
2083,47,44.068158972588535,1061.954383036567,Female,1,No,No,No,No,Fiber optic,No,Yes,Yes,No internet service,No internet service,No internet service,One year,No,Credit card,0
2084,18,94.36025175606177,6935.007407740522,Male,1,No,No,Yes,No,No,No,Yes,No,Yes,Yes,No,One year,No,Credit card,0
2085,21,95.02718294717717,4573.861810000925,Male,0,No,Yes,No,No,DSL,Yes,Yes,Yes,No internet service,Yes,No,One year,Yes,Electronic check,1
2086,13,51.72889837759053,5725.230816160694,Female,0,No,No,Yes,No,No,No internet service,No,Yes,No internet service,No internet service,No internet service,Two year,No,Electronic check,0
2087,21,68.37138323907132,6751.579737787636,Male,0,Yes,Yes,Yes,No phone service,No,No,Yes,No internet service,Yes,Yes,No,One year,Yes,Electronic check,0
2088,8,49.460333294045604,3764.2913093054126,Male,0,Yes,No,Yes,No phone service,Fiber optic,Yes,Yes,No,No internet service,Yes,No internet service,Month-to-month,No,Mailed check,1
2089,46,45.87050703242867,6112.377033343061,Female,1,Yes,Yes,No,No phone service,Fiber optic,No internet service,Yes,Yes,No,No internet service,No,Month-to-month,Yes,Electronic check,0
2090,7,22.589607024948513,4244.226074680842,Female,0,Yes,No,No,No phone service,DSL,No internet service,Yes,No internet service,No internet service,No,No,One year,No,Electronic check,0
2091,23,48.52117446533321,1859.7152851622607,Female,0,Yes,No,No,Yes,DSL,Yes,No internet service,Yes,No,Yes,No internet service,Month-to-month,No,Electronic check,0
2092,22,75.39699498782748,2767.4837335274224,Male,0,No,Yes,Yes,No phone service,No,Yes,No internet service,Yes,Yes,No,No,One year,No,Electronic check,0
2093,22,20.160118754902882,3973.7684843397205,Male,0,Yes,No,Yes,No phone service,No,Yes,Yes,Yes,No,Yes,Yes,Two year,No,Electronic check,0
2094,29,48.32190838096675,2603.395862160939,Male,0,Yes,No,No,Yes,No,Yes,No,No,No internet service,No internet service,Yes,Two year,Yes,Bank transfer,0
2095,13,108.141033232325,2750.668761664197,Male,0,No,No,No,No,No,Yes,No,No internet service,No,No internet service,No internet service,Two year,Yes,Bank transfer,1
2096,2,79.36485851073608,2765.4033668652546,Male,0,Yes,No,Yes,No phone service,Fiber optic,Yes,No internet service,No,No internet service,No,No,One year,Yes,Bank transfer,0
2097,29,80.78628240809805,1070.435832971123,Female,0,Yes,No,Yes,No phone service,DSL,No,No,Yes,No,No,No internet service,One year,No,Credit card,1
2098,52,60.336430502635324,768.6765969767857,Male,0,Yes,Yes,Yes,No,DSL,Yes,No,No,Yes,No,No internet service,Month-to-month,Yes,Credit card,1
2099,27,87.6472143492411,467.31871356130426,Male,0,Yes,Yes,Yes,No phone service,DSL,Yes,No internet service,Yes,Yes,No,No,Month-to-month,No,Mailed check,0
2100,50,38.99327662303591,976.5544621712604,Female,1,No,No,No,No,DSL,No internet service,Yes,No,No,No internet service,Yes,Two year,Yes,Credit card,0
2101,23,101.87468103841915,2815.2860278713824,Female,0,Yes,Yes,No,No,Fiber optic,No internet service,Yes,No internet service,Yes,No internet service,Yes,One year,Yes,Mailed check,1
2102,44,31.66891199358998,4791.587265686151,Female,0,Yes,Yes,Yes,No,No,No internet service,No internet service,No,No,No internet service,No,Month-to-month,No,Bank transfer,1
2103,22,85.60013546531093,1586.3607249543306,Female,0,Yes,No,Yes,No phone service,DSL,Yes,Yes,No internet service,No internet service,No,Yes,Two year,Yes,Electronic check,0
2104,43,54.114932581968304,7115.2698834208395,Male,0,Yes,Yes,No,No,DSL,Yes,Yes,Yes,No,No internet service,No internet service,One year,Yes,Electronic check,0
2105,37,94.75129705824767,6486.221206791651,Male,0,Yes,No,Yes,No phone service,No,No,No internet service,No internet service,No internet service,No internet service,No internet service,Month-to-month,No,Mailed check,1
2106,61,74.97645512660199,4212.1641911923925,Female,0,No,Yes,Yes,Yes,Fiber optic,No,No internet service,Yes,No,Yes,No internet service,Month-to-month,Yes,Mailed check,0
2107,56,65.23530384787162,5821.257663425543,Male,0,Yes,No,No,No,Fiber optic,No,No internet service,No,No internet service,Yes,Yes,Month-to-month,Yes,Electronic check,0
2108,3,36.942240209324694,2993.995345120192,Female,0,Yes,No,No,No phone service,DSL,No,No,No,Yes,Yes,No,Month-to-month,No,Mailed check,1
2109,63,83.68214642843529,390.54456259141017,Male,1,No,No,No,No,DSL,Yes,No internet service,No internet service,No,No,No,Two year,Yes,Electronic check,0
2110,19,117.4769843420413,7244.229495507065,Male,0,No,No,Yes,No phone service,DSL,No internet service,No internet service,No,Yes,No,No internet service,Two year,No,Bank transfer,0
2111,23,102.5603424907015,1109.5685572367938,Male,0,Yes,Yes,Yes,No phone service,Fiber optic,Yes,No internet service,No,Yes,No internet service,No internet service,Month-to-month,No,Mailed check,0
2112,29,26.00081925890118,7588.705036399247,Female,1,No,Yes,No,Yes,DSL,Yes,No internet service,Yes,No internet service,No internet service,No internet service,One year,Yes,Bank transfer,0
2113,30,57.62293783611911,4617.872447302269,Female,0,Yes,No,No,No,No,Yes,Yes,No,Yes,No,Yes,One year,Yes,Mailed check,0
2114,39,112.55830091902718,2513.9481820692963,Male,0,Yes,Yes,Yes,No phone service,Fiber optic,Yes,No internet service,Yes,No internet service,Yes,No,One year,No,Bank transfer,0
2115,25,70.30437475570214,4014.644524163573,Male,0,Yes,No,Yes,Yes,Fiber optic,No internet service,No internet service,No internet service,Yes,No internet service,No,Two year,Yes,Bank transfer,1
2116,8,86.21118258081792,4062.875490492444,Female,0,Yes,No,Yes,No phone service,No,No internet service,No,No,Yes,Yes,Yes,One year,Yes,Credit card,1
2117,58,111.25993455913904,283.96792759639703,Female,1,No,Yes,No,No phone service,No,No,No,No internet service,No,No internet service,No,One year,No,Credit card,1
2118,16,107.37946904198807,2908.132829884695,Male,0,No,No,No,Yes,Fiber optic,Yes,Yes,No,No,Yes,No internet service,One year,Yes,Mailed check,1
2119,1,70.18203755405109,5944.939816389047,Male,0,No,No,Yes,No,DSL,No,No internet service,No internet service,No internet service,No internet service,No,One year,No,Mailed check,0
2120,5,63.7646302657602,4129.546592710592,Female,1,No,Yes,No,Yes,Fiber optic,No internet service,No internet service,No internet service,Yes,Yes,No,Two year,No,Bank transfer,1
2121,3,53.96926184795871,2029.417924375715,Male,0,Yes,No,No,No,DSL,No internet service,No internet service,Yes,Yes,Yes,Yes,One year,No,Bank transfer,1
2122,65,91.90194431628912,2747.3678942918573,Female,0,Yes,No,No,No phone service,No,No,No,No,No,No,No,Month-to-month,No,Electronic check,0
2123,4,48.698679947154325,6918.129705615998,Female,0,Yes,Yes,Yes,No phone service,DSL,No internet service,Yes,No internet service,No internet service,No internet service,No internet service,Two year,No,Credit card,0
2124,64,44.98876064309002,4251.842394186814,Male,0,No,Yes,Yes,Yes,No,No internet service,No,Yes,No,Yes,Yes,One year,No,Bank transfer,0
2125,10,55.62498946037801,4273.981768154764,Male,0,Yes,No,No,Yes,DSL,Yes,No internet service,No internet service,Yes,No,Yes,Month-to-month,Yes,Mailed check,1
2126,21,37.7215056878792,7695.592926502979,Male,0,Yes,Yes,Yes,Yes,DSL,Yes,No,No internet service,No internet service,No internet service,Yes,Two year,Yes,Electronic check,1
2127,46,89.51198159457674,2634.9630523894825,Female,1,Yes,Yes,No,No phone service,No,No internet service,No internet service,No internet service,Yes,No,No internet service,Month-to-month,No,Credit card,0
2128,27,81.62406493306122,3888.374888339204,Female,0,No,Yes,No,No,DSL,No internet service,No internet service,No,No,Yes,No,One year,Yes,Electronic check,0
2129,66,68.28785341158436,6512.537421994588,Female,0,No,Yes,Yes,Yes,Fiber optic,No,No internet service,No,No internet service,No internet service,Yes,One year,Yes,Bank transfer,1
2130,41,59.03257792615547,6095.406766207535,Male,0,No,Yes,No,No,DSL,No,Yes,No internet service,No,Yes,No internet service,One year,No,Electronic check,0
2131,13,110.90625428967314,2199.8154332365134,Male,0,No,Yes,No,Yes,Fiber optic,No internet service,No,No internet service,Yes,Yes,No internet service,Month-to-month,No,Mailed check,1
2132,9,22.912378498910527,1293.6192760825481,Female,0,Yes,No,No,Yes,No,Yes,No internet service,No internet service,Yes,No,No internet service,Two year,No,Mailed check,1
2133,36,96.91077435072991,5635.566151880209,Female,1,Yes,No,No,Yes,DSL,Yes,No internet service,No,No,Yes,No,Month-to-month,Yes,Bank transfer,0
2134,58,110.19095717488888,2135.483796776839,Male,0,Yes,Yes,No,Yes,DSL,No,Yes,No internet service,Yes,No internet service,No internet service,Month-to-month,Yes,Electronic check,1
2135,54,64.63545794299259,7389.139045341505,Female,0,Yes,Yes,No,No phone service,Fiber optic,Yes,Yes,No internet service,No,No,No,Month-to-month,Yes,Bank transfer,1
2136,12,75.06904914706467,1121.056782514886,Male,0,No,Yes,Yes,No phone service,Fiber optic,Yes,No internet service,No internet service,No,Yes,Yes,One year,No,Credit card,0
2137,14,114.4463687882038,2614.690081064735,Male,0,Yes,No,No,Yes,No,No,No internet service,No internet service,No internet service,Yes,Yes,Month-to-month,Yes,Bank transfer,1
2138,34,41.22775152855144,532.8192507068188,Female,1,Yes,No,Yes,No phone service,Fiber optic,No,No internet service,No,Yes,Yes,No,Month-to-month,No,Bank transfer,1
2139,53,72.0134847784685,5656.111924220687,Female,0,No,No,Yes,No phone service,Fiber optic,Yes,No internet service,Yes,Yes,No,No internet service,Month-to-month,No,Credit card,1
2140,20,67.47211271282129,7140.974926431647,Female,0,Yes,No,Yes,No phone service,Fiber optic,No,Yes,Yes,No,No internet service,Yes,Two year,Yes,Electronic check,0
2141,16,45.83926478703701,5123.408765914955,Female,1,Yes,Yes,Yes,No phone service,DSL,No internet service,No,No internet service,No internet service,No,No,Month-to-month,Yes,Mailed check,0
2142,70,101.85932303731079,7508.2488225407205,Female,0,No,Yes,Yes,No,DSL,No,Yes,Yes,No,Yes,No internet service,Month-to-month,Yes,Mailed check,0
2143,56,109.96005947632358,1115.1814301595564,Male,0,No,Yes,No,No,DSL,No internet service,Yes,Yes,Yes,No,Yes,One year,No,Electronic check,0
2144,58,98.19325797882088,793.0980253753214,Female,0,Yes,Yes,No,No phone service,DSL,No internet service,No,No,No internet service,Yes,No,Month-to-month,Yes,Bank transfer,0
2145,4,39.53589608486084,6723.460576222229,Male,1,Yes,Yes,Yes,No,DSL,No internet service,No internet service,No internet service,No internet service,No,No internet service,Month-to-month,No,Mailed check,0
2146,4,28.674863550138156,6858.538285553411,Female,0,Yes,No,No,Yes,Fiber optic,No,No internet service,No,No,Yes,No internet service,One year,Yes,Bank transfer,1
2147,20,80.54444853053423,6665.212264146312,Female,0,Yes,Yes,Yes,No,Fiber optic,No,No,Yes,No,No,No internet service,Month-to-month,Yes,Credit card,1
2148,10,25.709476050988393,6411.822730016591,Female,0,Yes,No,No,Yes,DSL,No,Yes,Yes,No internet service,Yes,No,Month-to-month,Yes,Mailed check,1
2149,24,87.28258885580843,2961.6040751154155,Female,0,No,Yes,Yes,No,DSL,No internet service,No internet service,No internet service,Yes,Yes,No,Two year,No,Bank transfer,0
2150,26,73.04242203272426,1817.9504603719631,Female,0,Yes,Yes,Yes,No,No,No,No,No internet service,Yes,No,No internet service,Two year,Yes,Bank transfer,0
2151,37,86.27857327436637,7437.551757982542,Female,0,Yes,No,Yes,Yes,No,Yes,No,No,No internet service,No,No internet service,Month-to-month,Yes,Bank transfer,1
2152,54,79.0170773649744,2525.3014445018384,Male,0,Yes,No,No,Yes,Fiber optic,Yes,No,No internet service,No,Yes,No internet service,Two year,No,Mailed check,1
2153,21,62.270256952717276,3247.4206890958544,Female,0,Yes,Yes,No,No phone service,No,No,No internet service,Yes,No,No internet service,No internet service,Month-to-month,Yes,Bank transfer,1
2154,38,40.087718014022826,5626.515779667902,Female,0,Yes,No,Yes,No,Fiber optic,No internet service,No,No,Yes,Yes,No internet service,Two year,No,Mailed check,0
2155,46,50.570213581048854,2417.513031952502,Female,0,Yes,No,Yes,Yes,No,No,Yes,No,Yes,Yes,No internet service,Month-to-month,Yes,Mailed check,0
2156,4,72.45005742189764,6571.12875033191,Female,0,Yes,No,No,No phone service,DSL,Yes,Yes,No internet service,No internet service,No internet service,Yes,Two year,No,Mailed check,0
2157,60,85.18680936476059,653.2735266910719,Male,0,Yes,Yes,No,Yes,DSL,No internet service,No,No internet service,Yes,Yes,No internet service,Month-to-month,Yes,Mailed check,0
2158,57,97.94830168845284,6350.343072372582,Male,0,Yes,Yes,Yes,No phone service,Fiber optic,No,No,Yes,Yes,No,No,One year,Yes,Electronic check,0
2159,45,96.71707184490609,4854.625448680653,Male,0,No,Yes,Yes,No phone service,Fiber optic,No,No,No,No,No,No,One year,Yes,Credit card,1
2160,20,117.26887432610853,4626.649788497384,Male,0,No,No,Yes,Yes,Fiber optic,No internet service,Yes,No,No,No internet service,No,Month-to-month,Yes,Credit card,1
2161,17,48.58414486634094,3721.1786091954195,Male,1,Yes,No,No,Yes,Fiber optic,No internet service,No internet service,No,Yes,Yes,No,Two year,Yes,Mailed check,1
2162,71,27.11107082134368,2288.660210639037,Male,0,Yes,Yes,Yes,No,No,Yes,Yes,No,No,No,Yes,One year,No,Bank transfer,0
2163,4,54.56569355418593,3766.155254906769,Female,0,Yes,Yes,No,No,DSL,No,No,Yes,No,Yes,Yes,Two year,No,Mailed check,0
2164,14,94.32944752240766,3655.22524494763,Female,0,Yes,No,No,No phone service,No,Yes,No internet service,Yes,No,No internet service,No,Two year,No,Bank transfer,0
2165,3,63.81116510332952,4711.658091386253,Male,0,Yes,Yes,Yes,Yes,DSL,Yes,No internet service,Yes,Yes,No,No,One year,No,Electronic check,1
2166,58,101.77884305894194,2324.436858258689,Female,0,Yes,Yes,No,No,DSL,No internet service,No,No internet service,No,No internet service,No,One year,Yes,Credit card,0
2167,55,74.9326365186015,713.0050976115773,Female,1,No,No,Yes,No phone service,No,No,No,Yes,Yes,Yes,No,Two year,Yes,Mailed check,1
2168,4,112.9791722630503,1246.2066284491923,Female,0,Yes,No,Yes,No,Fiber optic,Yes,Yes,Yes,Yes,Yes,No,Month-to-month,Yes,Electronic check,1
2169,24,114.78634419990688,5623.501708546425,Female,1,No,Yes,No,No phone service,No,Yes,Yes,Yes,No internet service,Yes,Yes,One year,Yes,Mailed check,0
2170,34,26.93045060187487,277.68940412076984,Female,0,No,No,Yes,No,No,No internet service,Yes,Yes,No internet service,No internet service,Yes,Month-to-month,No,Mailed check,0
2171,30,65.64134397124243,6865.900052698897,Male,0,No,No,No,Yes,No,No,No,No internet service,No internet service,No,Yes,Month-to-month,No,Electronic check,1
2172,19,80.9689061249568,5585.7388870913155,Male,0,No,Yes,No,No phone service,DSL,No,No internet service,No,Yes,No internet service,No internet service,One year,No,Bank transfer,0
2173,31,45.587254081221275,6167.883676330958,Male,0,No,No,Yes,No phone service,Fiber optic,Yes,Yes,No,No internet service,No,No,Month-to-month,Yes,Bank transfer,0
2174,60,60.707677937898026,6704.277147838451,Male,0,No,No,No,No,DSL,No internet service,No,No internet service,No,Yes,No,Month-to-month,Yes,Bank transfer,0
2175,60,87.76815411176983,1069.412507048431,Male,0,No,Yes,No,No,No,No,No internet service,Yes,No internet service,Yes,No internet service,Month-to-month,No,Mailed check,1
2176,19,42.673422689836144,6597.363618663524,Male,1,No,No,Yes,No,No,No,No,No,Yes,No internet service,No,Month-to-month,No,Bank transfer,0
2177,49,80.19813529744525,4086.675257506545,Female,0,No,No,No,Yes,DSL,Yes,No,No,No,No,No internet service,Two year,Yes,Bank transfer,1
2178,63,89.7447828164306,7095.638326150257,Male,0,Yes,Yes,Yes,No,DSL,No,No,No,No,Yes,No internet service,Month-to-month,Yes,Mailed check,0
2179,22,29.049631109586677,7104.034148376713,Female,0,Yes,No,Yes,No,Fiber optic,No,Yes,No,No,Yes,No internet service,Month-to-month,No,Electronic check,1
2180,24,69.75293160274528,291.0065456579447,Female,1,No,Yes,No,Yes,No,No,No,Yes,No internet service,No internet service,No internet service,Month-to-month,No,Credit card,0
2181,30,46.30800299241908,3124.6352023199574,Male,0,No,Yes,No,No,DSL,No,No,No,No internet service,No internet service,No,Month-to-month,Yes,Bank transfer,1
2182,58,92.43863559980446,4258.550487335659,Male,1,No,No,Yes,Yes,DSL,Yes,No,No internet service,No internet service,No,No internet service,Two year,No,Electronic check,0
2183,31,38.95555085369405,5459.044709284925,Male,0,Yes,Yes,No,Yes,DSL,No,Yes,No internet service,No internet service,Yes,No,Two year,Yes,Mailed check,0
2184,64,109.22379155381064,2360.8713488046583,Female,0,Yes,Yes,Yes,No,DSL,No,No,No,No,No,No internet service,Two year,No,Mailed check,0
2185,19,63.09413365183269,2091.923859250753,Male,0,No,No,No,Yes,No,No internet service,No,Yes,Yes,No,Yes,One year,No,Bank transfer,0
2186,48,39.80030303075535,3111.9991808034733,Male,0,No,Yes,Yes,No,Fiber optic,Yes,Yes,No,No internet service,No,No,One year,Yes,Bank transfer,0
2187,45,63.802179635032935,4057.4156648241665,Male,0,No,Yes,Yes,Yes,DSL,No,No,No,Yes,No internet service,No internet service,Two year,No,Electronic check,1
2188,55,60.874376280852786,7614.055228102765,Female,0,No,No,No,No phone service,DSL,No internet service,No internet service,No,No,No,No internet service,One year,No,Bank transfer,0
2189,55,62.891895949371026,6120.656886909756,Male,0,No,Yes,No,No,Fiber optic,Yes,No,No internet service,Yes,No,No internet service,Two year,Yes,Electronic check,0
2190,18,78.55612934974468,3491.6372188078717,Male,0,No,Yes,No,No phone service,No,No,No,No internet service,Yes,No,Yes,Month-to-month,Yes,Mailed check,1
2191,63,72.11737249135376,529.4928096774518,Female,0,Yes,No,Yes,No phone service,DSL,No internet service,Yes,Yes,No internet service,No internet service,No,Two year,No,Electronic check,0
2192,47,34.97771316809027,1431.312677935699,Female,0,Yes,No,Yes,No phone service,Fiber optic,Yes,Yes,No,No internet service,No internet service,Yes,Two year,Yes,Mailed check,0
2193,57,26.557907264663633,3701.802952123395,Female,0,Yes,Yes,No,No phone service,Fiber optic,No,Yes,No,No,Yes,Yes,One year,No,Bank transfer,0
2194,45,92.94154487265405,6529.224610779764,Male,0,No,Yes,No,No,No,No internet service,Yes,No,No internet service,No internet service,Yes,Two year,No,Credit card,0
2195,33,75.97174359283134,3107.494731851017,Male,0,No,Yes,Yes,Yes,Fiber optic,Yes,No internet service,No,Yes,No internet service,No,Month-to-month,Yes,Electronic check,1
2196,17,55.900076807926375,4354.123540885972,Female,0,Yes,No,No,No,No,No internet service,No,No internet service,Yes,No,Yes,Two year,No,Credit card,0
2197,70,100.83578224980738,7145.258600072307,Male,0,Yes,Yes,No,No,Fiber optic,No internet service,No,Yes,Yes,Yes,No,Two year,No,Electronic check,0
2198,4,58.805847426095696,7318.990449470369,Female,0,No,No,Yes,Yes,DSL,No,No internet service,No internet service,Yes,No internet service,No,Two year,Yes,Electronic check,0
2199,20,99.59650896006075,1804.6224718972462,Female,0,Yes,Yes,No,No phone service,No,No internet service,Yes,No,No internet service,Yes,No internet service,Two year,No,Credit card,1
2200,47,50.57561275123747,444.39988216149567,Female,0,Yes,Yes,Yes,Yes,Fiber optic,No,No,No internet service,No,No,Yes,One year,Yes,Credit card,0
2201,15,27.284529754519973,2512.743194674968,Female,0,Yes,No,Yes,No phone service,DSL,No,No internet service,Yes,No internet service,No internet service,Yes,One year,No,Bank transfer,1
2202,70,113.2639693799929,5596.838287123664,Female,0,Yes,Yes,No,No,Fiber optic,No internet service,No,No,Yes,No,Yes,One year,Yes,Credit card,0
2203,47,59.45511292813732,7613.7863877125055,Male,0,No,No,No,Yes,DSL,No internet service,No internet service,No,No,No,No,Two year,No,Credit card,0
2204,9,99.2692572849378,708.5527998745,Male,1,No,No,No,Yes,No,No internet service,No internet service,No internet service,No,Yes,No,Month-to-month,No,Bank transfer,1
2205,16,47.914413322230445,325.02210333924495,Male,0,No,Yes,Yes,No phone service,DSL,No internet service,No,No internet service,Yes,No internet service,No,One year,Yes,Credit card,0
2206,69,84.6365112123656,7084.762982587203,Male,0,No,Yes,Yes,Yes,Fiber optic,Yes,Yes,No internet service,Yes,Yes,Yes,Month-to-month,Yes,Credit card,1
2207,61,107.33108732577283,6010.347625914816,Female,0,Yes,No,Yes,No,DSL,No,Yes,Yes,No internet service,No,No,One year,No,Bank transfer,0
2208,10,24.164402233998032,7938.763775329045,Male,0,Yes,No,No,Yes,DSL,No internet service,No internet service,Yes,No,No internet service,No,Month-to-month,Yes,Credit card,0
2209,50,103.06357646860893,3234.66376357866,Female,0,Yes,No,Yes,Yes,No,Yes,Yes,Yes,No,No,No,Two year,Yes,Electronic check,0
2210,3,77.13330049719286,3386.8021505804777,Female,0,No,Yes,Yes,No,DSL,No internet service,No,No,No internet service,Yes,No internet service,Two year,Yes,Electronic check,0
2211,70,80.74717539085692,1461.2635146498517,Male,0,No,Yes,Yes,No phone service,DSL,Yes,No internet service,No,Yes,Yes,No,One year,Yes,Credit card,1
2212,51,72.31580008059827,1015.1925055189739,Male,0,No,Yes,No,Yes,Fiber optic,No,No,No internet service,No,No,Yes,Month-to-month,No,Credit card,1
2213,19,107.44751032836425,4671.87228366288,Female,0,No,Yes,Yes,No phone service,Fiber optic,No internet service,No,No,No internet service,Yes,No,Two year,Yes,Credit card,0
2214,42,24.343335723563747,2977.851510229177,Male,0,Yes,No,No,Yes,No,Yes,Yes,Yes,No,Yes,No internet service,Two year,No,Mailed check,0
2215,35,46.10283915358481,734.499938767436,Male,0,No,No,No,No,No,Yes,No,No,No internet service,No,No,Two year,Yes,Credit card,0
2216,46,107.57625388591553,7107.197849234227,Male,1,Yes,No,Yes,No phone service,No,No,No internet service,No internet service,No,No internet service,No,One year,Yes,Electronic check,0
2217,26,95.2345702531956,1667.0160991697312,Male,0,Yes,Yes,Yes,Yes,Fiber optic,No internet service,No internet service,No internet service,Yes,No internet service,No internet service,Month-to-month,Yes,Credit card,1
2218,69,21.764516017860586,6013.816341327909,Female,0,Yes,Yes,Yes,No phone service,DSL,No internet service,No,No internet service,Yes,No internet service,Yes,One year,No,Mailed check,0
2219,64,71.70062832097086,2329.6059093330778,Female,0,No,Yes,No,Yes,No,No,No,No internet service,No,No,No internet service,Month-to-month,Yes,Bank transfer,0
2220,37,72.95726807126749,6521.948162947113,Male,0,No,No,No,No,Fiber optic,No,No internet service,No,No,No,No,One year,No,Mailed check,0
2221,49,60.088213512791036,1035.335047278467,Female,0,Yes,No,No,No,Fiber optic,No,Yes,No internet service,No,Yes,No,Two year,Yes,Mailed check,1
2222,21,49.73933320619897,6072.965720751916,Female,0,Yes,No,No,Yes,No,Yes,Yes,No,No internet service,No internet service,No,Month-to-month,Yes,Electronic check,1
2223,64,88.17248504123421,875.1391038140482,Male,0,No,No,Yes,Yes,Fiber optic,Yes,Yes,No internet service,Yes,Yes,No,One year,Yes,Credit card,1
2224,5,40.77904647047538,3630.634724069852,Male,0,No,Yes,Yes,No phone service,DSL,No,No,No internet service,No internet service,No,Yes,Two year,Yes,Electronic check,1
2225,70,99.8948562071706,5898.634369736876,Female,0,No,Yes,No,Yes,Fiber optic,No internet service,No,No,Yes,No internet service,No,Two year,Yes,Mailed check,0
2226,4,100.30371607674718,1468.4252113765147,Female,0,No,Yes,No,No phone service,Fiber optic,Yes,No internet service,Yes,Yes,No,No,Month-to-month,No,Mailed check,1
2227,39,61.52614375728205,2356.7534118891117,Female,0,Yes,No,No,Yes,DSL,No,No internet service,Yes,No internet service,Yes,No internet service,One year,Yes,Credit card,1
2228,35,48.35480109096477,6931.659237528362,Male,0,Yes,No,No,No,No,Yes,No internet service,Yes,Yes,Yes,Yes,Two year,No,Bank transfer,0
2229,1,48.38781815907132,7092.442635170403,Female,0,Yes,No,No,No phone service,Fiber optic,Yes,No internet service,Yes,Yes,No,No internet service,Month-to-month,Yes,Electronic check,1
2230,24,68.22913239962101,454.9900743765372,Female,0,Yes,No,No,No phone service,DSL,No,Yes,No internet service,No,No,No,Month-to-month,Yes,Bank transfer,1
2231,57,91.95792247493587,1427.9156242885047,Male,0,Yes,Yes,No,No,No,No internet service,No,No,No internet service,No internet service,No,Two year,Yes,Mailed check,0
2232,70,55.886869099385876,1028.0283281555862,Female,0,Yes,Yes,No,No phone service,DSL,No internet service,No,Yes,No internet service,No,No,One year,Yes,Bank transfer,1
2233,41,81.00433454577515,1519.5754477452938,Male,1,No,No,Yes,No,Fiber optic,Yes,Yes,No internet service,Yes,Yes,Yes,Month-to-month,Yes,Electronic check,1
2234,54,58.24844605825943,7764.483022019553,Male,0,Yes,Yes,Yes,No,DSL,No internet service,No internet service,No,No internet service,Yes,No,Two year,Yes,Mailed check,0
2235,46,50.452318915138335,4458.076465444606,Female,0,No,No,No,No,No,No internet service,No internet service,No internet service,Yes,No,No internet service,Two year,No,Mailed check,0
2236,60,22.485951591579415,3798.087884593922,Male,0,No,No,Yes,Yes,No,No,No,Yes,Yes,No,No internet service,Two year,Yes,Bank transfer,0
2237,60,20.391410573539062,7877.292247431667,Male,0,Yes,No,Yes,No,No,No,No internet service,No,No internet service,No internet service,Yes,One year,Yes,Credit card,0
2238,57,42.72076778320044,4499.953425899809,Female,1,No,No,Yes,No phone service,DSL,No,No,No,Yes,Yes,No,One year,No,Credit card,1
2239,31,60.640628680099546,5322.831626029644,Male,0,Yes,No,No,Yes,DSL,No internet service,Yes,No internet service,No,Yes,No,Month-to-month,Yes,Electronic check,1
2240,24,105.12611673620603,2728.887313788524,Female,0,Yes,Yes,No,No,No,No internet service,No,No internet service,No internet service,Yes,No,Month-to-month,Yes,Credit card,1
2241,36,99.84842429304254,3118.7074296251967,Male,0,No,Yes,No,No,No,No,Yes,No,No internet service,No,Yes,Two year,Yes,Mailed check,1
2242,30,46.71652625879899,4795.834132091677,Male,0,No,Yes,Yes,No,No,No internet service,No internet service,Yes,Yes,Yes,Yes,Month-to-month,No,Mailed check,0
2243,24,44.454044298429935,651.3076936036716,Female,0,No,Yes,No,No phone service,Fiber optic,No,No,Yes,No internet service,No,No,Two year,Yes,Bank transfer,1
2244,30,42.73220710700274,2121.474799753724,Female,0,No,Yes,Yes,Yes,Fiber optic,Yes,No internet service,No,No internet service,No internet service,No internet service,Month-to-month,Yes,Mailed check,1
2245,7,53.9237340528867,1654.8128207364261,Female,0,No,Yes,No,Yes,Fiber optic,Yes,No internet service,No,No,No,Yes,One year,No,Mailed check,1
2246,35,69.81987195616854,225.55780580602843,Male,0,No,No,No,Yes,No,No internet service,No internet service,Yes,No,No internet service,Yes,One year,No,Electronic check,0
2247,55,63.86677720315755,4341.520037111333,Female,0,No,No,Yes,No phone service,Fiber optic,No internet service,No,Yes,No internet service,No internet service,No internet service,Two year,Yes,Credit card,0
2248,14,41.827319878149375,4532.317432238645,Male,0,No,Yes,No,No,No,No internet service,No internet service,No internet service,Yes,No,No internet service,Month-to-month,No,Credit card,1
2249,10,33.0451409943618,3133.1198619943452,Female,0,No,No,Yes,Yes,DSL,No internet service,No,No internet service,No,No internet service,No,Month-to-month,No,Credit card,0
2250,16,21.257781248619537,2222.947008771848,Male,0,Yes,No,No,No,No,Yes,No internet service,Yes,No,No,No,Month-to-month,No,Electronic check,0
2251,54,35.396323866650384,5251.273020357536,Female,0,Yes,No,No,No phone service,No,No,Yes,No,No,Yes,No,Two year,Yes,Credit card,0
2252,70,90.53563701941182,1163.8073749372093,Male,0,No,Yes,No,Yes,Fiber optic,Yes,No,No,Yes,No,No,Month-to-month,Yes,Bank transfer,1
2253,44,44.36385693455829,4197.058749919139,Female,1,No,Yes,Yes,No phone service,DSL,No,Yes,No internet service,No internet service,No internet service,Yes,One year,Yes,Credit card,1
2254,45,66.86018101215097,6167.784487903898,Male,0,No,Yes,No,Yes,DSL,No internet service,Yes,No,No internet service,No internet service,No internet service,Month-to-month,Yes,Mailed check,0
2255,56,79.13011489232447,1397.9540732245312,Male,0,Yes,No,Yes,Yes,DSL,No,No,No,No,Yes,No,One year,Yes,Electronic check,0
2256,57,108.68409028316071,6050.750354906968,Male,0,Yes,Yes,Yes,No,Fiber optic,No,No,No,No internet service,No,No internet service,Month-to-month,No,Bank transfer,1
2257,21,108.88550983934195,6110.276622311844,Male,0,No,Yes,Yes,No phone service,Fiber optic,No,No,No,No,Yes,No,Two year,No,Electronic check,1
2258,68,94.5733733681359,573.4205210205937,Female,0,No,Yes,No,Yes,Fiber optic,No,No internet service,No internet service,No,No internet service,No internet service,Two year,Yes,Bank transfer,0
2259,50,23.515699204850144,248.3961760887365,Male,0,No,No,No,Yes,Fiber optic,Yes,No internet service,No,Yes,No,No,Month-to-month,No,Bank transfer,1
2260,33,77.50704190854148,7794.089707306739,Female,0,No,Yes,No,No phone service,Fiber optic,No internet service,Yes,Yes,Yes,No internet service,No internet service,Month-to-month,Yes,Mailed check,1
2261,7,98.65834708315064,1627.723010040717,Male,0,Yes,Yes,No,No,No,No internet service,No,No internet service,No,No,No,One year,No,Credit card,0
2262,70,21.72880447633632,6594.899751890814,Female,0,Yes,Yes,No,No phone service,DSL,No,Yes,No,Yes,Yes,Yes,Two year,No,Credit card,0
2263,15,74.96846136565783,4538.6201590578585,Male,1,No,No,Yes,Yes,Fiber optic,No internet service,No internet service,No,Yes,Yes,No,Month-to-month,Yes,Bank transfer,1
2264,32,105.77641457860294,2189.3300445422747,Male,0,No,Yes,Yes,No phone service,DSL,Yes,Yes,No,Yes,No internet service,No internet service,Two year,Yes,Bank transfer,0
2265,20,67.4102075842267,1126.7664492886195,Female,0,Yes,Yes,Yes,No,Fiber optic,No,Yes,No internet service,No internet service,Yes,No,Two year,Yes,Credit card,0
2266,15,20.410620289744845,4023.7504612640473,Female,0,Yes,No,Yes,No,No,No internet service,No,No,No internet service,Yes,Yes,Month-to-month,No,Electronic check,0
2267,48,21.101335833560746,3318.103011872654,Male,1,No,Yes,Yes,No,DSL,No internet service,No,No internet service,Yes,No internet service,Yes,Month-to-month,Yes,Bank transfer,1
2268,71,61.663603741375056,5621.200072424836,Female,1,No,Yes,Yes,No,Fiber optic,No,Yes,Yes,No internet service,No internet service,No,Month-to-month,Yes,Bank transfer,1
2269,21,35.50086674167545,7242.931541427041,Female,0,Yes,Yes,No,No,No,Yes,No internet service,No,No,No internet service,No internet service,Month-to-month,No,Electronic check,1
2270,42,86.44506570932596,6461.459887011163,Female,1,Yes,Yes,Yes,No,No,No,Yes,No internet service,No,No,No internet service,One year,No,Electronic check,1
2271,26,90.8799264906154,2268.171196618014,Male,1,Yes,No,Yes,No,DSL,No,No internet service,Yes,Yes,No internet service,No internet service,Month-to-month,Yes,Credit card,0
2272,14,37.78797954606286,7043.572425773215,Female,0,No,No,Yes,Yes,Fiber optic,No internet service,Yes,No internet service,Yes,No,No internet service,One year,Yes,Credit card,0
2273,57,108.85332885244848,6683.791381426372,Male,0,Yes,No,Yes,No phone service,No,No internet service,Yes,No,No internet service,No internet service,Yes,Month-to-month,Yes,Electronic check,1
2274,37,64.1907844978926,7440.176246401969,Female,0,No,Yes,No,No,No,No,No,No internet service,Yes,No,Yes,Two year,No,Electronic check,0
2275,58,34.28459075919237,3723.4204862001025,Female,0,Yes,Yes,Yes,No phone service,No,No,Yes,No,Yes,No internet service,No,Month-to-month,Yes,Mailed check,0
2276,21,96.42515980693955,6171.743862034247,Male,0,Yes,Yes,No,No phone service,DSL,No internet service,No internet service,No internet service,No,No,No internet service,One year,No,Mailed check,0
2277,69,98.99745000167728,4774.098717636996,Female,0,Yes,Yes,No,Yes,DSL,No,Yes,Yes,No,Yes,No,Month-to-month,No,Credit card,1
2278,3,83.92954726654574,2552.9717451409183,Female,0,No,No,Yes,No phone service,Fiber optic,Yes,Yes,No,No internet service,No internet service,Yes,Month-to-month,No,Bank transfer,1
2279,37,105.34655532025532,7956.004920087831,Female,0,No,Yes,Yes,No phone service,Fiber optic,No,No internet service,Yes,No internet service,No internet service,No,Two year,Yes,Electronic check,1
2280,49,93.73729720306713,402.6289880333247,Female,1,Yes,No,No,No,DSL,Yes,Yes,No,No internet service,No,No,Two year,Yes,Credit card,0
2281,19,108.22057372269906,1381.95332321669,Female,0,No,Yes,Yes,No,DSL,No,Yes,No internet service,Yes,Yes,No internet service,One year,No,Mailed check,0
2282,12,63.38880484854795,7151.08466400197,Female,0,Yes,Yes,Yes,No phone service,DSL,No,Yes,Yes,Yes,Yes,Yes,Month-to-month,No,Bank transfer,1
2283,61,94.75971280994425,578.4464629598048,Female,0,No,No,Yes,No,No,No,Yes,No,Yes,No,Yes,Month-to-month,No,Mailed check,1
2284,41,119.97515634290444,7105.883272013822,Male,0,Yes,Yes,No,Yes,DSL,No internet service,No internet service,Yes,Yes,No internet service,No,Two year,No,Mailed check,0
2285,33,92.49311975196193,5750.249660859787,Male,0,Yes,Yes,Yes,No phone service,Fiber optic,No internet service,No internet service,Yes,No,Yes,Yes,One year,No,Mailed check,1
2286,50,31.418378023713217,389.80364261688425,Male,0,No,Yes,No,No phone service,No,No internet service,No internet service,No,No internet service,No internet service,No internet service,Month-to-month,No,Bank transfer,0
2287,68,71.8318722429183,3491.628338547995,Male,0,Yes,Yes,No,Yes,DSL,No internet service,No internet service,No internet service,No internet service,No,No,One year,No,Mailed check,0
2288,71,78.7347791243028,6060.324652517673,Male,0,No,No,No,Yes,Fiber optic,No internet service,Yes,Yes,No,No internet service,Yes,One year,No,Credit card,0
2289,33,37.4210675071391,4706.492248583318,Female,0,Yes,Yes,Yes,Yes,DSL,No internet service,No internet service,No,No,Yes,No internet service,One year,Yes,Bank transfer,0
2290,24,116.28916341780376,7493.383206519218,Male,0,No,No,No,Yes,Fiber optic,No,Yes,Yes,Yes,No,Yes,Two year,Yes,Electronic check,0
2291,61,37.55797776346163,6954.387860004799,Male,1,Yes,No,Yes,No phone service,No,Yes,No,Yes,No internet service,Yes,No internet service,Two year,No,Electronic check,0
2292,61,37.75579197132228,2727.9163191397533,Female,0,Yes,Yes,No,No,No,No internet service,Yes,No internet service,No internet service,No internet service,No,Month-to-month,Yes,Electronic check,1
2293,28,111.5167137974555,768.5548446087138,Male,0,No,Yes,Yes,No,Fiber optic,No internet service,Yes,No,No,No internet service,No internet service,One year,Yes,Electronic check,0
2294,58,66.5205433121671,7559.630613200646,Female,0,Yes,No,Yes,No,Fiber optic,No,No internet service,No,No internet service,No,Yes,One year,No,Mailed check,1
2295,43,26.318827927451622,4186.565465366621,Female,0,No,No,No,No,No,No internet service,No internet service,Yes,No,Yes,No,One year,No,Mailed check,1
2296,41,79.81874999385286,687.7412325383933,Male,0,Yes,Yes,No,Yes,No,No,No internet service,No internet service,No internet service,Yes,Yes,Month-to-month,No,Electronic check,1
2297,39,80.18263486330478,6550.947345538309,Male,0,Yes,Yes,No,No,Fiber optic,No internet service,No,No internet service,No,Yes,No,Month-to-month,Yes,Bank transfer,1
2298,49,26.450075868656178,6961.2011184145895,Female,0,Yes,No,Yes,No,Fiber optic,Yes,Yes,No internet service,Yes,No,Yes,One year,Yes,Mailed check,0
2299,17,117.2522495633662,5151.454657394911,Female,0,Yes,Yes,Yes,No phone service,DSL,No internet service,No,No,No internet service,No internet service,No,One year,Yes,Mailed check,0
2300,70,74.40299652945757,3635.320828922085,Male,0,No,Yes,Yes,No phone service,DSL,No internet service,Yes,No,Yes,No internet service,No,One year,Yes,Bank transfer,0
2301,70,75.97957221797643,5331.166797356224,Female,0,No,No,No,No,No,No,Yes,Yes,No,No internet service,No internet service,Month-to-month,No,Bank transfer,1
2302,65,72.01154145023945,5682.801196070476,Male,0,No,Yes,Yes,Yes,No,No internet service,No,No internet service,No internet service,Yes,No,One year,Yes,Credit card,0
2303,5,81.07317796446199,7154.936668879147,Male,0,Yes,No,Yes,No,DSL,No,No,No internet service,No internet service,No,No,One year,Yes,Bank transfer,0
2304,2,46.42997527737549,7651.307274960431,Male,0,No,Yes,Yes,Yes,DSL,Yes,Yes,No,Yes,Yes,No internet service,Two year,Yes,Electronic check,0
2305,22,48.72413479748408,4163.1353658882,Male,0,No,No,No,No phone service,No,No internet service,No,Yes,Yes,No,No,One year,Yes,Electronic check,0
2306,57,71.13390897961327,6408.106814859844,Female,1,Yes,No,No,Yes,No,No,No internet service,No,No,Yes,Yes,Two year,Yes,Bank transfer,0
2307,66,100.66858547635796,7719.625492334074,Female,0,No,No,Yes,No,Fiber optic,Yes,Yes,No,Yes,No,No internet service,One year,No,Credit card,1
2308,16,24.986457649417886,1294.8223713610314,Male,0,Yes,No,No,No phone service,Fiber optic,Yes,No internet service,Yes,No internet service,Yes,No internet service,Two year,No,Credit card,0
2309,51,80.34042122202459,244.31705471644582,Male,0,Yes,No,No,No,No,No,No,No internet service,No internet service,Yes,No,Two year,No,Electronic check,0
2310,39,100.6778142506314,6964.813805501522,Female,0,No,Yes,No,No,DSL,No,No internet service,No internet service,No internet service,No,No internet service,Month-to-month,No,Electronic check,0
2311,40,35.69172720372272,1642.6593326525701,Female,0,No,Yes,No,Yes,Fiber optic,No internet service,No,Yes,No internet service,No internet service,Yes,One year,Yes,Bank transfer,1
2312,38,21.50225419805663,435.5822563912275,Female,0,No,No,No,No,No,Yes,No internet service,No internet service,Yes,No internet service,No,One year,Yes,Mailed check,0
2313,60,51.271329514145805,1364.759487493812,Female,0,No,No,No,No,DSL,Yes,No,Yes,Yes,No,No,One year,No,Credit card,0
2314,59,78.81437067295983,3134.507798825777,Female,0,Yes,No,No,No phone service,DSL,No,Yes,Yes,No,No,No,Two year,Yes,Electronic check,0
2315,10,33.82831734047477,1832.1990425813826,Male,0,No,No,No,Yes,No,Yes,Yes,No,Yes,No internet service,Yes,Month-to-month,Yes,Bank transfer,1
2316,64,62.61223709724855,2511.5036698935,Male,1,Yes,No,No,Yes,Fiber optic,No,Yes,No internet service,No,Yes,Yes,Two year,Yes,Bank transfer,0
2317,63,75.23214973742779,7804.823006297366,Male,0,No,Yes,Yes,No phone service,Fiber optic,No internet service,Yes,No internet service,Yes,No internet service,Yes,Two year,No,Bank transfer,0
2318,49,79.88830947573172,5664.8037988843425,Male,0,Yes,No,Yes,No phone service,No,No,No,Yes,Yes,No,No internet service,Two year,No,Credit card,0
2319,64,47.44117210003751,5726.314653200311,Female,0,No,Yes,No,Yes,DSL,No internet service,No internet service,No,No internet service,Yes,No internet service,One year,Yes,Mailed check,1
2320,32,60.00296359862914,848.0144603505903,Female,0,No,No,No,No phone service,Fiber optic,No,Yes,No,Yes,No,No,Two year,Yes,Bank transfer,0
2321,7,97.83392290675587,5883.5771215992645,Male,0,Yes,No,No,Yes,No,No internet service,No,No internet service,No,No internet service,No,Two year,No,Bank transfer,0
2322,21,114.12146941206855,5940.820230346909,Male,0,No,Yes,No,No phone service,Fiber optic,Yes,No,Yes,No internet service,Yes,No,Month-to-month,No,Mailed check,1
2323,20,106.18803311182572,5311.985645412395,Female,1,No,No,Yes,Yes,No,No,Yes,No internet service,Yes,No internet service,No internet service,One year,Yes,Bank transfer,1
2324,26,76.42835017334319,1904.646738383213,Male,0,No,No,No,Yes,Fiber optic,No,Yes,No internet service,No internet service,No internet service,Yes,Month-to-month,Yes,Electronic check,0
2325,68,61.02928029439465,3441.985814749261,Male,0,No,Yes,Yes,No phone service,Fiber optic,No,No,No,No internet service,No internet service,Yes,One year,Yes,Credit card,1
2326,15,53.295661437141824,6785.58399189004,Female,1,Yes,Yes,Yes,No,Fiber optic,No internet service,No internet service,No,No internet service,Yes,No,Month-to-month,No,Mailed check,1
2327,14,32.4956566084018,5394.592871790948,Female,0,Yes,No,Yes,No,No,No,No,No,No,No internet service,Yes,One year,Yes,Mailed check,0
2328,27,30.655124721611298,5888.873796499228,Female,0,No,Yes,Yes,No phone service,No,No,Yes,No,No,Yes,No internet service,One year,No,Credit card,1
2329,40,88.83576249136577,4740.25776099389,Male,0,Yes,No,Yes,Yes,DSL,Yes,Yes,Yes,Yes,No internet service,Yes,Two year,Yes,Bank transfer,1
2330,58,45.97944161711604,3651.7341329830497,Female,0,No,Yes,Yes,No phone service,Fiber optic,No,Yes,No internet service,No internet service,No internet service,No,Month-to-month,Yes,Credit card,1
2331,28,45.46616864324468,6096.510879530155,Female,0,Yes,No,No,No,Fiber optic,No,No internet service,No,Yes,No,No,One year,No,Electronic check,1
2332,26,119.81950544777857,636.6139334938092,Male,0,Yes,Yes,No,Yes,No,No,No internet service,No internet service,No,No internet service,Yes,Two year,No,Mailed check,1
2333,63,38.79259578737954,5417.969788964087,Female,1,Yes,No,Yes,Yes,Fiber optic,No,No internet service,Yes,No internet service,Yes,No,Month-to-month,Yes,Bank transfer,1
2334,66,34.80597594888297,7977.915612020365,Male,0,No,Yes,No,Yes,No,Yes,No,No,No,No,No,One year,Yes,Bank transfer,0
2335,25,29.868522775992062,6263.51624279745,Male,0,Yes,Yes,Yes,No,DSL,No,No,Yes,No internet service,Yes,No internet service,One year,No,Credit card,1
2336,3,77.98053451667963,2395.4517414618967,Male,0,Yes,No,No,No,Fiber optic,No,No internet service,No,No internet service,No internet service,No internet service,One year,Yes,Mailed check,1
2337,44,82.78638260021015,2294.7740081725065,Male,0,No,No,Yes,Yes,No,Yes,No internet service,No internet service,No internet service,No,Yes,Two year,Yes,Credit card,0
2338,42,56.5227926256882,5371.027023688325,Female,0,Yes,No,Yes,Yes,No,No internet service,Yes,Yes,Yes,No,No,Month-to-month,No,Mailed check,1
2339,6,73.54133355114678,7177.24863036739,Male,0,No,Yes,No,No,Fiber optic,No internet service,Yes,No,No,No,Yes,One year,No,Credit card,1
2340,39,98.83995309449125,4665.802952697959,Female,0,Yes,No,Yes,No,DSL,Yes,No,No internet service,No,Yes,No internet service,One year,No,Bank transfer,1
2341,52,101.81041683217484,4266.478068643461,Female,0,No,No,No,Yes,No,Yes,No internet service,No internet service,No,No,No internet service,Month-to-month,Yes,Credit card,1
2342,23,115.79120757156483,1367.0346573650036,Female,1,Yes,Yes,Yes,No phone service,Fiber optic,No internet service,No internet service,No internet service,No internet service,No,No internet service,Month-to-month,Yes,Mailed check,1
2343,50,102.42679859228745,5752.109947342551,Female,1,No,Yes,No,No phone service,DSL,No,No,No,Yes,Yes,Yes,Month-to-month,Yes,Electronic check,1
2344,43,76.48414367174266,5648.159095139337,Female,0,Yes,No,No,No phone service,No,No internet service,No internet service,No internet service,Yes,Yes,No internet service,Month-to-month,No,Credit card,0
2345,19,37.9656965836846,7738.915999437397,Male,0,Yes,No,No,No,DSL,No,Yes,No internet service,Yes,Yes,No,One year,Yes,Electronic check,0
2346,69,29.97635577028424,2471.5182560147487,Female,0,No,Yes,No,No phone service,No,Yes,No internet service,No,Yes,No internet service,No internet service,Two year,No,Bank transfer,0
2347,51,25.45118899108592,6075.919263303501,Male,0,Yes,Yes,No,No phone service,Fiber optic,Yes,No,Yes,No internet service,Yes,Yes,Month-to-month,No,Credit card,1
2348,11,86.65258317853838,3529.115563461269,Male,1,Yes,No,Yes,No,Fiber optic,Yes,No,No internet service,No internet service,Yes,No internet service,Two year,Yes,Electronic check,1
2349,12,100.75362553979932,4511.935053767466,Male,0,No,Yes,Yes,No phone service,Fiber optic,No internet service,No internet service,No,Yes,No,Yes,Two year,Yes,Credit card,0
2350,8,70.86839506840789,6549.98545924441,Female,0,No,Yes,No,Yes,DSL,Yes,No,Yes,Yes,No internet service,No,Two year,Yes,Credit card,1
2351,24,25.471417483363993,1853.7608556499072,Female,0,Yes,No,Yes,No,DSL,No internet service,Yes,No internet service,No,No,No internet service,Month-to-month,No,Bank transfer,0
2352,41,73.54705745913381,2808.663042266578,Female,0,No,No,Yes,Yes,Fiber optic,No,Yes,No,No internet service,Yes,Yes,Two year,No,Mailed check,0
2353,36,113.57492615245503,6209.138494561016,Female,0,Yes,No,No,No phone service,No,No,Yes,No,Yes,Yes,No,Two year,No,Mailed check,1
2354,55,79.76131909324604,4606.617530774101,Male,0,No,Yes,No,Yes,DSL,No,No internet service,No internet service,No internet service,No,No,One year,No,Credit card,0
2355,9,100.94274884628149,830.1410435500546,Female,1,No,No,Yes,No,DSL,Yes,No,Yes,No,No internet service,No internet service,Month-to-month,Yes,Bank transfer,1
2356,47,100.01526483917506,3498.468347550253,Female,0,No,Yes,No,No phone service,No,No,Yes,Yes,Yes,No internet service,No,Month-to-month,Yes,Credit card,0
2357,15,113.21290997806528,4734.403172486829,Male,0,No,Yes,No,No,No,Yes,No,Yes,No internet service,No,No,Month-to-month,Yes,Bank transfer,1
2358,48,97.02287656498733,7285.186799915916,Male,0,Yes,Yes,No,No phone service,Fiber optic,No internet service,No,No internet service,No internet service,Yes,Yes,Month-to-month,No,Mailed check,1
2359,42,94.77005140130896,1589.0555945152455,Male,0,No,Yes,Yes,No,DSL,Yes,No,No internet service,No internet service,No internet service,Yes,Month-to-month,No,Bank transfer,1
2360,60,43.41026649706406,6467.028450182114,Male,0,Yes,No,No,No,No,No,Yes,Yes,No internet service,No internet service,Yes,One year,Yes,Credit card,1
2361,70,25.992515532108143,1131.9334163050717,Male,0,Yes,Yes,Yes,Yes,No,Yes,No,Yes,No internet service,No,No internet service,Two year,No,Electronic check,0
2362,12,71.75994650538078,2013.661714598877,Male,1,Yes,No,No,No,Fiber optic,Yes,Yes,Yes,No internet service,No internet service,No,One year,Yes,Electronic check,0
2363,2,32.44342079467552,2022.416679571972,Male,0,Yes,Yes,Yes,No,Fiber optic,No internet service,Yes,Yes,No,Yes,No internet service,Two year,Yes,Credit card,1
2364,7,116.21958762779913,7032.085647679778,Female,0,Yes,Yes,No,Yes,DSL,Yes,Yes,No,No internet service,No,No internet service,Month-to-month,Yes,Electronic check,1
2365,3,48.99247626330286,1672.2397669183981,Female,0,No,No,No,No phone service,No,No,No internet service,No internet service,No,No internet service,Yes,One year,No,Credit card,0
2366,3,105.2944203384293,6316.989743184732,Male,0,No,No,No,No phone service,Fiber optic,Yes,No,Yes,No,Yes,No,Month-to-month,No,Credit card,1
2367,27,58.76246252024593,3748.2716187549972,Male,0,Yes,No,Yes,No,DSL,Yes,No internet service,No,No internet service,Yes,No internet service,Month-to-month,Yes,Mailed check,0
2368,40,52.31942498573774,7992.817065598755,Female,0,Yes,No,Yes,Yes,Fiber optic,No,No internet service,Yes,Yes,No,No internet service,Two year,Yes,Mailed check,1
2369,33,113.51585723766212,6728.822839351633,Male,0,No,No,Yes,No phone service,DSL,Yes,No internet service,Yes,No internet service,No,No internet service,Two year,Yes,Mailed check,1
2370,1,56.3322572086224,5943.654762137762,Male,0,Yes,No,Yes,Yes,No,No internet service,No internet service,No,No,Yes,No internet service,Two year,No,Credit card,0
2371,8,59.02879086631364,6978.737822552344,Male,0,No,Yes,No,No,Fiber optic,No,Yes,Yes,No internet service,Yes,Yes,One year,No,Bank transfer,1
2372,32,30.609177961290918,5108.840101579765,Male,0,Yes,No,No,Yes,DSL,No,Yes,Yes,No internet service,No internet service,No internet service,Two year,Yes,Credit card,0
2373,48,87.04466652825093,6764.852826575131,Male,0,No,Yes,Yes,No,DSL,Yes,No,No,No internet service,No internet service,Yes,Month-to-month,Yes,Mailed check,1
2374,4,48.88394144775135,2162.9020941555013,Female,0,No,Yes,Yes,No phone service,No,No internet service,No,No,No,No internet service,No,Two year,Yes,Mailed check,0
2375,70,78.56041678395073,871.855367698492,Male,0,Yes,No,Yes,No phone service,Fiber optic,No internet service,Yes,No,No,No internet service,No internet service,Two year,Yes,Electronic check,0
2376,19,79.13517040532095,4965.862855984683,Male,0,No,Yes,Yes,No phone service,DSL,No,No,No,No,No internet service,Yes,Two year,Yes,Mailed check,0
2377,32,91.9199695595767,3534.0541020423293,Male,0,Yes,Yes,Yes,No phone service,DSL,No,No,No,Yes,No,Yes,Two year,No,Bank transfer,0
2378,9,94.52414861724412,3468.8822828102125,Female,0,No,No,Yes,Yes,DSL,Yes,No internet service,Yes,Yes,No internet service,No internet service,Month-to-month,Yes,Credit card,1
2379,12,71.44524344015394,4261.308034197365,Female,1,No,No,No,Yes,DSL,No,No internet service,No internet service,Yes,No internet service,Yes,Two year,No,Bank transfer,1
2380,11,53.0991947603403,2954.922631367786,Male,0,Yes,Yes,Yes,Yes,Fiber optic,No internet service,No internet service,No,Yes,No internet service,No internet service,Month-to-month,Yes,Credit card,1
2381,46,103.7450894834734,5045.87029839835,Male,0,No,No,Yes,No,Fiber optic,Yes,No internet service,No internet service,No internet service,Yes,Yes,One year,No,Electronic check,1
2382,16,50.98656494084847,341.4901020462763,Male,0,No,No,Yes,No phone service,DSL,Yes,No internet service,Yes,Yes,No internet service,Yes,One year,No,Electronic check,0
2383,1,70.75090944693315,7762.14160086593,Male,0,Yes,Yes,No,No phone service,Fiber optic,No internet service,Yes,No,Yes,No,No,Month-to-month,Yes,Bank transfer,1
2384,63,60.1252583203728,7405.201037160006,Female,0,No,No,Yes,No phone service,Fiber optic,No internet service,No internet service,No internet service,Yes,Yes,No internet service,One year,No,Electronic check,0
2385,21,105.50783859696881,7488.634284397275,Female,0,Yes,No,No,Yes,No,No,No internet service,No internet service,No internet service,Yes,No,Two year,No,Credit card,1
2386,30,63.19185311458288,2983.527615111375,Male,1,Yes,No,No,Yes,No,No internet service,Yes,No internet service,Yes,No internet service,Yes,Two year,Yes,Electronic check,0
2387,13,58.60991888374843,4301.938565506888,Male,0,No,Yes,Yes,No phone service,DSL,Yes,No internet service,No internet service,Yes,Yes,No internet service,Two year,No,Credit card,0
2388,34,88.98236928976374,7637.631764154845,Female,0,Yes,Yes,No,No,No,Yes,No,No internet service,Yes,No internet service,No,One year,No,Credit card,0
2389,4,80.24411098614428,7228.533845777934,Female,0,No,No,Yes,Yes,Fiber optic,No internet service,Yes,No,No,No internet service,No internet service,Month-to-month,Yes,Bank transfer,0
2390,28,30.72468334958461,6342.931359619064,Male,0,No,No,No,No phone service,DSL,No,No,No,Yes,No internet service,No internet service,One year,No,Credit card,1
2391,59,70.81688063439631,3317.91955979598,Male,0,Yes,No,Yes,No phone service,No,Yes,No,No,Yes,No,No,One year,No,Electronic check,0
2392,27,93.54783883332476,4558.279863139171,Male,1,No,Yes,Yes,No phone service,DSL,No,Yes,No internet service,Yes,Yes,No,Month-to-month,No,Bank transfer,1
2393,69,119.20747645913562,6364.0085463115165,Female,1,No,Yes,No,No,DSL,No internet service,Yes,No internet service,No internet service,Yes,No,Month-to-month,Yes,Credit card,0
2394,25,82.91468339703192,2256.794764766251,Female,0,No,No,Yes,No phone service,No,No,No internet service,Yes,Yes,Yes,Yes,One year,Yes,Credit card,0
2395,3,57.02930664413178,5048.95000900208,Female,0,Yes,No,Yes,Yes,Fiber optic,Yes,Yes,No internet service,Yes,Yes,No,One year,Yes,Credit card,0
2396,68,42.61515998021184,6640.6811663296685,Female,0,Yes,Yes,No,No,Fiber optic,No internet service,Yes,Yes,No,Yes,No,Month-to-month,No,Bank transfer,0
2397,25,107.28302341533202,5688.892854689921,Male,0,No,No,No,No,No,Yes,No internet service,Yes,No,No internet service,Yes,Month-to-month,Yes,Credit card,1
2398,20,101.45652121135028,3887.8969864089054,Female,1,Yes,No,Yes,No phone service,No,Yes,No internet service,No,No internet service,No internet service,No,One year,Yes,Bank transfer,1
2399,34,43.39228207793849,4718.406040485751,Female,0,No,Yes,No,Yes,No,No internet service,Yes,No internet service,No internet service,No internet service,No internet service,Two year,No,Electronic check,1
2400,26,40.063209014657346,7910.536790851774,Female,0,No,No,Yes,Yes,No,No,No internet service,No internet service,Yes,No,No internet service,Two year,Yes,Bank transfer,0
2401,5,91.51367768111756,4855.7035777129595,Male,0,Yes,No,No,No phone service,DSL,No internet service,No internet service,Yes,No,No,No internet service,Two year,Yes,Mailed check,0
2402,61,51.49520619187595,6306.380256747286,Female,0,Yes,Yes,No,No phone service,Fiber optic,Yes,No internet service,Yes,No internet service,No,Yes,Month-to-month,No,Mailed check,1
2403,9,50.63987983619578,5840.177638583535,Female,0,Yes,No,No,Yes,Fiber optic,Yes,No,No internet service,No internet service,No,No,Two year,Yes,Credit card,0
2404,50,35.22902470676553,5641.77586268197,Female,0,No,Yes,Yes,No,No,Yes,No internet service,Yes,No,Yes,No internet service,Two year,Yes,Credit card,0
2405,6,46.39755197098299,5759.315535400944,Male,0,Yes,Yes,Yes,No,Fiber optic,No internet service,No,No internet service,Yes,No,Yes,Month-to-month,No,Mailed check,1
2406,60,62.750755759264955,3689.837035123565,Female,0,No,Yes,Yes,No phone service,Fiber optic,No internet service,Yes,No internet service,No,Yes,Yes,Month-to-month,Yes,Electronic check,1
2407,44,93.28383372724156,3845.86537869319,Male,0,No,No,Yes,No phone service,Fiber optic,No internet service,No,Yes,Yes,Yes,Yes,Month-to-month,Yes,Bank transfer,1
2408,11,53.63080944137498,3796.11562515018,Male,0,No,No,Yes,Yes,No,No internet service,No,No,Yes,Yes,Yes,Two year,No,Mailed check,1
2409,66,52.86043394798427,362.71139697960393,Female,0,Yes,No,No,Yes,No,No,No,No internet service,No,No internet service,Yes,Two year,No,Bank transfer,0
2410,47,48.49132525524358,2004.4161096253554,Male,0,Yes,No,Yes,Yes,Fiber optic,Yes,No,Yes,Yes,No internet service,No internet service,Two year,Yes,Electronic check,0
2411,3,67.8283667511043,1321.055652534074,Female,0,Yes,Yes,No,Yes,No,No,No,Yes,No internet service,Yes,Yes,Two year,No,Electronic check,1
2412,30,38.06366979413153,7102.915590038333,Male,0,No,Yes,No,No phone service,Fiber optic,Yes,No,Yes,No,No,No,Month-to-month,No,Mailed check,1
2413,21,68.56307340321256,2272.257994978297,Male,0,No,Yes,No,No phone service,No,Yes,Yes,No internet service,No internet service,Yes,No internet service,Two year,Yes,Credit card,1
2414,28,90.41755561946898,1193.6968122777691,Female,0,Yes,No,Yes,Yes,Fiber optic,No,Yes,No internet service,Yes,No internet service,Yes,Month-to-month,No,Electronic check,1
2415,62,22.979050403262217,1046.158762095991,Female,0,Yes,Yes,No,No phone service,No,No internet service,Yes,No internet service,Yes,No,No internet service,One year,No,Electronic check,1
2416,33,20.977938030576187,5629.919692962054,Male,0,Yes,Yes,Yes,No phone service,Fiber optic,Yes,No,Yes,No,No internet service,No internet service,One year,Yes,Bank transfer,1
2417,35,27.512291015450923,148.05815622817835,Male,0,Yes,No,Yes,Yes,No,No internet service,No internet service,No,No,No,No,One year,No,Bank transfer,0
2418,52,73.5660061728112,3823.304773876415,Male,0,Yes,No,Yes,No,No,No,No,No,Yes,No internet service,Yes,Two year,Yes,Mailed check,0
2419,34,105.44550831854035,1039.0817342257503,Male,0,Yes,Yes,Yes,No,Fiber optic,Yes,Yes,No internet service,No,Yes,No,Month-to-month,Yes,Mailed check,1
2420,41,20.488446602025196,6812.34068332365,Female,0,Yes,No,No,Yes,DSL,No internet service,No,No internet service,Yes,No internet service,Yes,One year,No,Bank transfer,0
2421,51,113.6661304584681,7671.75781597442,Male,1,Yes,No,Yes,No,Fiber optic,No,Yes,No internet service,No internet service,No,Yes,Month-to-month,Yes,Electronic check,1
2422,47,30.62785115705358,7674.161468097739,Male,0,Yes,No,No,No phone service,Fiber optic,Yes,No internet service,No,No,No internet service,No internet service,Two year,No,Credit card,1
2423,58,104.19835280582262,3591.5164606794774,Female,0,No,Yes,No,No,DSL,No,No internet service,No,No internet service,No,Yes,Two year,Yes,Credit card,0
2424,57,68.28547649829468,5191.667113034892,Male,0,Yes,Yes,Yes,Yes,No,No internet service,Yes,No internet service,No,No internet service,No internet service,One year,Yes,Mailed check,0
2425,23,85.9357387278844,4837.662678434883,Female,1,Yes,Yes,No,Yes,DSL,Yes,Yes,Yes,No internet service,No internet service,No,One year,No,Bank transfer,0
2426,48,71.06829844471824,2865.3073209490285,Female,1,No,Yes,No,No,Fiber optic,Yes,No,No,Yes,Yes,Yes,One year,No,Electronic check,1
2427,22,67.70482251793547,3608.109482222196,Female,1,No,Yes,No,No,DSL,Yes,No,No internet service,Yes,No,Yes,Two year,No,Credit card,0
2428,17,103.48994283643914,608.157208142957,Male,0,No,Yes,Yes,No phone service,No,No,No,No,Yes,No,No,Two year,No,Credit card,0
2429,69,95.58863795678164,6386.022358104749,Female,0,No,Yes,No,No,Fiber optic,No,No internet service,Yes,Yes,Yes,No,One year,Yes,Credit card,1
2430,11,68.34022365230041,2002.3477460214904,Female,0,No,Yes,Yes,No,Fiber optic,No,No internet service,Yes,No,No internet service,No internet service,Two year,Yes,Electronic check,1
2431,15,31.16359293960616,3738.165915977372,Female,0,No,No,Yes,No,No,No,No internet service,No,No internet service,No,No,Two year,No,Electronic check,0
2432,35,31.540295931440813,3896.903795571487,Male,0,No,No,Yes,No phone service,No,No internet service,No,No internet service,No,No,Yes,One year,Yes,Mailed check,0
2433,33,100.15394607190754,4529.622739295414,Male,0,Yes,Yes,Yes,No,Fiber optic,No,Yes,No,No,No,No internet service,Two year,No,Mailed check,0
2434,16,72.93906213475334,6561.225439315911,Male,0,Yes,No,No,No phone service,No,No,Yes,No internet service,Yes,Yes,No,Two year,No,Bank transfer,0
2435,34,68.15891402193625,5565.860264851623,Male,0,Yes,No,No,No phone service,DSL,No,No,No,No,Yes,Yes,Month-to-month,Yes,Bank transfer,1
2436,66,88.05668413607151,5338.198088120617,Female,0,No,Yes,No,Yes,DSL,No internet service,No,Yes,No internet service,No,Yes,Month-to-month,Yes,Bank transfer,1
2437,40,105.88415834142603,4261.289416859025,Female,0,Yes,Yes,Yes,Yes,DSL,No internet service,Yes,No,No,No internet service,Yes,Month-to-month,No,Bank transfer,0
2438,28,82.88731444133052,858.0504640780604,Female,0,No,Yes,No,No phone service,DSL,Yes,Yes,No internet service,No internet service,No internet service,No,Two year,Yes,Bank transfer,0
2439,47,96.2847902346479,3275.866926041805,Male,0,Yes,No,Yes,No phone service,No,No,No internet service,No internet service,Yes,Yes,No internet service,Two year,No,Mailed check,0
2440,39,96.52705241169569,7662.803125195362,Female,0,No,No,No,No phone service,DSL,Yes,No,Yes,Yes,No internet service,No,Month-to-month,No,Electronic check,1
2441,70,55.62614487929591,7964.829794777195,Male,0,Yes,Yes,Yes,Yes,DSL,Yes,No internet service,No internet service,No,Yes,No internet service,Month-to-month,No,Credit card,0
2442,20,47.40831956409957,5870.935354197254,Male,1,Yes,Yes,Yes,No phone service,Fiber optic,No internet service,No internet service,No internet service,No internet service,No,No,Month-to-month,No,Electronic check,1
2443,1,100.11640671751586,1897.3682082896958,Male,0,Yes,No,Yes,Yes,No,No internet service,Yes,Yes,Yes,No,Yes,One year,Yes,Mailed check,1
2444,63,57.717879178424354,904.9361034268278,Female,1,Yes,Yes,Yes,Yes,No,Yes,No,No internet service,Yes,No,No,Month-to-month,Yes,Credit card,1
2445,67,110.33360065227052,3376.638436464974,Female,0,Yes,Yes,No,No phone service,No,Yes,Yes,No internet service,No,Yes,No internet service,Month-to-month,Yes,Credit card,1
2446,4,26.969069673011962,6866.918028638752,Male,0,Yes,No,Yes,No phone service,Fiber optic,No,No internet service,No,No internet service,No internet service,No,Month-to-month,No,Electronic check,1
2447,58,25.821751207533964,5802.727495170504,Female,0,Yes,No,No,No phone service,Fiber optic,No internet service,No,No,Yes,No,No internet service,One year,No,Credit card,1
2448,25,112.70041601014083,7082.748676574729,Male,0,No,Yes,No,Yes,No,No internet service,No internet service,No,Yes,No internet service,No,One year,No,Mailed check,0
2449,47,84.84549141814348,4964.6328861114525,Female,0,No,No,No,No,DSL,Yes,No internet service,No,No internet service,No internet service,No internet service,Two year,No,Credit card,0
2450,38,57.95993564483323,1129.5940802585694,Male,0,Yes,No,Yes,No phone service,Fiber optic,No internet service,Yes,No,No,Yes,Yes,Month-to-month,Yes,Electronic check,1
2451,15,95.50604148161828,1006.8881392854962,Male,1,Yes,Yes,Yes,No,Fiber optic,Yes,No,No,No,Yes,Yes,Month-to-month,No,Electronic check,1
2452,63,87.23268099936412,479.2181907780213,Male,1,Yes,Yes,Yes,No,Fiber optic,Yes,No,No,Yes,No internet service,No internet service,Two year,No,Bank transfer,0
2453,21,73.12010468195962,4579.931767530895,Female,1,Yes,Yes,No,No,No,No internet service,No,Yes,Yes,No internet service,Yes,Month-to-month,No,Mailed check,1
2454,57,29.887334266265135,2018.8012693358332,Female,1,No,Yes,Yes,No,DSL,No,No,No,No,No,No internet service,Two year,Yes,Credit card,1
2455,53,101.21795872927515,5901.630766704109,Female,0,No,Yes,Yes,No,Fiber optic,No internet service,No internet service,No internet service,No,No,No internet service,Month-to-month,No,Credit card,1
2456,46,106.60231906806247,5521.3744932743075,Female,0,Yes,Yes,No,Yes,Fiber optic,Yes,Yes,Yes,Yes,No,Yes,Month-to-month,Yes,Credit card,0
2457,14,37.216868855264906,2613.0748650257037,Female,0,Yes,Yes,Yes,Yes,No,Yes,No,No,No internet service,No internet service,No,Month-to-month,No,Electronic check,0
2458,17,105.05116519770667,1496.7331650661085,Male,0,Yes,No,No,Yes,DSL,No,No internet service,No,No internet service,Yes,No internet service,Two year,Yes,Mailed check,1
2459,39,107.78473110165642,908.9627633884096,Female,0,Yes,Yes,No,No,Fiber optic,Yes,Yes,No internet service,Yes,No internet service,No,Two year,No,Credit card,1
2460,9,74.9428612288516,5924.790663123466,Male,1,No,No,No,Yes,No,No,Yes,Yes,Yes,No,No,Two year,Yes,Mailed check,0
2461,6,85.6179036222687,3658.483863864872,Female,0,No,Yes,Yes,No phone service,No,No internet service,Yes,No internet service,Yes,No,Yes,Two year,Yes,Credit card,1
2462,23,58.22373200144914,2655.8863220072976,Female,0,No,Yes,Yes,No,Fiber optic,No,No,No internet service,Yes,Yes,No internet service,Two year,Yes,Bank transfer,1
2463,59,48.1791647509266,6867.558824869866,Female,0,No,Yes,No,No phone service,No,Yes,No internet service,Yes,No,No internet service,No,One year,No,Bank transfer,0
2464,46,92.19831469516448,4789.544410898134,Male,0,Yes,Yes,No,No,No,Yes,Yes,No internet service,No internet service,No,No,Two year,Yes,Bank transfer,0
2465,38,106.18751490158083,4192.2184575330175,Female,0,No,Yes,Yes,No,Fiber optic,No,Yes,Yes,No internet service,Yes,Yes,Month-to-month,Yes,Electronic check,1
2466,14,85.40775529557476,5972.695403307364,Male,1,Yes,Yes,Yes,No,No,No internet service,Yes,No internet service,No internet service,No,Yes,One year,Yes,Credit card,1
2467,62,71.15906106465492,6543.106807858778,Female,1,No,No,No,No,DSL,No,No internet service,Yes,No,Yes,No,One year,Yes,Electronic check,1
2468,35,35.892476684417154,5519.977927839484,Male,0,No,Yes,No,No phone service,DSL,Yes,No internet service,No,Yes,No internet service,No,One year,Yes,Electronic check,1
2469,19,25.345871260481815,3576.0499169348864,Male,0,Yes,Yes,No,No,Fiber optic,No internet service,No,Yes,No internet service,Yes,Yes,One year,Yes,Electronic check,1
2470,30,64.56917902467464,3096.460462110281,Male,0,No,Yes,Yes,No,DSL,No,No,No internet service,No internet service,No internet service,Yes,Two year,Yes,Bank transfer,0
2471,25,24.934956369742128,6196.153012354347,Male,0,Yes,No,No,Yes,DSL,No,No internet service,No internet service,No,No internet service,Yes,Month-to-month,Yes,Mailed check,0
2472,40,76.9334631907225,4191.466569058261,Female,1,Yes,No,Yes,No,Fiber optic,No,No,No,Yes,No,No internet service,Two year,No,Mailed check,0
2473,14,58.27291913177713,5664.650020287273,Female,0,Yes,Yes,No,No,No,Yes,No internet service,No,Yes,No internet service,Yes,Two year,Yes,Mailed check,0
2474,26,95.71891196819695,7134.15043373636,Male,0,Yes,Yes,Yes,No,DSL,Yes,No,No,Yes,No,Yes,One year,Yes,Credit card,1
2475,22,50.56484968361835,7335.536014419955,Female,0,Yes,Yes,No,No,No,Yes,No,Yes,No internet service,No,Yes,Two year,Yes,Electronic check,1
2476,48,79.29827009674321,2293.9535500005236,Male,1,No,Yes,Yes,No,Fiber optic,No internet service,No internet service,Yes,No,No internet service,No internet service,One year,Yes,Electronic check,1
2477,51,73.76835217551005,1584.3306071528614,Female,0,No,Yes,Yes,No,DSL,No internet service,Yes,Yes,No internet service,Yes,No internet service,Two year,Yes,Credit card,1
2478,3,20.471242552224115,2164.1701466610193,Female,0,Yes,No,Yes,No phone service,Fiber optic,No internet service,Yes,Yes,No,No internet service,Yes,One year,No,Electronic check,1
2479,42,27.238939826431036,6035.836987230472,Female,0,Yes,Yes,Yes,No phone service,No,Yes,No,Yes,No,No internet service,Yes,One year,No,Mailed check,0
2480,19,49.03682124860205,3023.458484764665,Male,0,Yes,No,Yes,No,Fiber optic,No internet service,Yes,No internet service,No internet service,Yes,No internet service,One year,Yes,Electronic check,1
2481,28,108.22350810207651,1469.7753186465052,Female,0,Yes,No,Yes,No phone service,DSL,No internet service,Yes,No internet service,No,No,No internet service,One year,No,Credit card,0
2482,45,34.70149548997786,877.2453908050571,Male,0,No,Yes,No,Yes,Fiber optic,No,No,No internet service,No,No,No,Two year,No,Credit card,0
2483,71,91.08943304605417,2685.774191754534,Female,1,Yes,No,No,Yes,Fiber optic,Yes,Yes,Yes,No,No internet service,No internet service,Two year,No,Mailed check,0
2484,63,117.33665661522873,1175.4778787690393,Male,0,No,Yes,No,No,Fiber optic,No,No internet service,No,Yes,Yes,No internet service,Month-to-month,No,Electronic check,1
2485,19,99.05675526911551,1335.351539013125,Female,0,No,No,Yes,No,No,Yes,No internet service,No internet service,Yes,Yes,Yes,Month-to-month,Yes,Credit card,1
2486,47,44.2945361687044,5502.683390225534,Male,0,Yes,Yes,Yes,No phone service,No,Yes,Yes,No internet service,Yes,Yes,Yes,One year,No,Credit card,0
2487,14,110.83652604130816,255.8835557804017,Male,0,No,Yes,No,Yes,No,No internet service,No internet service,Yes,Yes,Yes,Yes,Month-to-month,No,Credit card,0
2488,38,29.310715650839008,1028.6707668409601,Male,0,Yes,Yes,Yes,No,No,No,No internet service,Yes,No internet service,No internet service,No internet service,Month-to-month,Yes,Mailed check,1
2489,53,66.81419418707358,6770.487380583462,Female,0,Yes,Yes,Yes,Yes,DSL,No,Yes,Yes,No internet service,No internet service,No,One year,Yes,Electronic check,0
2490,61,108.75419077264138,6774.8212716442,Male,0,No,No,No,No phone service,No,No internet service,No internet service,No internet service,No internet service,No,Yes,One year,Yes,Bank transfer,1
2491,36,84.12657092568698,2701.023482232258,Female,0,Yes,No,No,No,No,No,No,No,Yes,Yes,No,One year,Yes,Electronic check,0
2492,40,61.36445647276988,794.828766112959,Male,1,Yes,No,No,No,DSL,No,No,Yes,No internet service,No internet service,No,Month-to-month,No,Mailed check,0
2493,30,49.28128667371688,5669.265637076926,Male,1,No,Yes,No,No,No,Yes,No,Yes,Yes,No internet service,No internet service,One year,No,Mailed check,0
2494,9,57.50994053183499,2945.0403334136076,Male,0,No,Yes,No,Yes,Fiber optic,No,Yes,No,Yes,Yes,No internet service,Month-to-month,No,Credit card,1
2495,64,70.89417810092863,459.1705549189141,Female,0,No,No,No,No phone service,No,No,No internet service,No,No,Yes,Yes,One year,No,Credit card,0
2496,33,51.90439298728074,1346.8331522684086,Female,0,Yes,Yes,No,Yes,DSL,Yes,Yes,No,No,No,No internet service,One year,No,Mailed check,0
2497,52,116.89678620822997,1183.997014515792,Female,0,No,Yes,Yes,Yes,Fiber optic,No internet service,Yes,Yes,Yes,Yes,No,Two year,No,Bank transfer,1
2498,14,113.30776530661451,4754.019116238532,Female,0,No,No,Yes,No,DSL,Yes,No internet service,Yes,No,No,No internet service,Two year,Yes,Bank transfer,0
2499,53,107.06714682143208,7195.128910468135,Female,0,No,Yes,Yes,No phone service,Fiber optic,No internet service,No internet service,No internet service,No,No,No internet service,One year,No,Mailed check,1
2500,59,62.18298355226534,6365.269063255314,Female,1,No,No,Yes,No phone service,Fiber optic,No internet service,No internet service,No internet service,No,Yes,No,Two year,Yes,Credit card,0
2501,41,89.13017693352289,4417.476755636118,Female,0,Yes,Yes,No,No,Fiber optic,Yes,Yes,No internet service,No,Yes,No internet service,Two year,No,Mailed check,1
2502,68,110.28293070359646,3435.0258029270926,Male,1,No,Yes,Yes,No phone service,DSL,Yes,Yes,No internet service,No internet service,No internet service,No internet service,Two year,Yes,Credit card,0
2503,68,105.0429487678928,4987.546001644033,Male,0,No,No,Yes,No,Fiber optic,No internet service,No,No internet service,No,Yes,Yes,Two year,Yes,Credit card,1
2504,8,61.43270140202077,3606.1206537426388,Female,0,Yes,No,Yes,No,Fiber optic,Yes,Yes,No internet service,Yes,Yes,No,Month-to-month,Yes,Mailed check,1
2505,2,31.23860493222607,2044.183068352896,Female,0,No,No,Yes,No phone service,Fiber optic,Yes,No internet service,Yes,No,No,No internet service,Two year,No,Electronic check,1
2506,41,27.563036383454946,5465.659897283009,Female,1,No,No,No,No phone service,Fiber optic,No,Yes,No internet service,No,Yes,No,One year,No,Mailed check,1
2507,55,77.70640452257027,6998.6271713564365,Female,0,Yes,No,Yes,No phone service,Fiber optic,Yes,No,Yes,No internet service,No internet service,No internet service,Two year,No,Electronic check,0
2508,16,84.26279352109316,3045.675612378798,Female,0,Yes,Yes,No,No phone service,No,Yes,No internet service,Yes,No internet service,No internet service,Yes,One year,No,Bank transfer,1
2509,62,104.98426045970241,6748.153894761562,Male,0,Yes,No,No,Yes,DSL,No,No,No,No internet service,Yes,No internet service,Month-to-month,No,Credit card,1
2510,48,49.251502034103105,3505.5481672195747,Female,0,Yes,Yes,Yes,No,Fiber optic,No internet service,Yes,Yes,No,Yes,No internet service,One year,Yes,Bank transfer,0
2511,30,36.74704905500425,3270.5539504854655,Female,0,Yes,Yes,No,No,Fiber optic,No internet service,Yes,Yes,Yes,No,No,One year,No,Credit card,0
2512,12,57.900583317819944,323.76242462151856,Female,0,No,No,Yes,No,Fiber optic,Yes,No,Yes,No internet service,Yes,No internet service,Two year,Yes,Credit card,1
2513,35,55.35751236322751,5592.703320802541,Male,1,No,No,No,No,Fiber optic,Yes,No,No,No,No,No,One year,Yes,Mailed check,0
2514,11,33.24689540178547,6479.269948399201,Male,0,No,Yes,No,Yes,Fiber optic,No internet service,No internet service,Yes,No,Yes,Yes,One year,No,Credit card,1
2515,64,87.22826525131521,5342.0996645126315,Male,0,No,No,No,No phone service,No,Yes,No internet service,No,No,No,No,Month-to-month,No,Bank transfer,1
2516,50,70.8691940729376,1295.7515159963536,Male,0,Yes,No,Yes,No phone service,No,No internet service,No,No internet service,No internet service,No internet service,No internet service,Month-to-month,Yes,Credit card,0
2517,21,92.11227561147663,916.0183936658807,Female,0,Yes,Yes,Yes,No phone service,Fiber optic,No internet service,No internet service,Yes,No,Yes,No,Two year,No,Electronic check,0
2518,69,55.269112016973466,4625.584137786462,Male,1,Yes,Yes,Yes,No,Fiber optic,No,No,No internet service,No internet service,Yes,Yes,Month-to-month,Yes,Electronic check,1
2519,48,52.57022115777023,3271.978408058355,Male,0,No,No,Yes,Yes,Fiber optic,No,No,Yes,No,No,No internet service,Month-to-month,Yes,Mailed check,0
2520,20,67.25758530438557,3489.872489536158,Male,0,Yes,Yes,No,Yes,DSL,Yes,Yes,No,Yes,No,Yes,One year,No,Mailed check,0
2521,67,107.7407345395147,7745.621949269761,Male,0,Yes,Yes,Yes,No phone service,DSL,Yes,No,No internet service,Yes,Yes,Yes,Two year,Yes,Credit card,1
2522,44,24.02813067339803,5818.9891024252165,Male,0,No,Yes,No,No,No,No internet service,No internet service,Yes,No,No,No internet service,Two year,No,Bank transfer,0
2523,33,100.4832817296472,3353.123139741278,Female,0,Yes,Yes,No,No phone service,No,Yes,No,Yes,No internet service,Yes,No internet service,One year,No,Mailed check,0
2524,61,56.89876126577565,250.88431074954764,Male,0,Yes,Yes,No,No,DSL,No,Yes,No,No,No internet service,No,Month-to-month,Yes,Mailed check,1
2525,9,105.46190257884777,369.35601304083514,Male,0,No,Yes,No,No phone service,Fiber optic,No internet service,No internet service,Yes,Yes,No,No internet service,Month-to-month,No,Mailed check,1
2526,68,100.22030088358565,5509.949195602264,Male,0,No,Yes,No,No phone service,No,No internet service,No,No internet service,No,Yes,No,Month-to-month,Yes,Electronic check,1
2527,35,54.87612473960884,6718.136200190334,Female,0,Yes,Yes,No,Yes,Fiber optic,Yes,Yes,No,No internet service,No internet service,Yes,Two year,No,Bank transfer,0
2528,65,89.3876535321616,5690.850773442502,Female,1,No,Yes,No,No,Fiber optic,No internet service,No internet service,No internet service,No internet service,Yes,No,One year,Yes,Mailed check,0
2529,8,35.963275677344015,3306.513245577331,Female,0,Yes,Yes,No,Yes,No,No internet service,Yes,No internet service,No internet service,Yes,No internet service,One year,No,Credit card,0
2530,45,109.6281552163788,345.97232965149954,Female,0,No,No,No,Yes,DSL,No internet service,Yes,Yes,No internet service,No internet service,No,Month-to-month,No,Mailed check,1
2531,47,60.44910644519094,7742.472878858315,Female,0,No,No,No,No phone service,DSL,No,No internet service,Yes,Yes,No,No internet service,Two year,Yes,Mailed check,0
2532,40,65.56256153552002,7892.054891048885,Female,0,No,No,No,No,DSL,No internet service,Yes,No,No internet service,No internet service,Yes,One year,No,Electronic check,1
2533,54,90.57590510369849,4439.979956409722,Female,0,No,Yes,Yes,No,Fiber optic,No,Yes,No,No internet service,Yes,No,Month-to-month,No,Electronic check,1
2534,46,102.0840236704851,658.3006210913342,Female,0,Yes,Yes,No,No phone service,Fiber optic,No internet service,Yes,No,Yes,No internet service,No,Month-to-month,Yes,Mailed check,0
2535,47,43.63427433282096,4373.682796724288,Male,1,Yes,Yes,Yes,No phone service,Fiber optic,Yes,No internet service,No internet service,No internet service,Yes,No,One year,No,Bank transfer,0
2536,15,86.13501398769954,7149.473914744386,Male,0,Yes,Yes,Yes,No phone service,DSL,Yes,Yes,No internet service,Yes,No internet service,No,One year,No,Electronic check,0
2537,19,59.19980438891485,5471.885530012887,Female,0,No,Yes,No,No,Fiber optic,No internet service,No,No internet service,No internet service,No,Yes,One year,Yes,Mailed check,0
2538,26,56.87029240039613,5787.914925158521,Male,0,Yes,No,No,No phone service,No,Yes,Yes,No internet service,No internet service,No internet service,No internet service,Two year,No,Bank transfer,1
2539,52,89.00258239406547,771.2617157147694,Female,1,No,Yes,No,No phone service,Fiber optic,No,No,Yes,No internet service,No internet service,No,Month-to-month,No,Mailed check,1
2540,22,58.718327415593436,941.4419325512314,Male,1,Yes,No,No,Yes,No,No internet service,Yes,No,No internet service,No,Yes,One year,No,Bank transfer,0
2541,21,54.610850016440764,1106.0553333694936,Male,0,No,No,Yes,No phone service,DSL,No,No,Yes,No,Yes,No internet service,Two year,No,Credit card,0
2542,51,103.58884081262424,7244.576985921842,Female,0,No,No,Yes,No phone service,Fiber optic,No internet service,No internet service,Yes,No,No internet service,Yes,Two year,No,Electronic check,1
2543,38,30.127612383100637,4254.212126484125,Male,0,No,Yes,No,No,Fiber optic,No,Yes,No internet service,No internet service,Yes,No,One year,No,Credit card,0
2544,20,87.58926228302107,6353.44326150463,Female,0,Yes,No,Yes,No phone service,DSL,Yes,No,No,No internet service,No internet service,No,One year,No,Bank transfer,0
2545,29,44.87253937906246,1010.8009530804418,Female,0,Yes,Yes,No,No,Fiber optic,No,No internet service,No internet service,No internet service,No,Yes,One year,Yes,Electronic check,0
2546,51,21.54982418261903,7428.3773735179,Male,0,Yes,Yes,No,Yes,No,No,Yes,No internet service,No,No internet service,No,One year,No,Electronic check,0
2547,4,36.6764268872692,6587.0225228279605,Female,0,Yes,No,No,Yes,DSL,Yes,Yes,No,No internet service,Yes,No,Two year,Yes,Credit card,0
2548,55,80.66615297758678,1875.6367437253132,Male,0,No,No,Yes,No,No,Yes,Yes,No,Yes,Yes,Yes,One year,Yes,Bank transfer,1
2549,71,90.91271914859374,7006.039643022233,Male,0,No,No,Yes,No phone service,DSL,No internet service,No internet service,Yes,No,No,No internet service,Month-to-month,No,Electronic check,1
2550,28,22.105778355632005,2181.1977992347934,Female,0,No,Yes,Yes,No,No,No internet service,No internet service,No internet service,No,Yes,Yes,Month-to-month,Yes,Bank transfer,0
2551,4,23.642544330172015,1722.1850467785464,Female,0,No,Yes,No,No phone service,No,No,No,No internet service,No,No,Yes,One year,Yes,Bank transfer,1
2552,22,110.25421148429531,2187.5271008164777,Female,0,Yes,No,Yes,No phone service,No,No internet service,Yes,No internet service,No internet service,No,No,One year,Yes,Electronic check,0
2553,45,27.330581811371985,7288.644999853614,Female,0,Yes,Yes,No,No phone service,Fiber optic,No,No,No,Yes,Yes,No internet service,Two year,No,Electronic check,0
2554,67,109.41821586165713,7333.17668556747,Female,1,No,Yes,No,No,Fiber optic,No internet service,No,No internet service,No,Yes,No,Month-to-month,Yes,Electronic check,1
2555,66,42.81659137509058,2699.0666200349538,Male,0,Yes,Yes,Yes,Yes,Fiber optic,Yes,No,No internet service,Yes,No,Yes,Month-to-month,Yes,Credit card,1
2556,34,94.00178001582128,5672.930062246955,Female,0,No,No,No,No,Fiber optic,Yes,No,No internet service,Yes,Yes,No internet service,Two year,No,Electronic check,0
2557,55,50.973324894601205,5438.387515797048,Male,0,No,No,No,No phone service,Fiber optic,Yes,No,No internet service,Yes,No,No internet service,One year,Yes,Electronic check,1
2558,1,105.87520256091838,6471.844793830186,Female,0,No,No,No,No,No,Yes,Yes,Yes,No internet service,No internet service,No,Two year,Yes,Mailed check,0
2559,38,90.04548654243578,2442.4250511228356,Male,0,Yes,Yes,No,Yes,Fiber optic,No,No internet service,No,No internet service,Yes,No internet service,Two year,Yes,Mailed check,1
2560,6,60.181345860169515,4130.094481092175,Male,0,No,No,Yes,No,No,Yes,No,Yes,No internet service,Yes,Yes,Month-to-month,Yes,Credit card,1
2561,25,27.630245417407956,5374.6242129654665,Male,0,Yes,Yes,No,Yes,DSL,Yes,No internet service,No,No,No,No internet service,Two year,Yes,Credit card,0
2562,17,93.27001838708071,307.42886859825774,Male,0,No,Yes,No,Yes,No,Yes,No,No internet service,No,No internet service,Yes,Month-to-month,No,Mailed check,1
2563,61,81.68847559651815,3076.236088114542,Male,0,Yes,Yes,No,No phone service,Fiber optic,Yes,Yes,No,Yes,No internet service,Yes,Month-to-month,No,Credit card,0
2564,12,20.291171783378875,5597.518025660695,Female,0,Yes,Yes,Yes,Yes,DSL,No internet service,No,Yes,No,Yes,Yes,Two year,No,Mailed check,0
2565,6,20.941985597244532,2095.501235641154,Male,1,No,No,No,No,Fiber optic,No,No,No internet service,No internet service,No,No,Two year,No,Mailed check,0
2566,27,100.8792973192694,7665.862445351249,Female,0,No,No,No,No,DSL,No,No,Yes,No internet service,No,No,One year,Yes,Bank transfer,0
2567,8,45.939973880185384,338.2748349040277,Male,0,Yes,Yes,Yes,No phone service,No,No internet service,Yes,Yes,No internet service,Yes,No,Month-to-month,No,Credit card,1
2568,65,83.61336677280656,7668.88878194064,Female,1,Yes,No,No,No,DSL,No internet service,No,Yes,No internet service,No internet service,No internet service,Two year,No,Electronic check,0
2569,57,65.42144197652475,1812.4345572821603,Male,0,Yes,No,Yes,No phone service,Fiber optic,No,Yes,No,Yes,No,No internet service,Month-to-month,No,Mailed check,1
2570,40,106.34300145217672,485.6941312104229,Male,0,No,No,No,No,DSL,No,No internet service,Yes,No,No,No internet service,Two year,No,Bank transfer,0
2571,14,111.69611131024887,2410.544862466104,Female,0,No,No,Yes,No,No,No internet service,No internet service,No,No internet service,Yes,No,Two year,Yes,Bank transfer,0
2572,35,119.6807712678854,6311.63022759278,Female,0,Yes,No,No,Yes,DSL,Yes,No internet service,Yes,Yes,Yes,Yes,One year,No,Mailed check,1
2573,48,35.368413580724685,6044.2918509396195,Male,0,Yes,No,Yes,Yes,No,No,Yes,Yes,No,No internet service,Yes,One year,No,Credit card,1
2574,56,106.29640464754755,1749.8392897400572,Male,0,Yes,No,Yes,Yes,DSL,No internet service,No,No,Yes,No internet service,No,One year,No,Mailed check,1
2575,49,46.602137672880176,1654.6420553752155,Female,0,No,No,No,No,No,Yes,No internet service,No,No internet service,No,Yes,Two year,Yes,Credit card,0
2576,13,79.08158748955077,5176.381334855872,Male,0,No,No,No,No phone service,No,Yes,No internet service,Yes,No internet service,Yes,Yes,One year,No,Mailed check,0
2577,61,70.5772833869211,3718.853248438271,Male,0,Yes,No,Yes,No phone service,No,No internet service,No,Yes,No internet service,Yes,No,Month-to-month,Yes,Mailed check,1
2578,49,21.798813157238765,6359.090631314128,Female,0,Yes,No,No,No phone service,No,No,No internet service,No internet service,No,Yes,Yes,Month-to-month,No,Bank transfer,0
2579,46,113.27712799060947,290.64895167117334,Male,0,No,Yes,No,Yes,Fiber optic,No,No internet service,Yes,No internet service,No internet service,No,Two year,No,Electronic check,1
2580,62,27.832705514921845,4922.253700008511,Male,0,No,Yes,Yes,No,No,Yes,No,Yes,No,No internet service,No internet service,One year,Yes,Electronic check,0
2581,8,88.82189194077358,5872.308896695019,Female,0,Yes,No,Yes,Yes,Fiber optic,No internet service,Yes,No internet service,Yes,No,Yes,Two year,Yes,Bank transfer,1
2582,43,98.50068362082621,7947.7502850264855,Male,0,Yes,No,No,No,No,Yes,Yes,Yes,No,Yes,No,Two year,No,Credit card,1
2583,20,99.52878490476843,5462.37538447109,Female,0,Yes,No,No,No,DSL,Yes,No internet service,Yes,Yes,No internet service,No internet service,Month-to-month,No,Mailed check,1
2584,39,33.54945189288448,1931.5767367447338,Female,0,No,No,No,No,DSL,Yes,No internet service,No,No,Yes,Yes,One year,No,Credit card,0
2585,49,64.7569950507972,954.6709395523063,Male,0,Yes,Yes,No,Yes,Fiber optic,No internet service,Yes,No,No internet service,No internet service,No internet service,Month-to-month,Yes,Electronic check,1
2586,64,102.94288704339799,5163.242519688195,Male,0,Yes,Yes,Yes,No,DSL,No,No internet service,No,No internet service,Yes,Yes,One year,Yes,Credit card,1
2587,62,50.26792103787547,4233.146233393906,Female,0,Yes,No,Yes,Yes,No,Yes,Yes,Yes,Yes,No,No internet service,One year,Yes,Mailed check,0
2588,54,66.77486753746635,7203.2477787156295,Female,1,No,Yes,Yes,Yes,DSL,No,No internet service,No,No,No internet service,No internet service,Two year,Yes,Electronic check,0
2589,9,47.27938926998458,5840.203367332072,Male,0,No,No,Yes,No,Fiber optic,No,No internet service,Yes,No,No internet service,Yes,One year,Yes,Credit card,1
2590,37,66.35514178853242,4126.9653553367025,Female,0,No,Yes,No,No,DSL,No internet service,Yes,No internet service,Yes,No,No,One year,Yes,Credit card,0
2591,49,108.783792259288,3288.3568190446663,Male,0,Yes,No,Yes,No,Fiber optic,No,No,No,No,No,No internet service,Two year,No,Credit card,1
2592,41,65.51242310327694,3294.5601266094804,Female,0,No,Yes,Yes,Yes,No,No,No internet service,No internet service,No,Yes,No,Month-to-month,No,Electronic check,1
2593,17,75.59120170743203,1887.803860594753,Female,1,No,Yes,No,No,No,Yes,No internet service,Yes,Yes,No internet service,No internet service,Month-to-month,No,Electronic check,0
2594,21,60.39762833030836,236.87517687000675,Female,1,No,Yes,No,No,DSL,No internet service,No,Yes,Yes,Yes,No internet service,Month-to-month,Yes,Credit card,0
2595,51,66.01171832033255,4641.793646836139,Male,0,No,No,Yes,No phone service,DSL,No internet service,No internet service,No internet service,Yes,Yes,Yes,One year,No,Bank transfer,0
2596,59,21.51741990464217,1778.0763869334,Female,0,No,Yes,No,No phone service,DSL,Yes,No,No internet service,No,Yes,No internet service,One year,No,Mailed check,0
2597,39,48.3745509960456,1745.7826500515275,Female,1,Yes,No,Yes,No phone service,No,Yes,No,No internet service,Yes,No internet service,No internet service,Two year,Yes,Electronic check,0
2598,55,63.65817217418244,1090.511706544196,Female,0,Yes,Yes,No,No,DSL,No,Yes,No internet service,Yes,No,No,Two year,No,Electronic check,1
2599,41,83.37969759927289,1597.8043723958726,Female,0,Yes,Yes,No,Yes,No,No,No,No,Yes,Yes,No,Two year,Yes,Electronic check,0
2600,39,65.00519305538921,351.1342814855876,Male,0,Yes,No,Yes,No phone service,Fiber optic,No internet service,Yes,No internet service,Yes,No internet service,No,Month-to-month,Yes,Mailed check,0
2601,13,53.7817043321564,5426.428453013403,Female,0,Yes,No,No,Yes,DSL,No internet service,Yes,No,No internet service,Yes,Yes,One year,No,Electronic check,0
2602,64,58.809873534415715,3271.0372188702845,Male,0,No,No,Yes,No phone service,DSL,No,Yes,No internet service,No internet service,No,No,Two year,No,Bank transfer,0
2603,11,44.22933292004665,4536.044330307846,Female,0,No,Yes,Yes,No phone service,Fiber optic,Yes,No internet service,No internet service,No internet service,No,Yes,One year,No,Electronic check,1
2604,19,112.44942827740529,5131.965182364316,Female,1,Yes,No,Yes,Yes,Fiber optic,No internet service,No internet service,No,Yes,No internet service,Yes,Two year,No,Electronic check,1
2605,11,72.17432257909147,7782.628041981658,Male,1,No,No,No,No phone service,Fiber optic,Yes,No,Yes,No,No internet service,No,Two year,Yes,Bank transfer,1
2606,46,21.34094538721231,639.3003402584578,Male,0,Yes,No,Yes,Yes,Fiber optic,No,Yes,Yes,No internet service,No,No internet service,Month-to-month,Yes,Mailed check,1
2607,45,21.94462584195466,3401.54971016836,Female,0,Yes,Yes,Yes,No,No,No internet service,No internet service,Yes,Yes,No internet service,No internet service,Month-to-month,Yes,Mailed check,1
2608,1,117.29616349520415,2042.5936748592003,Female,0,No,No,Yes,No,DSL,No internet service,No internet service,Yes,No internet service,No,No,One year,No,Electronic check,1
2609,40,42.145089137324504,3866.024261668832,Female,0,Yes,No,Yes,Yes,No,No,No,No,No internet service,Yes,No internet service,One year,No,Mailed check,0
2610,19,100.56082888143146,7371.731174849717,Male,0,No,Yes,Yes,Yes,No,No,No internet service,Yes,Yes,No,Yes,Two year,Yes,Bank transfer,0
2611,61,25.82753015605745,5819.475695460395,Female,0,Yes,No,Yes,No,Fiber optic,Yes,No internet service,No,Yes,Yes,No,Month-to-month,Yes,Mailed check,1
2612,12,112.11627366945491,5329.401733191157,Male,0,No,Yes,No,Yes,DSL,Yes,No internet service,No,No internet service,No internet service,Yes,One year,No,Electronic check,0
2613,61,107.44170036666785,3585.8424238063017,Female,0,No,No,Yes,No,No,No,No internet service,No,Yes,Yes,No,Month-to-month,No,Bank transfer,1
2614,33,77.10931624345147,5401.788737158044,Male,0,No,No,No,No,No,No,No internet service,No,No internet service,No,No internet service,One year,No,Electronic check,1
2615,45,20.899865728325576,355.7654804678239,Male,1,No,No,No,Yes,Fiber optic,No,No internet service,No,No internet service,No internet service,No internet service,One year,No,Bank transfer,0
2616,69,45.78108740233375,4731.285509036166,Male,0,No,No,Yes,No phone service,DSL,No internet service,No,No internet service,No internet service,No internet service,Yes,Month-to-month,Yes,Bank transfer,0
2617,8,60.682264739846495,4474.834844534061,Female,0,No,Yes,No,Yes,DSL,No,Yes,No,No internet service,No,No internet service,One year,Yes,Electronic check,0
2618,25,66.00641167475618,2838.4594125092235,Female,0,Yes,Yes,No,No,DSL,No internet service,No internet service,Yes,No,No internet service,No internet service,One year,Yes,Electronic check,0
2619,46,49.767875856237204,1691.9615908504563,Male,1,Yes,Yes,Yes,No phone service,No,No,Yes,No,No,No,Yes,Month-to-month,No,Mailed check,0
2620,30,23.294786824552997,6479.688852894477,Male,0,No,Yes,No,No phone service,Fiber optic,No internet service,No,Yes,Yes,Yes,Yes,Month-to-month,Yes,Credit card,1
2621,47,79.01274059265421,525.5107041952622,Male,0,No,Yes,Yes,No,DSL,Yes,No,No,No,Yes,Yes,One year,Yes,Mailed check,0
2622,49,72.41546676947559,650.4156289463434,Female,0,Yes,Yes,No,No phone service,No,Yes,Yes,Yes,No,No internet service,No,One year,No,Electronic check,0
2623,47,48.30006354290777,3580.121777474758,Female,0,Yes,No,Yes,No phone service,No,No internet service,Yes,No,Yes,No,Yes,Month-to-month,No,Electronic check,0
2624,18,23.79759675696065,2095.18092452798,Female,0,Yes,No,No,Yes,DSL,Yes,No,No internet service,No internet service,No,No,One year,No,Mailed check,0
2625,66,119.45941872219402,5989.0740667054615,Male,0,Yes,No,Yes,No,Fiber optic,Yes,No internet service,Yes,No,Yes,No,One year,No,Credit card,1
2626,68,68.19861868264059,5110.1016076774085,Female,0,Yes,Yes,Yes,No phone service,Fiber optic,No internet service,Yes,Yes,No,Yes,No,One year,No,Credit card,1
2627,33,95.60042417740772,6203.024889400388,Female,1,No,No,No,No,DSL,No,Yes,No,No,No internet service,Yes,Two year,Yes,Electronic check,0
2628,36,65.23140350513356,2664.9637550686284,Female,0,Yes,Yes,Yes,Yes,No,No,No internet service,Yes,No,No,No,Month-to-month,No,Credit card,1
2629,19,24.317029086294145,5950.099622981153,Male,0,Yes,Yes,Yes,Yes,Fiber optic,No internet service,Yes,No,No internet service,No internet service,No internet service,Two year,Yes,Bank transfer,0
2630,28,50.96007450855001,6912.195564608552,Female,0,Yes,No,No,Yes,No,Yes,No internet service,No internet service,Yes,No internet service,Yes,Two year,Yes,Mailed check,0
2631,40,52.01101410059012,2827.6685059067167,Female,0,No,No,Yes,No phone service,No,No,No,No internet service,No,No internet service,Yes,Two year,No,Credit card,1
2632,15,103.8352904049016,2785.1769871784836,Female,0,Yes,Yes,Yes,Yes,Fiber optic,No,Yes,No,No,No,No,Two year,No,Credit card,1
2633,41,85.42299779998744,7209.616090860767,Female,0,Yes,Yes,No,No,No,Yes,No internet service,No,No,Yes,Yes,One year,No,Mailed check,0
2634,39,47.54299036394728,493.34300018290213,Female,0,No,Yes,No,Yes,No,No internet service,No internet service,No internet service,No,No,No,Two year,Yes,Bank transfer,0
2635,2,116.7739954659086,2866.4963052736703,Male,0,No,No,No,No phone service,DSL,No internet service,No,Yes,Yes,No,Yes,Two year,Yes,Credit card,0
2636,63,52.15418323978714,1037.5126873672523,Male,0,Yes,Yes,No,Yes,Fiber optic,No,Yes,Yes,No internet service,No,No,Month-to-month,No,Bank transfer,0
2637,29,119.82340258287203,328.9466629748123,Male,1,No,Yes,No,No phone service,No,No internet service,No internet service,Yes,Yes,No internet service,Yes,One year,Yes,Electronic check,0
2638,66,119.61636931702633,991.6683994098947,Male,0,Yes,No,No,No,Fiber optic,Yes,Yes,No internet service,No,No internet service,Yes,One year,No,Electronic check,0
2639,51,39.12105177467418,3506.841750324188,Female,0,Yes,Yes,Yes,Yes,Fiber optic,No internet service,No internet service,No,No,No,No,Month-to-month,No,Bank transfer,0
2640,10,51.27411161884002,5526.952946899547,Female,0,No,No,No,Yes,No,No internet service,Yes,No internet service,Yes,No internet service,No internet service,One year,Yes,Bank transfer,0
2641,14,68.60441984846543,2385.331153091507,Male,0,Yes,Yes,No,No,Fiber optic,No internet service,Yes,Yes,No internet service,No internet service,Yes,One year,No,Mailed check,0
2642,51,86.4100671147891,6812.434928468885,Male,1,No,No,No,No,DSL,No internet service,No internet service,No,No internet service,Yes,No internet service,Month-to-month,Yes,Mailed check,1
2643,39,72.80474490037993,3557.1634670329654,Male,0,No,Yes,Yes,No phone service,DSL,Yes,No internet service,No,No internet service,No,No internet service,One year,No,Mailed check,1
2644,28,116.94414691322568,7749.001602597774,Female,0,No,No,Yes,Yes,No,No internet service,Yes,Yes,No internet service,No,Yes,Two year,No,Credit card,0
2645,3,92.39891642356915,7637.82978860523,Female,0,No,Yes,Yes,Yes,Fiber optic,No,Yes,No,Yes,No internet service,Yes,Two year,Yes,Electronic check,1
2646,70,41.20448493829744,6208.882159067839,Female,0,Yes,Yes,No,Yes,No,No internet service,No,Yes,Yes,No,No,Two year,No,Mailed check,0
2647,27,30.50975502136383,7466.003419558284,Male,0,Yes,No,Yes,Yes,Fiber optic,No,No internet service,No internet service,No internet service,No,No,Month-to-month,No,Credit card,1
2648,2,88.84012907093567,5686.059001672782,Male,1,Yes,No,Yes,No,No,Yes,Yes,No,Yes,No,No internet service,One year,No,Credit card,1
2649,38,35.8452440180763,7175.1072009303325,Male,0,No,Yes,Yes,Yes,No,No internet service,Yes,Yes,Yes,No,No,One year,Yes,Bank transfer,0
2650,3,98.76768403357542,1968.1423671938214,Female,0,Yes,Yes,Yes,Yes,Fiber optic,No,No internet service,Yes,No,No internet service,No,One year,No,Mailed check,1
2651,16,51.103666726033694,2828.819581396709,Female,0,No,Yes,No,Yes,DSL,No internet service,Yes,No internet service,Yes,Yes,No,One year,Yes,Bank transfer,0
2652,40,52.68932630556065,6048.147521438406,Male,1,Yes,Yes,No,No phone service,No,No internet service,Yes,No,Yes,No internet service,No,Month-to-month,No,Bank transfer,1
2653,2,21.079839238951198,3454.033781831801,Male,0,No,Yes,No,No phone service,DSL,No,No,No,No internet service,Yes,Yes,One year,No,Credit card,1
2654,41,90.10112670950407,6714.886727213691,Female,0,Yes,Yes,No,No phone service,Fiber optic,Yes,No,No,Yes,No,No,Month-to-month,Yes,Electronic check,1
2655,12,31.32697530646858,7033.347085543423,Female,0,Yes,Yes,No,No,No,Yes,No internet service,No,No internet service,No,No internet service,Two year,Yes,Credit card,0
2656,35,97.28805774635181,2467.8629292953065,Male,0,No,No,No,No,Fiber optic,Yes,No internet service,No internet service,No,No,Yes,Month-to-month,Yes,Credit card,1
2657,65,69.18678219172068,6605.261384697631,Male,0,Yes,Yes,Yes,No,DSL,Yes,No internet service,No internet service,No,No,Yes,One year,No,Credit card,0
2658,55,98.4279814954569,1318.6877414146854,Female,0,No,No,No,Yes,Fiber optic,Yes,No,No,Yes,No,No internet service,Month-to-month,No,Electronic check,0
2659,45,78.39265391977412,2740.1540211411075,Male,0,No,Yes,No,Yes,No,Yes,No,Yes,Yes,No,Yes,One year,No,Mailed check,0
2660,62,28.243327201899078,4191.923113858973,Male,0,Yes,Yes,No,No,DSL,No internet service,No,No,No internet service,No,Yes,Month-to-month,No,Credit card,1
2661,49,96.56523367051831,1888.905720620748,Female,0,Yes,No,No,No phone service,No,No internet service,Yes,No,No,Yes,No internet service,One year,Yes,Credit card,0
2662,25,26.979948489474975,4676.215853644075,Male,0,Yes,Yes,No,Yes,DSL,No,No,Yes,No internet service,No internet service,No,Two year,Yes,Mailed check,0
2663,23,67.87017205693323,4671.691121869408,Female,1,No,No,Yes,No phone service,Fiber optic,Yes,No,No,Yes,No,Yes,Two year,No,Mailed check,1
2664,24,37.23492141449633,1734.5328693221554,Male,0,No,Yes,Yes,Yes,Fiber optic,Yes,No internet service,Yes,No,No,No,Month-to-month,Yes,Credit card,1
2665,38,95.2335177977885,6385.566624595108,Female,0,No,Yes,Yes,Yes,No,Yes,No,No internet service,Yes,No,No internet service,Two year,Yes,Electronic check,0
2666,28,111.15912278061266,5089.991466350825,Male,0,No,Yes,Yes,No phone service,No,No,No,Yes,No,Yes,Yes,One year,No,Bank transfer,0
2667,21,75.41261633582742,2610.3080039171386,Male,1,No,Yes,Yes,No,No,No internet service,Yes,No internet service,No internet service,No,No,Two year,Yes,Bank transfer,0
2668,54,72.71472942991805,1934.2597894153062,Male,0,No,No,No,No phone service,DSL,No internet service,No,No,Yes,No internet service,No internet service,Two year,Yes,Credit card,0
2669,18,96.3963196325618,7042.126096792498,Female,0,No,No,Yes,No,DSL,Yes,No internet service,Yes,Yes,Yes,Yes,Two year,Yes,Electronic check,0
2670,36,20.50788129757272,6702.363737274756,Male,0,No,No,Yes,No,No,No internet service,Yes,Yes,No,Yes,Yes,Two year,No,Mailed check,0
2671,45,111.77586426351607,1915.109331358658,Male,0,No,Yes,No,Yes,DSL,No internet service,No,No,No internet service,No,No,One year,Yes,Electronic check,0
2672,53,39.74488170911317,381.2812894804193,Female,0,Yes,No,Yes,Yes,DSL,No internet service,No,No internet service,No,Yes,Yes,Two year,No,Bank transfer,1
2673,30,118.41188838262373,6455.807506370678,Male,1,No,Yes,Yes,Yes,Fiber optic,Yes,No,Yes,No,No,No,Two year,No,Electronic check,1
2674,60,93.62539479604622,4962.517586593841,Female,1,No,No,No,No,Fiber optic,No internet service,Yes,Yes,No,No internet service,No,Month-to-month,No,Credit card,1
2675,32,97.42511477006711,896.9680216223315,Female,0,Yes,Yes,No,No,Fiber optic,No internet service,Yes,No,Yes,No internet service,Yes,One year,Yes,Electronic check,1
2676,67,85.62029803736066,4740.1298291292715,Female,0,Yes,No,No,No phone service,No,No,No,No internet service,No internet service,Yes,No internet service,Month-to-month,Yes,Bank transfer,0
2677,67,67.16631827851603,3672.2432143573847,Male,0,No,No,Yes,Yes,Fiber optic,Yes,No internet service,No,No internet service,Yes,Yes,Month-to-month,Yes,Credit card,1
2678,28,77.16276933611655,6218.947587042164,Female,1,Yes,No,Yes,Yes,Fiber optic,No internet service,No,Yes,No internet service,No,No internet service,Month-to-month,Yes,Credit card,1
2679,44,24.640288601512566,1751.7702530539673,Male,0,Yes,No,Yes,No,DSL,Yes,Yes,No,No,Yes,No,Two year,Yes,Electronic check,0
2680,41,82.39595094320143,3679.938280009709,Female,0,No,Yes,No,Yes,Fiber optic,No internet service,Yes,No,No internet service,No internet service,No,Two year,Yes,Credit card,1
2681,63,82.60981019870468,1334.3285025901423,Male,1,No,No,Yes,No,DSL,Yes,Yes,No internet service,No internet service,Yes,Yes,Month-to-month,Yes,Electronic check,0
2682,23,109.12007974018094,7664.465099705689,Female,0,Yes,No,Yes,No phone service,Fiber optic,No internet service,No internet service,No internet service,Yes,No internet service,Yes,One year,Yes,Electronic check,0
2683,48,70.56563574302194,6252.031439708797,Female,0,No,No,Yes,No phone service,No,No internet service,No,No,Yes,No,Yes,One year,Yes,Mailed check,0
2684,32,27.714437408606102,5920.107169361033,Male,0,Yes,No,Yes,Yes,No,No,No,No,Yes,No internet service,No,Month-to-month,Yes,Bank transfer,1
2685,57,50.61959204820812,5552.6326536643355,Female,0,No,Yes,No,No phone service,Fiber optic,Yes,Yes,No,No,Yes,Yes,One year,Yes,Mailed check,0
2686,33,85.56294121143175,3444.357895484415,Male,0,No,Yes,No,Yes,Fiber optic,No internet service,No,Yes,Yes,No internet service,No internet service,Month-to-month,No,Bank transfer,1
2687,24,43.92588627514639,7393.931084054843,Female,0,Yes,Yes,No,Yes,Fiber optic,No,No internet service,No internet service,No internet service,No internet service,No internet service,Two year,Yes,Bank transfer,0
2688,39,48.052782185540096,676.0443942233426,Male,1,Yes,No,No,No,No,No,No internet service,Yes,Yes,Yes,No,Two year,Yes,Credit card,0
2689,34,102.04690163608535,6445.74666626372,Female,0,Yes,No,Yes,No,DSL,Yes,No,No internet service,No,No,No,Two year,No,Bank transfer,1
2690,56,78.4319731762709,1800.3385836352882,Female,0,Yes,Yes,No,Yes,DSL,Yes,No,No internet service,Yes,No internet service,Yes,One year,No,Electronic check,0
2691,28,70.85274317735725,2659.820849507399,Male,0,Yes,Yes,Yes,No phone service,Fiber optic,No,No,Yes,No internet service,Yes,Yes,Month-to-month,Yes,Mailed check,1
2692,37,51.845196680580436,4203.494858841736,Female,0,No,Yes,No,No phone service,No,Yes,No,Yes,Yes,No internet service,No internet service,One year,Yes,Credit card,0
2693,7,93.09280359330333,6282.974587339078,Male,0,No,Yes,No,Yes,DSL,Yes,No,No,Yes,No internet service,No internet service,One year,No,Credit card,1
2694,68,48.77184344900293,6724.42577046452,Male,0,Yes,Yes,Yes,Yes,Fiber optic,Yes,No,No internet service,Yes,No internet service,No,Two year,Yes,Bank transfer,0
2695,37,93.70635176441752,4711.484776264986,Female,0,Yes,No,Yes,No phone service,No,No internet service,Yes,No internet service,No,No,Yes,One year,No,Mailed check,0
2696,56,27.0101480267442,3283.980362584013,Female,0,Yes,No,No,No phone service,No,Yes,Yes,No internet service,No,No internet service,Yes,Month-to-month,No,Mailed check,1
2697,65,106.45413415820836,7577.369129085359,Female,0,No,Yes,Yes,No,DSL,Yes,Yes,No,No,Yes,Yes,One year,No,Mailed check,0
2698,65,69.95664633759327,2047.5182371310098,Male,0,No,No,No,No,No,No,No internet service,No internet service,No,Yes,Yes,Two year,No,Credit card,0
2699,47,63.850801669897,6444.44714945702,Male,0,Yes,No,Yes,No phone service,Fiber optic,No,No internet service,No internet service,No,No internet service,No internet service,One year,Yes,Mailed check,1
2700,20,81.10234115419246,4935.19200944041,Female,1,No,Yes,No,No,Fiber optic,No,No internet service,Yes,Yes,No,Yes,Month-to-month,No,Electronic check,1
2701,19,82.41920728962705,3077.4706333931886,Male,0,No,Yes,No,No,DSL,Yes,No internet service,Yes,Yes,Yes,No internet service,One year,No,Electronic check,0
2702,29,33.203517688999554,110.80707647194072,Female,0,Yes,Yes,No,Yes,No,Yes,Yes,No,No,No,No,Month-to-month,Yes,Bank transfer,0
2703,60,95.62335898162132,3628.1344806541515,Female,0,Yes,Yes,No,No,DSL,No,No,No internet service,No,No,Yes,Month-to-month,No,Bank transfer,1
2704,18,47.592829795006296,2286.087980584164,Female,0,No,No,Yes,No,DSL,No,No,No,Yes,Yes,No internet service,Two year,No,Electronic check,0
2705,35,110.4961880169914,924.3382452719288,Male,0,No,No,Yes,Yes,No,No internet service,No,Yes,No internet service,Yes,No internet service,Two year,No,Bank transfer,1
2706,43,101.78506634148324,693.7526661708703,Male,0,No,No,No,No phone service,DSL,No internet service,No internet service,No internet service,Yes,No,No internet service,Two year,No,Credit card,0
2707,11,54.62660415347485,2845.7107857616556,Female,0,No,No,No,No,No,No internet service,Yes,No internet service,No,No internet service,Yes,Two year,No,Electronic check,0
2708,49,100.77392932007145,4956.583371051123,Male,0,No,Yes,No,No,Fiber optic,Yes,No,No,Yes,No,No internet service,Two year,Yes,Credit card,0
2709,38,55.63904992999042,6716.402591381712,Female,0,Yes,No,Yes,No phone service,DSL,Yes,No internet service,No internet service,No,Yes,No internet service,Month-to-month,Yes,Mailed check,0
2710,64,30.094768163604062,1550.1496350838825,Female,0,No,Yes,No,No,No,No,No internet service,No internet service,Yes,No,No,Month-to-month,No,Credit card,1
2711,69,116.1888238725708,3454.6873733414923,Male,0,Yes,No,Yes,No phone service,No,No internet service,No internet service,Yes,Yes,Yes,Yes,Month-to-month,Yes,Mailed check,1
2712,8,85.260201521544,3196.453507123002,Female,0,Yes,No,Yes,Yes,No,Yes,No,No,Yes,No internet service,No internet service,Month-to-month,Yes,Electronic check,1
2713,34,65.60995266625918,4155.812672747274,Female,0,No,Yes,No,No phone service,DSL,No internet service,Yes,Yes,No internet service,No internet service,No internet service,One year,No,Bank transfer,0
2714,48,59.77733515310396,6495.739439395467,Female,0,Yes,Yes,Yes,No phone service,Fiber optic,No internet service,No,No,Yes,No internet service,Yes,Month-to-month,No,Bank transfer,1
2715,56,52.470533425826396,4473.797222193955,Female,0,No,Yes,No,No phone service,DSL,Yes,Yes,Yes,Yes,No internet service,Yes,Two year,No,Electronic check,0
2716,65,118.14475954291294,6788.573816668124,Female,0,Yes,No,No,Yes,Fiber optic,No internet service,Yes,No,No internet service,No internet service,No internet service,Month-to-month,No,Credit card,1
2717,31,33.474726513090744,4196.558872944925,Male,0,No,Yes,Yes,No phone service,DSL,No,No,No internet service,Yes,Yes,Yes,One year,No,Electronic check,1
2718,4,51.48050589205683,4870.3941849320445,Male,0,Yes,No,Yes,No phone service,DSL,No,No,No internet service,No internet service,No,Yes,One year,No,Mailed check,1
2719,50,68.54976402826635,3555.327615694619,Female,0,No,No,No,Yes,DSL,Yes,No internet service,No,No internet service,No internet service,Yes,Two year,Yes,Bank transfer,1
2720,69,67.79995450543115,6602.455084335506,Male,1,No,Yes,Yes,No,Fiber optic,No internet service,No internet service,No,No internet service,Yes,Yes,One year,Yes,Mailed check,1
2721,30,67.13664844078434,7398.234930280756,Female,0,Yes,No,Yes,No,No,No,No,No,Yes,No,Yes,One year,Yes,Electronic check,0
2722,59,37.57838158303818,5149.24343117285,Female,0,Yes,Yes,Yes,No phone service,DSL,No internet service,No,No,No,No,No internet service,Two year,No,Bank transfer,0
2723,67,34.49325271095006,6584.181348465941,Female,0,Yes,Yes,No,Yes,DSL,No,Yes,No internet service,Yes,No internet service,No internet service,Month-to-month,No,Mailed check,1
2724,45,45.47675863286201,566.1263385928924,Female,0,No,No,No,Yes,Fiber optic,No,Yes,No,No,No internet service,No,One year,No,Bank transfer,0
2725,4,111.4526153802056,7258.282836428595,Male,1,Yes,No,Yes,No phone service,DSL,No internet service,No internet service,No internet service,No,No,No,One year,No,Bank transfer,1
2726,26,31.305296783451013,1592.5080280290842,Male,1,Yes,No,No,No phone service,No,Yes,Yes,No internet service,No internet service,No,Yes,Month-to-month,No,Electronic check,1
2727,27,95.74251033733248,2126.5113758738826,Female,0,No,Yes,No,No,No,Yes,No,No,No internet service,Yes,Yes,Two year,Yes,Mailed check,0
2728,46,95.75483931333713,521.3075388332952,Male,1,No,Yes,Yes,No,Fiber optic,Yes,Yes,No internet service,No internet service,No internet service,No internet service,One year,Yes,Electronic check,1
2729,64,100.97704038972623,7726.660924095067,Female,1,Yes,Yes,Yes,No phone service,Fiber optic,No internet service,Yes,No,No internet service,No,No,One year,No,Credit card,1
2730,51,108.66154889893555,6830.885710958173,Male,0,Yes,No,Yes,Yes,No,No internet service,Yes,No internet service,Yes,No,Yes,Two year,Yes,Mailed check,0
2731,50,46.30361775389303,7314.158372319562,Female,1,No,Yes,No,No phone service,No,No internet service,No,No,Yes,No internet service,Yes,One year,Yes,Electronic check,1
2732,6,42.45594692688964,6793.007725304118,Female,0,No,No,No,Yes,No,Yes,No internet service,No,No,Yes,No,Month-to-month,Yes,Electronic check,1
2733,59,66.55056665274797,3888.291366498182,Female,0,No,Yes,Yes,No,Fiber optic,No internet service,Yes,Yes,Yes,Yes,No,One year,Yes,Credit card,1
2734,15,46.50891687520361,7400.247279317031,Male,0,Yes,Yes,No,No phone service,No,Yes,No,Yes,Yes,No internet service,Yes,One year,Yes,Electronic check,0
2735,30,93.43099889831075,7758.835281374788,Male,0,Yes,No,No,Yes,No,No,Yes,No,No,Yes,No,One year,Yes,Credit card,0
2736,42,83.59395767414335,4070.279116636241,Female,0,No,No,No,No,No,Yes,Yes,Yes,Yes,Yes,No,Month-to-month,No,Mailed check,1
2737,37,107.49876880526514,1487.4357724978217,Male,0,No,No,Yes,No phone service,DSL,Yes,No,No internet service,Yes,Yes,No,Month-to-month,Yes,Credit card,1
2738,42,28.273830348707158,5303.117820808446,Male,0,No,Yes,No,No phone service,Fiber optic,Yes,Yes,No,No internet service,No,No internet service,One year,No,Credit card,0
2739,35,111.50833333580748,7805.962489843208,Male,0,Yes,No,No,No,Fiber optic,No internet service,No,No,No internet service,No,Yes,Month-to-month,Yes,Electronic check,1
2740,6,49.334862667008956,6989.9601928851125,Male,0,Yes,No,Yes,No phone service,Fiber optic,Yes,No internet service,No,No,Yes,No,One year,No,Bank transfer,1
2741,68,69.0694345926984,6908.3398915526695,Male,0,Yes,No,No,No,Fiber optic,No,Yes,Yes,No internet service,No internet service,No,Two year,No,Electronic check,1
2742,18,63.86114359396437,7477.162332777528,Male,0,Yes,No,No,Yes,DSL,No,No,Yes,Yes,No internet service,Yes,Two year,No,Bank transfer,0
2743,29,96.03116511044239,7162.222858365122,Male,0,No,Yes,Yes,No phone service,DSL,No,Yes,No internet service,No internet service,No internet service,No internet service,One year,Yes,Mailed check,0
2744,59,62.033330943184254,6232.625145744514,Male,0,No,Yes,No,No,DSL,No,Yes,Yes,No internet service,Yes,Yes,Two year,Yes,Bank transfer,0
2745,47,114.35531456494094,5774.3553740784355,Male,0,Yes,No,Yes,No,DSL,No,Yes,Yes,No,No internet service,No,Month-to-month,No,Credit card,1
2746,17,110.25338826385754,2191.660672583559,Male,0,No,No,No,Yes,DSL,No,No,No internet service,Yes,No,No,One year,No,Bank transfer,1
2747,22,107.21611519695065,5008.586169284749,Male,0,No,Yes,No,No phone service,Fiber optic,Yes,No,No,No,No internet service,Yes,One year,Yes,Bank transfer,1
2748,68,27.125833264822788,4219.760111476527,Male,0,Yes,No,Yes,No,Fiber optic,No internet service,No,No,Yes,No internet service,No internet service,One year,No,Credit card,0
2749,69,105.42580615539394,6909.358323489831,Male,1,No,No,Yes,No,Fiber optic,No internet service,No internet service,No internet service,Yes,No,Yes,One year,Yes,Bank transfer,0
2750,37,98.16354454432106,3984.529330571569,Female,0,Yes,No,Yes,No,DSL,No,Yes,Yes,Yes,No,Yes,One year,No,Bank transfer,0
2751,49,30.351294700613103,1109.167831987244,Female,0,Yes,Yes,No,No phone service,No,Yes,No,No internet service,No internet service,Yes,Yes,Two year,Yes,Mailed check,0
2752,13,30.74143254362219,139.28263404655848,Male,0,Yes,Yes,No,No phone service,Fiber optic,No,Yes,No internet service,No,Yes,No internet service,Month-to-month,Yes,Mailed check,1
2753,34,30.11638115175412,5455.197651702455,Male,0,No,Yes,Yes,Yes,Fiber optic,No,Yes,No,Yes,Yes,Yes,Two year,Yes,Mailed check,1
2754,53,21.133259320448754,4444.276258304576,Male,0,Yes,No,Yes,Yes,No,No,Yes,Yes,No internet service,Yes,Yes,Month-to-month,No,Credit card,0
2755,51,74.86343051945835,2714.606944431742,Female,0,No,No,Yes,Yes,DSL,No,No,No,No,Yes,Yes,Month-to-month,Yes,Mailed check,1
2756,3,117.33942914360433,1434.8799852993338,Female,0,No,No,No,No phone service,No,No internet service,No internet service,No,No internet service,No,No,Month-to-month,No,Mailed check,1
2757,42,63.868470289979356,3787.0510469908268,Male,0,Yes,Yes,No,No,No,No internet service,No internet service,No internet service,No internet service,No,No internet service,Month-to-month,No,Credit card,0
2758,32,74.07575018873564,892.2631325833546,Male,0,Yes,Yes,Yes,No phone service,Fiber optic,Yes,No internet service,No,Yes,No,No,Month-to-month,Yes,Credit card,0
2759,51,116.79697967699555,2755.2570648470305,Male,1,Yes,No,No,No phone service,Fiber optic,Yes,No internet service,No,No,No internet service,No,One year,No,Credit card,1
2760,46,45.51822287742307,3095.774059261512,Male,0,Yes,No,No,No phone service,DSL,No,No,No,No internet service,No internet service,Yes,One year,No,Credit card,1
2761,21,105.8470252598263,3778.387689219901,Male,1,Yes,No,No,Yes,No,No internet service,No internet service,Yes,No internet service,No internet service,No,One year,No,Mailed check,0
2762,44,74.63904672117361,3786.30393557689,Female,0,No,No,Yes,No,DSL,No,No internet service,Yes,No internet service,Yes,Yes,One year,No,Electronic check,0
2763,11,76.94765146630107,2130.3445834467902,Male,0,No,No,No,No phone service,No,No internet service,No,No,No internet service,No internet service,Yes,Two year,No,Bank transfer,0
2764,68,54.31738572072835,6816.666754655702,Female,0,No,Yes,Yes,Yes,Fiber optic,No internet service,No,No internet service,Yes,Yes,Yes,Two year,No,Mailed check,0
2765,1,76.15843609669082,2908.79369942829,Male,0,Yes,Yes,Yes,No phone service,No,Yes,Yes,No internet service,Yes,Yes,No,One year,Yes,Electronic check,0
2766,63,27.31425094782839,1913.739740250879,Male,0,Yes,Yes,Yes,No,DSL,Yes,Yes,No,No,Yes,No internet service,One year,No,Mailed check,0
2767,24,96.46435726141122,1488.8980789436628,Female,0,No,Yes,Yes,Yes,No,No internet service,No internet service,Yes,No internet service,Yes,Yes,Month-to-month,No,Mailed check,0
2768,13,48.46877615442717,2648.369316576351,Female,0,Yes,No,Yes,No phone service,DSL,Yes,Yes,No internet service,Yes,No internet service,No internet service,Month-to-month,Yes,Credit card,0
2769,11,108.76083294939549,633.6677755225215,Male,0,No,Yes,Yes,Yes,No,No,No,No internet service,No,No,No internet service,Month-to-month,Yes,Electronic check,1
2770,51,56.785069460745845,359.96943154967613,Female,0,No,Yes,No,No,Fiber optic,No internet service,Yes,Yes,No,Yes,No,One year,No,Mailed check,0
2771,17,34.28241104868826,4880.6233547426555,Male,0,No,No,Yes,No,Fiber optic,No internet service,Yes,Yes,Yes,No internet service,Yes,One year,No,Bank transfer,1
2772,24,89.58815743684849,4991.262374788601,Female,0,Yes,Yes,No,Yes,DSL,No internet service,No,No internet service,Yes,Yes,No,Two year,Yes,Credit card,1
2773,19,36.45781447135029,4283.7468008424885,Female,0,Yes,No,No,No phone service,Fiber optic,No,No internet service,No,No internet service,Yes,No internet service,Month-to-month,Yes,Bank transfer,1
2774,37,95.36805155429904,6122.053042330622,Male,0,No,Yes,No,No,No,No internet service,Yes,No internet service,Yes,No,No internet service,Month-to-month,Yes,Electronic check,0
2775,8,116.81122364061166,409.289299788916,Male,0,Yes,No,No,No,No,Yes,Yes,Yes,Yes,Yes,No internet service,Two year,No,Mailed check,0
2776,28,97.95528687952617,7494.187554854794,Female,0,Yes,No,Yes,No phone service,Fiber optic,No,No internet service,Yes,Yes,No,Yes,Month-to-month,Yes,Bank transfer,0
2777,5,22.244924843132466,851.014473730778,Male,0,Yes,No,No,Yes,DSL,No internet service,Yes,Yes,No,No internet service,Yes,Month-to-month,No,Electronic check,1
2778,17,79.98857880527747,5424.781655709389,Female,0,No,Yes,Yes,Yes,No,No,No internet service,Yes,Yes,Yes,No,One year,Yes,Credit card,0
2779,36,89.54106709697243,1153.8330526323934,Female,0,No,Yes,Yes,No phone service,DSL,No,No,No,No,No,No internet service,Two year,No,Bank transfer,0
2780,19,102.54583257962852,7051.252923131559,Male,0,No,No,No,No,No,Yes,No,No internet service,No,Yes,Yes,Two year,Yes,Electronic check,0
2781,64,25.600230893900015,4134.634966865748,Female,0,No,Yes,Yes,No,DSL,Yes,No internet service,Yes,Yes,Yes,No internet service,Month-to-month,Yes,Electronic check,1
2782,11,68.01078279522864,750.1189740420107,Male,0,No,No,No,No phone service,DSL,Yes,No,Yes,No,Yes,Yes,Two year,No,Bank transfer,1
2783,54,73.53708726383942,4972.120490330581,Male,0,Yes,No,Yes,No phone service,No,No internet service,No,Yes,No internet service,No,No,Month-to-month,Yes,Mailed check,0
2784,45,36.91248626441781,171.96855666939308,Female,0,No,No,Yes,Yes,No,No internet service,No,No internet service,No internet service,No internet service,No internet service,Month-to-month,No,Electronic check,1
2785,47,52.24498097106496,6230.575209677932,Male,1,Yes,No,Yes,Yes,DSL,Yes,No,Yes,No,No,Yes,One year,Yes,Bank transfer,0
2786,12,64.02217262561652,5239.621394504375,Female,0,No,No,No,No phone service,No,Yes,No,No internet service,Yes,No internet service,No,One year,No,Credit card,0
2787,21,103.32096879578015,1779.7355199717076,Female,0,Yes,No,No,No,Fiber optic,No internet service,No,No,Yes,No,No,Month-to-month,No,Bank transfer,1
2788,11,112.94075660702069,3060.5322377911402,Male,0,Yes,No,Yes,Yes,No,Yes,Yes,Yes,No,No,Yes,Two year,No,Bank transfer,0
2789,5,82.8422828917673,161.6728864622331,Male,0,No,Yes,Yes,No phone service,DSL,No,Yes,No,Yes,No internet service,No,Two year,No,Electronic check,1
2790,56,59.494518602146215,5580.102138272519,Female,0,Yes,Yes,No,No,No,No,Yes,No internet service,No,No internet service,Yes,One year,No,Credit card,0
2791,20,45.40310177989859,2649.078286326782,Male,0,Yes,Yes,Yes,Yes,No,No,No,No,No internet service,No internet service,No internet service,Month-to-month,Yes,Mailed check,1
2792,41,118.21351844361504,4615.552430844082,Female,0,Yes,Yes,No,No phone service,DSL,No internet service,Yes,Yes,No,No,No,Month-to-month,No,Bank transfer,1
2793,46,118.30199980763584,7658.148260524256,Female,0,Yes,Yes,No,No phone service,No,Yes,No internet service,No,No,No internet service,No internet service,One year,No,Credit card,0
2794,12,112.49769482350348,2465.787032285921,Female,0,Yes,Yes,No,No,DSL,No,No internet service,No,No internet service,Yes,Yes,Month-to-month,Yes,Credit card,1
2795,70,98.56691498778193,7922.879284289815,Female,0,Yes,No,No,No,DSL,No internet service,No internet service,No,No internet service,Yes,No internet service,One year,Yes,Bank transfer,0
2796,17,52.57795437456183,5098.554249459775,Female,0,No,Yes,Yes,No phone service,DSL,Yes,Yes,No,No,Yes,No,Month-to-month,No,Electronic check,0
2797,19,101.70004834976307,2012.5004636554893,Male,0,Yes,No,No,No,DSL,Yes,No,No,No internet service,Yes,No,Two year,Yes,Mailed check,0
2798,26,60.87930172711726,3550.545275867936,Female,0,No,Yes,No,No phone service,Fiber optic,No,No internet service,No internet service,No internet service,No internet service,No,One year,No,Electronic check,1
2799,48,52.677309815504515,5949.579666830359,Female,0,Yes,No,No,No,Fiber optic,Yes,Yes,No internet service,Yes,No internet service,No,Month-to-month,Yes,Mailed check,1
2800,52,94.48653584662796,3627.175470696342,Female,0,Yes,Yes,No,No,DSL,Yes,Yes,Yes,No internet service,Yes,Yes,Month-to-month,Yes,Credit card,1
2801,70,27.96539276204229,641.2097819982639,Female,0,Yes,Yes,Yes,Yes,No,No,No,No internet service,No internet service,No internet service,No internet service,One year,No,Credit card,0
2802,55,24.856272329566167,1431.9689249220846,Female,0,Yes,Yes,No,Yes,Fiber optic,No,No,No internet service,No,Yes,Yes,Month-to-month,No,Electronic check,1
2803,33,64.79536971811856,6351.252191693169,Female,0,Yes,Yes,Yes,No,DSL,Yes,Yes,Yes,No internet service,No,No,Month-to-month,Yes,Mailed check,0
2804,62,64.56388008221619,5222.147298172685,Male,0,Yes,Yes,No,No phone service,Fiber optic,No internet service,No,No internet service,No,No internet service,No internet service,Month-to-month,No,Bank transfer,1
2805,23,109.5644153063835,4601.621270923856,Male,1,Yes,No,No,No,DSL,No internet service,No,Yes,Yes,No,No,One year,Yes,Electronic check,1
2806,15,32.61530962878168,1424.2135689676704,Female,0,Yes,No,Yes,Yes,Fiber optic,No,No,Yes,No,No internet service,No internet service,Two year,No,Mailed check,0
2807,27,32.32839274524128,6718.2838182676805,Female,0,No,Yes,No,No phone service,DSL,Yes,No,No internet service,No,No internet service,No internet service,Month-to-month,Yes,Bank transfer,1
2808,64,34.74526004749012,7689.846865731376,Female,0,No,No,Yes,No,Fiber optic,No,No,No,Yes,No internet service,No,One year,No,Bank transfer,0
2809,51,22.97362612946026,423.0080701762894,Male,0,No,No,No,No,Fiber optic,No internet service,Yes,Yes,Yes,No,Yes,One year,No,Mailed check,0
2810,53,27.17317378149084,716.451778165457,Female,1,No,No,Yes,No,No,No internet service,No internet service,No,No internet service,No,No,Month-to-month,Yes,Credit card,0
2811,51,85.9869866829039,7089.323576185062,Female,0,Yes,No,Yes,No,Fiber optic,Yes,Yes,Yes,No,Yes,No internet service,One year,No,Electronic check,0
2812,47,63.15843291175092,6542.862806853814,Female,0,Yes,Yes,Yes,Yes,No,No,Yes,No internet service,No,No,Yes,Month-to-month,Yes,Bank transfer,1
2813,4,96.36030670880136,4981.68219853922,Female,0,Yes,Yes,Yes,Yes,Fiber optic,No,Yes,No,No,No,Yes,One year,No,Credit card,1
2814,7,119.25977185816602,7565.225150990489,Female,1,No,No,Yes,Yes,DSL,No internet service,Yes,Yes,Yes,Yes,Yes,Two year,Yes,Mailed check,0
2815,35,85.90346810990013,5206.801566136825,Female,0,No,Yes,No,Yes,No,No,Yes,No internet service,No,No,Yes,Two year,No,Electronic check,0
2816,48,25.045557062012374,1806.2836782630764,Male,0,No,Yes,Yes,No phone service,Fiber optic,No,No,No,No internet service,No,No internet service,Two year,No,Bank transfer,1
2817,45,30.45628647543415,5856.274357363512,Female,0,Yes,Yes,Yes,No phone service,No,No,No internet service,No internet service,Yes,Yes,No internet service,Two year,Yes,Credit card,0
2818,19,108.10040848147078,5201.111723490534,Female,0,Yes,Yes,No,No phone service,DSL,Yes,No,No internet service,No,No,No,Two year,Yes,Mailed check,0
2819,63,72.74959445582616,7887.383145879232,Female,0,No,No,Yes,No,DSL,No internet service,No internet service,No,Yes,Yes,No internet service,Two year,No,Credit card,0
2820,38,102.483715939574,1789.7763173608548,Female,0,Yes,No,No,No phone service,DSL,No,Yes,Yes,Yes,No internet service,No,Two year,Yes,Bank transfer,1
2821,67,105.6612336224926,4823.290997264532,Female,0,Yes,No,No,Yes,DSL,Yes,Yes,Yes,Yes,No internet service,No internet service,Month-to-month,No,Electronic check,0
2822,59,112.76745414995192,6263.323425578468,Female,0,Yes,Yes,Yes,Yes,DSL,No,Yes,No internet service,No,No,No,Month-to-month,Yes,Electronic check,1
2823,69,114.98292054863657,2777.966405771549,Female,1,No,No,Yes,No,No,No,Yes,Yes,No,No internet service,Yes,Month-to-month,No,Bank transfer,0
2824,13,75.48257965033062,3099.468706476078,Female,0,Yes,No,Yes,No phone service,No,No internet service,Yes,No,No internet service,No,Yes,One year,Yes,Electronic check,0
2825,47,54.10201722560339,7114.424522793734,Female,0,No,No,Yes,No,Fiber optic,Yes,Yes,No,Yes,Yes,No internet service,One year,No,Electronic check,0
2826,61,116.18648743479986,3293.1395489101624,Male,0,No,No,Yes,No,Fiber optic,No,Yes,No internet service,No,Yes,Yes,Two year,Yes,Credit card,1
2827,31,74.74064060012253,5035.389529975354,Male,0,Yes,Yes,Yes,No phone service,DSL,No internet service,No internet service,No internet service,No,Yes,No,Two year,No,Mailed check,0
2828,22,26.425272295461106,7124.981286461922,Male,0,Yes,No,No,No,DSL,Yes,Yes,No,No internet service,No internet service,No,One year,Yes,Bank transfer,1
2829,43,84.2776550059865,1757.6300064154345,Female,0,Yes,Yes,No,No phone service,No,No,Yes,No,No,Yes,Yes,Two year,Yes,Bank transfer,1
2830,67,78.76847503950108,7856.830641185586,Male,0,No,Yes,No,No phone service,DSL,No internet service,Yes,No internet service,No,Yes,Yes,One year,Yes,Credit card,0
2831,54,109.5792872894706,5645.432918365574,Male,0,No,No,No,No,DSL,No,No internet service,No internet service,No,No,Yes,Two year,No,Credit card,0
2832,10,85.31871891578125,4019.361383717414,Male,0,Yes,Yes,Yes,Yes,DSL,No,No internet service,No,Yes,No,No internet service,Two year,Yes,Mailed check,1
2833,42,54.905242446155135,3504.272458372882,Male,0,Yes,Yes,Yes,No phone service,Fiber optic,Yes,Yes,No internet service,No internet service,No,No,Two year,Yes,Electronic check,0
2834,64,116.62257257058204,7639.480462856885,Female,0,No,No,No,Yes,No,No internet service,No,Yes,No internet service,No,No internet service,One year,Yes,Bank transfer,0
2835,21,100.16194859820335,1725.2261374843642,Male,0,No,No,Yes,Yes,Fiber optic,Yes,No internet service,No,No internet service,Yes,No internet service,Two year,No,Bank transfer,1
2836,66,83.04176183813544,2562.2977290830945,Male,0,No,No,Yes,No phone service,DSL,No,Yes,No,No,No,No,One year,No,Mailed check,1
2837,41,49.292520340312294,2531.5627688286054,Female,0,No,No,No,Yes,DSL,No internet service,No internet service,No internet service,No,No internet service,No,Two year,Yes,Credit card,0
2838,24,57.354029631429555,2383.1500444022613,Male,0,No,No,No,No,Fiber optic,No,No,No internet service,No,No internet service,No,Month-to-month,No,Credit card,0
2839,35,86.99699240966567,3801.4505572039448,Female,0,Yes,Yes,No,No,Fiber optic,No,Yes,No,Yes,No internet service,No internet service,Month-to-month,Yes,Electronic check,0
2840,56,27.198081846332173,7914.515942815882,Male,0,No,No,No,Yes,No,No,No internet service,No internet service,Yes,No,No,One year,Yes,Mailed check,0
2841,30,45.66805916502635,7121.415457058117,Male,0,No,Yes,Yes,No,DSL,No internet service,No,Yes,No internet service,Yes,Yes,Month-to-month,No,Bank transfer,0
2842,57,91.3900933396598,2690.8015897397404,Male,0,Yes,Yes,No,No phone service,DSL,No,No internet service,No internet service,Yes,No,No,Month-to-month,Yes,Electronic check,1
2843,47,68.0018509844621,3440.6739142680876,Female,0,No,No,Yes,No phone service,Fiber optic,No internet service,No internet service,No,Yes,No internet service,No internet service,Two year,Yes,Electronic check,0
2844,35,60.23935648144301,5388.897896448858,Male,0,No,Yes,No,Yes,No,No,Yes,No internet service,No,No,Yes,Two year,Yes,Mailed check,0
2845,19,35.14576224004145,235.49827750325142,Male,1,Yes,Yes,No,No,No,Yes,Yes,No,No,No internet service,Yes,Two year,No,Electronic check,0
2846,8,64.18490344777325,6579.213903616618,Female,0,No,No,No,Yes,DSL,No internet service,No internet service,Yes,No internet service,Yes,No internet service,One year,No,Bank transfer,1
2847,26,97.06919707602339,7050.404652764164,Male,0,Yes,No,Yes,No,DSL,No,No,No,No,Yes,No internet service,Two year,Yes,Bank transfer,1
2848,71,46.4012846071893,6871.882641163818,Male,0,No,Yes,Yes,No phone service,Fiber optic,Yes,Yes,Yes,No,Yes,No,Two year,Yes,Bank transfer,1
2849,30,20.53985421836774,3062.9296563957355,Male,0,No,Yes,Yes,No,DSL,No internet service,No internet service,Yes,Yes,Yes,Yes,One year,No,Credit card,1
2850,7,86.85049011509828,3749.796108177244,Male,0,Yes,Yes,Yes,No,Fiber optic,Yes,No internet service,Yes,No internet service,Yes,No,Two year,No,Electronic check,1
2851,67,117.26266044325526,197.86774303967104,Male,0,No,Yes,No,Yes,DSL,No,Yes,Yes,Yes,No,Yes,Month-to-month,No,Electronic check,1
2852,65,80.68265635885828,3255.223249544051,Female,1,No,Yes,No,No phone service,DSL,Yes,Yes,Yes,No internet service,Yes,No internet service,Two year,No,Bank transfer,0
2853,36,31.992185892713014,3737.371896696152,Female,0,Yes,No,No,No,DSL,No,No internet service,No internet service,No internet service,No,Yes,One year,Yes,Credit card,0
2854,25,52.07330923446731,7265.096915240982,Female,0,No,No,No,No phone service,No,No,Yes,Yes,No,No internet service,Yes,One year,No,Mailed check,0
2855,37,106.76416147202234,7162.502622682255,Male,0,No,No,Yes,No,DSL,No internet service,No internet service,No internet service,Yes,No internet service,Yes,Month-to-month,Yes,Bank transfer,1
2856,1,43.25680742568286,7732.1668062944855,Male,0,No,No,No,No phone service,DSL,No,No,No internet service,Yes,Yes,No,Two year,Yes,Mailed check,1
2857,15,80.7695903497608,7092.329382215111,Male,0,No,Yes,No,No,No,No,Yes,No internet service,No,No,Yes,Month-to-month,Yes,Bank transfer,0
2858,37,60.267120825399786,164.78560447840033,Male,1,No,No,No,No phone service,No,No internet service,Yes,No,No internet service,Yes,No,Two year,No,Mailed check,1
2859,13,40.7843721419649,5167.540733424536,Male,0,Yes,No,Yes,No,DSL,No internet service,No internet service,No,No internet service,No internet service,Yes,One year,No,Credit card,0
2860,8,101.34068935646796,639.0776965140223,Female,0,No,Yes,Yes,No phone service,No,No,Yes,Yes,No internet service,No,No,One year,No,Mailed check,1
2861,5,94.28312764656903,2253.494862401885,Female,0,No,Yes,Yes,No,No,No,No,No internet service,No internet service,No internet service,No,Month-to-month,No,Electronic check,1
2862,60,86.15910659592654,4668.630272817585,Female,1,Yes,Yes,No,No,No,No internet service,No internet service,No,No,No,Yes,One year,No,Mailed check,0
2863,1,43.63365902687512,5634.849165419557,Male,0,Yes,No,Yes,No phone service,No,No internet service,No,No internet service,No internet service,No internet service,No internet service,One year,Yes,Credit card,1
2864,36,29.785700271645005,5271.593004745052,Female,0,Yes,No,Yes,Yes,Fiber optic,Yes,No,No,Yes,Yes,No internet service,Two year,No,Electronic check,1
2865,35,77.61593298259662,487.5611025282815,Female,0,Yes,Yes,No,No,DSL,Yes,No,No internet service,No internet service,Yes,Yes,Month-to-month,Yes,Bank transfer,0
2866,66,75.36778335394334,918.4705695994611,Female,1,No,Yes,Yes,No,Fiber optic,Yes,No,No,No internet service,Yes,Yes,Month-to-month,Yes,Mailed check,1
2867,63,38.838500933487296,1115.8358221570597,Female,0,No,No,No,Yes,DSL,No internet service,No internet service,Yes,No internet service,No internet service,No internet service,Two year,No,Credit card,0
2868,23,25.624669431517248,822.1735764805597,Male,0,No,Yes,No,No,No,No internet service,Yes,Yes,No,No internet service,No,Two year,No,Credit card,1
2869,9,28.070845419398598,1508.0519438276458,Male,1,No,Yes,Yes,No phone service,Fiber optic,No internet service,No,Yes,No internet service,No internet service,No internet service,Month-to-month,Yes,Mailed check,1
2870,34,119.27709865127338,5539.053551361319,Female,0,No,Yes,No,Yes,No,Yes,No,No internet service,No,Yes,No internet service,One year,No,Credit card,1
2871,46,98.35838947428837,6663.614284157307,Female,0,No,No,No,No,No,No,No internet service,Yes,Yes,No internet service,No internet service,Month-to-month,Yes,Bank transfer,1
2872,4,112.19874759651726,3329.629731579941,Female,0,No,No,No,No phone service,No,No,No,Yes,No internet service,No internet service,No,Two year,Yes,Credit card,1
2873,30,39.50547222363633,5572.973900783914,Female,0,Yes,No,No,No phone service,DSL,No,No,No,No internet service,Yes,No internet service,Month-to-month,No,Bank transfer,1
2874,3,116.0568536323435,1680.1284640000295,Female,0,No,Yes,Yes,Yes,No,No internet service,No,No,Yes,No internet service,Yes,One year,Yes,Mailed check,0
2875,14,34.26543514731621,7788.913197903924,Female,0,Yes,Yes,No,Yes,DSL,No,No,No,No internet service,No,Yes,Month-to-month,Yes,Credit card,1
2876,60,70.9081828566471,2864.9804305751845,Female,0,Yes,No,Yes,Yes,DSL,No,Yes,Yes,No internet service,No internet service,No,Month-to-month,No,Mailed check,0
2877,45,102.9695684417064,6782.348559018197,Female,0,Yes,Yes,No,No phone service,No,No internet service,No,No,No,Yes,Yes,One year,Yes,Electronic check,0
2878,34,54.98033545115794,7568.394343772157,Female,0,No,Yes,No,No,DSL,No internet service,No internet service,No,No,No,No,One year,No,Electronic check,0
2879,45,62.48285331769005,6931.240306714888,Male,0,No,No,No,No phone service,Fiber optic,No internet service,Yes,Yes,Yes,Yes,No internet service,One year,No,Mailed check,0
2880,61,32.818511029909786,629.8344471682825,Female,0,Yes,Yes,No,No phone service,DSL,No internet service,No internet service,No,No,Yes,No internet service,One year,Yes,Mailed check,0
2881,16,32.29218799989727,5237.426542727323,Male,0,No,Yes,No,Yes,No,No internet service,Yes,No internet service,No,Yes,Yes,Two year,Yes,Bank transfer,1
2882,66,81.95682247786596,1048.7165819152542,Male,0,No,Yes,No,No,No,Yes,Yes,No,Yes,No,Yes,Month-to-month,No,Bank transfer,1
2883,40,87.55323686200568,144.73770415379403,Female,1,Yes,Yes,No,No phone service,Fiber optic,No internet service,No,No internet service,Yes,No,No internet service,Month-to-month,Yes,Electronic check,1
2884,17,97.73325140821933,509.08920715023277,Female,0,Yes,No,Yes,Yes,Fiber optic,No,No,No,No internet service,Yes,No internet service,Month-to-month,No,Credit card,1
2885,34,75.66820526817536,7337.578651931753,Male,0,No,Yes,Yes,Yes,DSL,No,No internet service,No,No internet service,No internet service,Yes,Month-to-month,Yes,Electronic check,1
2886,16,84.5759292261306,7276.86176265711,Male,0,Yes,No,Yes,No,DSL,Yes,Yes,No internet service,No internet service,No,No,Month-to-month,Yes,Credit card,1
2887,60,21.351727169972005,1884.012663335867,Female,0,Yes,No,No,No,Fiber optic,No internet service,Yes,Yes,No internet service,Yes,No,Two year,No,Bank transfer,0
2888,66,36.21707271371881,4421.7835969091475,Male,0,Yes,No,Yes,Yes,No,No,No,No internet service,No,No internet service,No,Two year,Yes,Bank transfer,1
2889,66,118.49147660169047,7644.723271900817,Female,0,No,No,No,No,No,No,Yes,Yes,No,Yes,Yes,Month-to-month,No,Bank transfer,0
2890,13,27.599350631583178,4023.978424604424,Female,0,No,Yes,Yes,No,Fiber optic,No internet service,No,No,Yes,No,No,Month-to-month,No,Credit card,1
2891,56,87.8788222260245,3209.264779151488,Male,0,Yes,Yes,Yes,No phone service,Fiber optic,Yes,No,Yes,Yes,No,No,Month-to-month,No,Bank transfer,1
2892,31,37.608263303171626,3917.664682952534,Female,0,Yes,No,No,No,No,No internet service,No internet service,Yes,No,No internet service,No internet service,Two year,Yes,Credit card,0
2893,34,91.6718585767642,6342.704516260359,Male,0,No,No,No,Yes,No,No internet service,No,No internet service,No internet service,No,No internet service,Month-to-month,No,Credit card,1
2894,39,90.59904029619935,3870.4932970125587,Female,0,No,No,No,No,DSL,No internet service,No,Yes,No internet service,Yes,No internet service,One year,Yes,Credit card,0
2895,67,43.41990597880902,6287.893682130719,Female,0,No,No,No,No phone service,Fiber optic,No internet service,Yes,Yes,No internet service,Yes,No internet service,Two year,Yes,Credit card,0
2896,8,46.96343992192042,3510.40982056337,Male,0,No,Yes,No,No,Fiber optic,No internet service,No internet service,No internet service,No internet service,No internet service,No internet service,One year,Yes,Bank transfer,0
2897,55,85.47707136020883,2090.8448025699245,Male,0,No,No,Yes,No phone service,Fiber optic,Yes,No internet service,Yes,Yes,No internet service,Yes,One year,No,Bank transfer,1
2898,27,59.00860387802136,2679.134565567103,Female,1,No,No,No,No,No,No,No internet service,Yes,No,No internet service,No,One year,No,Electronic check,0
2899,53,39.45479696999113,714.8053706336109,Female,1,Yes,Yes,No,No,DSL,No internet service,No,No internet service,Yes,No internet service,No,Two year,Yes,Bank transfer,0
2900,39,93.16795987874818,4029.3110408332836,Male,0,Yes,No,No,Yes,No,No,No internet service,No internet service,No,Yes,Yes,One year,Yes,Credit card,0
2901,65,35.41475243363342,1270.0763066232817,Female,0,Yes,Yes,Yes,Yes,Fiber optic,No,No,No internet service,No internet service,Yes,No,Month-to-month,Yes,Mailed check,1
2902,17,105.56436641449466,6511.2213500443895,Male,0,No,Yes,No,No,Fiber optic,No internet service,No,Yes,Yes,Yes,No,Month-to-month,No,Credit card,1
2903,30,71.46695240518275,3422.6655358394637,Male,0,Yes,Yes,Yes,No,Fiber optic,No,No,No,No,Yes,No,One year,No,Mailed check,0
2904,53,30.57006038793007,6143.5183595346125,Male,0,Yes,No,Yes,No phone service,Fiber optic,No internet service,No,No internet service,No,No internet service,No internet service,Two year,No,Credit card,1
2905,13,89.40723335309843,7640.237377555204,Female,0,Yes,Yes,Yes,No phone service,Fiber optic,No internet service,No internet service,No internet service,No,No,No internet service,Month-to-month,Yes,Mailed check,1
2906,21,71.91630395745405,6810.875802734564,Male,0,Yes,Yes,Yes,Yes,No,No internet service,No internet service,Yes,No,Yes,Yes,Two year,Yes,Mailed check,0
2907,19,49.80575717948095,7616.563069991976,Female,0,Yes,No,No,No,DSL,Yes,Yes,No,No internet service,No,No internet service,Month-to-month,Yes,Electronic check,1
2908,53,62.25393802238548,4586.698562278769,Male,0,Yes,No,No,No,Fiber optic,No internet service,No internet service,No,No internet service,No internet service,No,Two year,Yes,Mailed check,0
2909,19,49.83377435874988,1406.0630284462807,Female,0,Yes,No,No,No phone service,Fiber optic,No internet service,Yes,Yes,No,No internet service,Yes,Month-to-month,No,Electronic check,0
2910,57,46.3025835742784,7489.628038051234,Female,0,No,No,No,No,Fiber optic,No,No internet service,No internet service,No,No,No,One year,No,Credit card,1
2911,25,36.360842084371214,6961.18468571449,Male,0,Yes,Yes,Yes,No,No,Yes,No internet service,Yes,No,No internet service,No,One year,No,Credit card,0
2912,31,56.276713313747585,6928.862629428735,Male,0,Yes,No,Yes,No,No,No,No internet service,No,No internet service,No,Yes,One year,Yes,Mailed check,1
2913,55,45.09872063160707,5576.867976528876,Male,0,No,Yes,No,No phone service,Fiber optic,No,No,No internet service,Yes,Yes,No,Two year,Yes,Credit card,0
2914,23,88.34344870539171,5036.838471270027,Female,1,Yes,Yes,No,No phone service,Fiber optic,No internet service,No internet service,No,No,No internet service,Yes,One year,Yes,Bank transfer,1
2915,32,88.38767411633063,216.31874570451882,Female,0,No,No,No,No phone service,Fiber optic,Yes,No internet service,No,Yes,No internet service,Yes,Two year,No,Bank transfer,0
2916,62,70.18402425556384,6009.627145796118,Female,0,Yes,No,Yes,No,Fiber optic,Yes,Yes,No,No internet service,No,No,Month-to-month,Yes,Bank transfer,0
2917,10,97.79445274703211,823.1274281141654,Male,0,No,No,Yes,No phone service,Fiber optic,No internet service,No internet service,No,No internet service,No,No,Month-to-month,Yes,Credit card,1
2918,54,104.13397190060482,2152.032395210349,Male,0,Yes,No,Yes,Yes,No,Yes,No,No internet service,No internet service,No,No,Two year,Yes,Bank transfer,0
2919,52,77.97664574342731,4456.7733332755615,Male,1,Yes,Yes,No,Yes,Fiber optic,No internet service,No internet service,No internet service,No internet service,No,No,One year,Yes,Electronic check,0
2920,20,81.89351627634338,3668.6874205207287,Male,0,Yes,No,Yes,No phone service,Fiber optic,Yes,Yes,No internet service,No internet service,No,Yes,Two year,Yes,Credit card,0
2921,32,48.28859097863652,224.6176791944231,Male,0,Yes,Yes,Yes,No phone service,Fiber optic,Yes,No internet service,Yes,Yes,No internet service,No internet service,Two year,No,Bank transfer,1
2922,14,109.48692007055197,6609.481961768527,Female,0,Yes,Yes,Yes,No,No,No internet service,No internet service,No internet service,Yes,No,No,Two year,Yes,Credit card,0
2923,50,22.420604442252984,7042.527568878819,Male,0,No,No,No,No phone service,Fiber optic,Yes,Yes,No,Yes,Yes,Yes,Month-to-month,Yes,Bank transfer,1
2924,28,54.86024694428457,5486.796253624459,Female,1,Yes,No,Yes,No phone service,No,Yes,No internet service,No,Yes,No,No internet service,Month-to-month,Yes,Electronic check,0
2925,53,92.1800421549856,4374.436083388897,Male,0,No,No,No,Yes,DSL,Yes,Yes,No internet service,No,No internet service,Yes,Month-to-month,Yes,Mailed check,0
2926,24,28.008950967116125,7689.828927305824,Male,0,Yes,Yes,No,Yes,No,No,Yes,No internet service,No internet service,Yes,No internet service,One year,No,Electronic check,1
2927,22,38.31695274282926,1047.6540412107163,Male,0,Yes,Yes,No,Yes,Fiber optic,No internet service,No,Yes,Yes,No internet service,No internet service,Month-to-month,Yes,Mailed check,1
2928,30,78.92857278628512,5929.489423953413,Male,0,Yes,Yes,Yes,Yes,No,No,No,No internet service,Yes,No,No internet service,Month-to-month,No,Bank transfer,0
2929,63,75.9993671463558,1114.048841872063,Male,0,No,No,No,No phone service,Fiber optic,Yes,Yes,Yes,No,No internet service,No,Two year,No,Electronic check,0
2930,4,93.8928296130955,3116.5739114949843,Female,1,No,No,Yes,Yes,No,Yes,No,No internet service,No,No internet service,No internet service,One year,No,Mailed check,1
2931,59,101.26126390881718,4725.327622450732,Male,0,No,No,Yes,No,No,No,No,Yes,No internet service,No,No internet service,Two year,No,Electronic check,0
2932,8,32.857957851166915,5922.992754984383,Female,0,No,No,No,No,DSL,Yes,Yes,No internet service,No internet service,No internet service,Yes,Two year,No,Credit card,1
2933,12,21.838098977524204,129.35719214867353,Female,0,No,No,No,No phone service,No,Yes,No internet service,No internet service,No,No internet service,No,Two year,No,Mailed check,0
2934,31,88.96385196589061,2158.723302337032,Female,0,Yes,No,No,No,DSL,No internet service,No internet service,No internet service,No,No internet service,Yes,Two year,Yes,Bank transfer,0
2935,34,50.139179576635925,4351.783092137581,Female,0,Yes,No,Yes,Yes,DSL,Yes,No internet service,Yes,No,Yes,No,Month-to-month,Yes,Credit card,1
2936,49,82.59839139179536,4309.702065375905,Male,0,No,Yes,No,Yes,No,No internet service,No,No,No internet service,No internet service,No,One year,No,Bank transfer,1
2937,57,35.05445880622247,5137.248836075486,Male,0,No,Yes,Yes,No,No,No internet service,No,Yes,No,No,No,Month-to-month,No,Bank transfer,1
2938,26,66.90400466659628,2500.443288858957,Male,0,Yes,Yes,No,No phone service,No,No,No internet service,No internet service,Yes,No,No internet service,Two year,No,Credit card,1
2939,18,70.4424746063437,4370.181083602592,Male,0,Yes,Yes,Yes,Yes,DSL,No,Yes,No,No internet service,No internet service,No,Month-to-month,Yes,Mailed check,1
2940,38,78.50778163732161,1599.3155417331534,Male,1,No,No,No,Yes,Fiber optic,Yes,Yes,Yes,No internet service,No,No,One year,Yes,Credit card,0
2941,50,71.31700163305644,1576.2904937872981,Female,0,No,No,No,No,Fiber optic,No,Yes,Yes,Yes,Yes,No,Month-to-month,No,Bank transfer,1
2942,8,69.5690770228714,4654.855311038594,Male,0,Yes,No,Yes,No phone service,DSL,No internet service,No,No,Yes,No,No,Month-to-month,No,Electronic check,1
2943,41,53.27341539838555,5515.233421858195,Male,0,No,Yes,No,No phone service,DSL,No,No internet service,No internet service,No internet service,No,Yes,One year,Yes,Mailed check,0
2944,6,27.118023631808622,1051.1597367821746,Female,0,Yes,No,No,No,No,No internet service,Yes,No,No internet service,No internet service,No internet service,Two year,Yes,Electronic check,1
2945,69,28.95201967968423,1070.0402250433644,Male,0,No,Yes,No,Yes,No,No,No internet service,No internet service,No,Yes,No,Two year,No,Mailed check,0
2946,44,63.377827440715365,4565.891262537559,Male,1,No,Yes,No,No,Fiber optic,Yes,No internet service,No,No,Yes,No internet service,Two year,No,Mailed check,0
2947,64,55.5793127820993,2233.7564430408,Female,0,Yes,Yes,Yes,No,Fiber optic,No,No,Yes,Yes,No,No internet service,One year,No,Electronic check,1
2948,29,71.61348046744978,3199.9529077048037,Male,0,Yes,No,Yes,No,Fiber optic,Yes,Yes,Yes,Yes,No,No,Month-to-month,Yes,Bank transfer,1
2949,28,50.4838169256267,3265.9127364158653,Female,0,No,No,Yes,Yes,No,No,No,Yes,Yes,No internet service,No,Two year,Yes,Credit card,0
2950,11,88.79100914553243,1510.5675883508393,Female,0,Yes,Yes,Yes,Yes,No,No internet service,No internet service,No internet service,Yes,No internet service,No internet service,One year,Yes,Electronic check,0
2951,65,106.39548220095105,110.38560410194881,Male,0,No,Yes,Yes,No,DSL,No,No internet service,No internet service,No,Yes,No internet service,One year,Yes,Bank transfer,1
2952,19,49.886318878686765,6839.899298755157,Female,0,No,No,No,No phone service,No,No,No internet service,No,No internet service,No internet service,Yes,One year,No,Electronic check,0
2953,9,39.29840079390286,5748.515554291737,Male,0,Yes,Yes,Yes,No,Fiber optic,No internet service,Yes,No internet service,No,Yes,No internet service,Two year,Yes,Credit card,1
2954,27,31.618057425408914,5555.254609112968,Male,0,Yes,No,No,Yes,DSL,No internet service,Yes,No internet service,Yes,Yes,No,One year,No,Credit card,0
2955,34,81.62540405708125,4417.390591095225,Male,0,Yes,Yes,Yes,No phone service,No,No,Yes,No,No,No,No internet service,Two year,No,Mailed check,0
2956,44,64.38559911405693,5637.660271167151,Female,0,No,No,No,No phone service,Fiber optic,No internet service,No internet service,No internet service,Yes,Yes,No,Month-to-month,No,Electronic check,0
2957,68,38.801571719628896,7491.938182626243,Female,0,Yes,Yes,Yes,Yes,No,No internet service,No internet service,No,No,Yes,Yes,One year,No,Electronic check,0
2958,15,85.31367332918553,5358.8225162114,Female,0,Yes,No,No,Yes,DSL,No,Yes,No internet service,No internet service,Yes,No,One year,No,Mailed check,1
2959,51,34.84831830052844,2194.2220752268545,Female,1,Yes,Yes,Yes,No,No,Yes,No internet service,No internet service,Yes,Yes,No,Two year,Yes,Bank transfer,1
2960,13,75.43007058479526,4607.424408753094,Female,0,No,No,No,Yes,Fiber optic,No,No internet service,Yes,No,No,No internet service,Two year,Yes,Bank transfer,1
2961,49,72.71483816252646,3594.3627865930603,Female,0,Yes,Yes,No,No phone service,DSL,No,No internet service,No internet service,Yes,No internet service,No internet service,Two year,No,Mailed check,0
2962,70,93.42278011860833,4495.711135785981,Female,1,Yes,No,No,No,Fiber optic,Yes,Yes,No,No internet service,No internet service,No,Month-to-month,No,Bank transfer,0
2963,56,25.510963994066675,4189.122771561319,Female,0,Yes,Yes,No,No,DSL,No,No,No,Yes,Yes,Yes,Two year,Yes,Bank transfer,0
2964,51,108.78729318513304,6884.3247533048725,Female,0,Yes,Yes,No,No phone service,No,No,No,Yes,No internet service,No internet service,No,One year,Yes,Bank transfer,1
2965,37,90.29917261468195,5249.22081671043,Female,1,No,Yes,Yes,Yes,No,No internet service,No,No,No,No internet service,No,Month-to-month,No,Mailed check,0
2966,17,41.61259983487622,1591.1919756794211,Female,0,No,Yes,No,No,Fiber optic,No,Yes,Yes,No internet service,Yes,No,Two year,Yes,Credit card,0
2967,58,38.34053486097397,597.8325531154295,Male,1,No,Yes,No,No phone service,No,Yes,No internet service,No internet service,Yes,Yes,No,Two year,No,Mailed check,1
2968,29,63.16602141437834,3452.473930582641,Female,0,No,Yes,No,No phone service,DSL,Yes,No,Yes,No,No internet service,Yes,One year,No,Electronic check,0
2969,33,101.75653295445969,223.32391583606102,Male,0,Yes,No,Yes,No phone service,No,No internet service,No,No internet service,Yes,No,No,One year,Yes,Electronic check,1
2970,60,104.29499931391071,2614.5493480833516,Male,0,No,No,No,Yes,No,No,Yes,No,Yes,No internet service,No,Two year,No,Electronic check,0
2971,55,72.0456092139383,3007.3696085698825,Male,1,Yes,Yes,No,Yes,No,No,No internet service,Yes,No,Yes,No,Month-to-month,Yes,Bank transfer,1
2972,10,106.08108626867374,3067.1521046783987,Male,0,No,No,Yes,Yes,No,No,No internet service,No,No internet service,No internet service,No internet service,Two year,Yes,Electronic check,1
2973,47,20.544370919169058,7836.8651921587525,Female,0,Yes,Yes,Yes,Yes,No,No,Yes,No,No internet service,No internet service,No internet service,Month-to-month,No,Bank transfer,0
2974,23,23.51746315315966,2500.816928082499,Male,0,Yes,Yes,No,No phone service,No,Yes,No,No,No,No,Yes,One year,No,Bank transfer,0
2975,21,111.18215936367427,2195.297213491108,Male,0,Yes,No,No,No,No,Yes,No internet service,No,No,No internet service,Yes,One year,No,Bank transfer,0
2976,13,97.53319298859161,1122.1093554335757,Male,0,No,Yes,Yes,No phone service,No,No internet service,No internet service,No,Yes,No internet service,No,Month-to-month,Yes,Electronic check,1
2977,33,65.07060582503857,4136.969801892641,Female,1,No,Yes,No,No,Fiber optic,No,No,Yes,Yes,Yes,Yes,Month-to-month,No,Electronic check,1
2978,24,95.36101314779872,1314.0270190876033,Male,0,No,No,No,No,Fiber optic,Yes,Yes,No,No,No,No,One year,Yes,Electronic check,1
2979,11,115.56394617234216,4968.728230573198,Male,0,Yes,Yes,No,No,No,No,No,Yes,No,No internet service,Yes,Month-to-month,Yes,Bank transfer,1
2980,17,97.20895238812851,1325.7622536129613,Female,0,No,Yes,Yes,Yes,Fiber optic,Yes,No internet service,Yes,Yes,No internet service,No internet service,One year,No,Bank transfer,0
2981,68,104.2371333818322,4655.71921029769,Female,0,Yes,No,No,No phone service,No,Yes,Yes,Yes,Yes,Yes,No,Two year,Yes,Credit card,0
2982,47,96.06065813900618,6627.526989479547,Female,0,No,No,No,No,No,No internet service,No,No,No internet service,Yes,No,Month-to-month,No,Credit card,0
2983,25,36.82110924335416,435.9446048008318,Female,0,No,Yes,Yes,No phone service,No,No,No,No,No,No,No internet service,Month-to-month,No,Mailed check,1
2984,21,103.35741096457367,3416.0011018538266,Female,0,No,Yes,Yes,Yes,Fiber optic,No internet service,Yes,Yes,Yes,No,Yes,One year,Yes,Mailed check,1
2985,12,39.510882002421,3742.2868410288,Female,0,No,Yes,Yes,No,DSL,No internet service,No internet service,No,No internet service,No,No,Month-to-month,No,Bank transfer,0
2986,37,109.2611328044147,6349.469933477088,Female,0,No,Yes,No,Yes,No,No internet service,Yes,Yes,Yes,Yes,No internet service,Month-to-month,No,Mailed check,0
2987,42,65.8649898081076,3796.533492369799,Female,0,Yes,Yes,No,Yes,No,No internet service,Yes,No,No,Yes,Yes,Two year,No,Credit card,0
2988,17,87.69767523110285,4583.532713004929,Female,0,No,Yes,Yes,No phone service,DSL,No internet service,No internet service,No,No internet service,Yes,Yes,One year,No,Credit card,0
2989,48,69.72408478806435,6350.513603345762,Male,0,No,Yes,No,No,Fiber optic,No internet service,No,Yes,Yes,Yes,Yes,Month-to-month,No,Bank transfer,1
2990,28,29.399092941660204,4522.092094141397,Female,0,No,No,Yes,Yes,DSL,No internet service,Yes,No,No,No,No,Two year,No,Mailed check,0
2991,41,49.07223076206651,2930.5653668047007,Male,0,Yes,Yes,No,No phone service,No,No,Yes,Yes,No,No,No internet service,Two year,No,Bank transfer,0
2992,47,118.3731853997006,778.1539932026,Male,0,No,Yes,No,No,DSL,No internet service,No,Yes,No,No,No,Two year,Yes,Mailed check,1
2993,18,116.07147516698174,5866.333473149363,Female,0,No,No,No,No,No,No,No internet service,No,No,Yes,Yes,Month-to-month,No,Bank transfer,0
2994,71,52.04868976555473,6981.991386281025,Female,1,Yes,Yes,No,Yes,Fiber optic,No,No,No,No internet service,Yes,No,One year,No,Credit card,0
2995,13,119.62968042452258,7763.509842459296,Female,0,No,Yes,No,Yes,Fiber optic,Yes,No,Yes,Yes,Yes,Yes,Two year,Yes,Electronic check,0
2996,13,104.55511954968996,7420.139058095389,Female,0,Yes,No,No,Yes,Fiber optic,No internet service,Yes,Yes,Yes,Yes,Yes,Month-to-month,No,Mailed check,1
2997,31,81.09594994322546,6399.601479782665,Male,0,Yes,Yes,Yes,Yes,No,No,Yes,Yes,No,No internet service,No internet service,One year,No,Bank transfer,0
2998,2,24.01246202610095,5183.428264741253,Male,0,No,No,No,No,Fiber optic,Yes,No internet service,No internet service,Yes,No,No,One year,Yes,Credit card,0
2999,16,110.14468295383796,6273.535152062043,Female,0,Yes,No,Yes,Yes,DSL,Yes,Yes,No,No,No,No internet service,Two year,No,Credit card,1
3000,9,75.74292792643197,3513.461331531337,Male,1,No,No,No,Yes,Fiber optic,No internet service,No,No internet service,Yes,No internet service,No,Month-to-month,Yes,Credit card,1
3001,38,106.84761512027696,4798.732096847596,Female,0,Yes,No,Yes,Yes,No,No internet service,No,Yes,Yes,No,No,Two year,No,Electronic check,0
3002,54,103.44291199057423,2854.728492199563,Male,0,No,No,Yes,No,DSL,No internet service,No internet service,No internet service,Yes,Yes,No,One year,Yes,Bank transfer,0
3003,56,103.3006215201086,2681.0027983450236,Male,0,Yes,No,No,No phone service,DSL,No internet service,Yes,Yes,No internet service,No,Yes,Month-to-month,No,Electronic check,1
3004,45,89.8173860714905,6077.865008880667,Female,1,Yes,No,No,No phone service,DSL,No,Yes,No internet service,No,Yes,No internet service,Two year,Yes,Bank transfer,1
3005,34,49.141513867604864,3686.0689801981375,Female,0,Yes,Yes,No,No,DSL,No,No internet service,No internet service,No internet service,Yes,No internet service,One year,Yes,Credit card,1
3006,9,53.616025774451984,1776.0739771551307,Male,0,No,No,Yes,No phone service,No,No internet service,No internet service,No,Yes,Yes,No internet service,Month-to-month,Yes,Bank transfer,0
3007,8,50.84692125826864,1695.3114793407403,Female,1,Yes,No,No,No,Fiber optic,No internet service,Yes,No,No internet service,No internet service,Yes,Month-to-month,No,Credit card,1
3008,7,22.00459995325647,6887.4616564024755,Male,0,No,Yes,No,Yes,DSL,No,No internet service,No internet service,No internet service,No,No,Two year,Yes,Bank transfer,1
3009,36,78.25689092148112,5454.3079054651025,Female,0,No,Yes,No,No phone service,Fiber optic,No internet service,No,Yes,No internet service,Yes,No,Two year,No,Mailed check,0
3010,18,89.88336704460329,4413.763979529115,Female,0,Yes,No,No,No,Fiber optic,Yes,No internet service,No,Yes,No,Yes,One year,Yes,Electronic check,1
3011,3,105.38659935252035,3267.4160143712393,Female,1,No,No,Yes,No,Fiber optic,No,No,No internet service,No internet service,No internet service,No,Two year,No,Electronic check,1
3012,28,34.01654333827304,3503.4573872182937,Female,1,No,No,No,Yes,Fiber optic,Yes,No,Yes,Yes,No,No,Month-to-month,Yes,Electronic check,1
3013,70,74.41831489768018,553.738034140056,Female,0,Yes,No,Yes,No,No,Yes,No,No,No,No,No internet service,Two year,Yes,Mailed check,0
3014,44,20.800814067378287,3693.790144455958,Female,0,No,Yes,Yes,No phone service,DSL,Yes,Yes,No internet service,Yes,No,Yes,Month-to-month,Yes,Mailed check,0
3015,21,29.509364771072946,6384.093793914447,Female,0,No,Yes,No,Yes,DSL,Yes,No,Yes,Yes,No,No,One year,Yes,Credit card,0
3016,28,25.421174420599307,3165.0931927530464,Male,0,Yes,No,No,No,Fiber optic,No internet service,No internet service,Yes,Yes,No internet service,Yes,Two year,No,Credit card,0
3017,54,92.54780340154869,3130.2918950917374,Female,0,Yes,Yes,Yes,Yes,DSL,No internet service,No,No internet service,No,No,Yes,Month-to-month,No,Electronic check,0
3018,54,28.105956387760315,224.16100585237362,Male,0,Yes,Yes,No,No,Fiber optic,No internet service,Yes,Yes,No,Yes,No,One year,Yes,Mailed check,0
3019,65,91.645298155879,3716.898574208742,Female,0,Yes,Yes,Yes,No phone service,No,No internet service,Yes,No internet service,Yes,No internet service,No,Month-to-month,Yes,Mailed check,0
3020,21,44.962470441058336,300.1674582889382,Male,0,No,Yes,Yes,No phone service,DSL,No,Yes,Yes,Yes,No,Yes,One year,No,Electronic check,1
3021,13,107.77129606969395,4605.7604812692125,Female,0,No,No,No,Yes,Fiber optic,No internet service,Yes,No internet service,No,No,Yes,Two year,No,Bank transfer,1
3022,57,101.31499883638142,4103.588714500282,Female,1,No,Yes,No,No,DSL,No,No internet service,No,No,Yes,No,One year,No,Credit card,1
3023,49,115.78302174752766,6736.067141499591,Male,0,Yes,Yes,No,Yes,Fiber optic,Yes,Yes,Yes,Yes,No internet service,No internet service,Month-to-month,Yes,Credit card,1
3024,54,108.37620154580318,4696.066826313197,Female,0,No,No,Yes,Yes,DSL,No,No internet service,No internet service,No,No internet service,No,Month-to-month,No,Bank transfer,1
3025,10,113.33294191163472,2655.0761070455,Female,0,Yes,Yes,Yes,No phone service,No,No internet service,Yes,No internet service,Yes,Yes,Yes,One year,Yes,Electronic check,0
3026,53,105.87423965133077,4178.224974393622,Female,0,No,No,No,Yes,DSL,Yes,Yes,Yes,Yes,No,Yes,Two year,No,Mailed check,1
3027,44,89.33819006148553,5627.680210424359,Female,0,Yes,No,No,No,No,Yes,No internet service,No,Yes,No,No,Month-to-month,Yes,Credit card,1
3028,47,37.025915212543595,842.3139837420241,Female,0,No,Yes,Yes,No phone service,No,No internet service,No,No internet service,No,No internet service,No,Two year,No,Mailed check,0
3029,53,47.170751885409295,5006.4852989164265,Male,0,No,Yes,Yes,No,Fiber optic,Yes,No internet service,No,No,No internet service,Yes,One year,Yes,Electronic check,0
3030,46,41.27269661302731,7341.347627626035,Female,0,Yes,No,No,Yes,Fiber optic,Yes,No,Yes,No,No,Yes,One year,Yes,Electronic check,0
3031,13,80.35857876582057,2463.1293354868308,Male,0,No,Yes,Yes,No phone service,DSL,Yes,No internet service,No,Yes,Yes,Yes,Month-to-month,No,Credit card,1
3032,37,70.36199379736013,5050.3382495236565,Male,1,No,No,No,No,No,No,No,Yes,Yes,Yes,No internet service,Month-to-month,No,Electronic check,1
3033,24,106.70799971584236,6588.502657766924,Male,0,No,No,Yes,No,Fiber optic,Yes,Yes,No internet service,No internet service,No,No internet service,Two year,Yes,Electronic check,1
3034,2,115.26728664990756,4143.27053976513,Male,0,No,Yes,No,Yes,No,Yes,No,No,Yes,Yes,Yes,One year,No,Mailed check,1
3035,14,60.485988961814435,5772.0383187610405,Male,1,Yes,No,No,No,No,No,No,Yes,Yes,No internet service,Yes,Two year,Yes,Bank transfer,0
3036,10,70.63505532808124,2556.9816740651545,Male,0,No,No,Yes,Yes,No,No internet service,Yes,No internet service,No internet service,No,No,Two year,Yes,Electronic check,1
3037,35,117.15163568041392,2517.8617781086436,Male,0,Yes,Yes,Yes,Yes,DSL,No,Yes,No,Yes,Yes,Yes,Two year,Yes,Credit card,0
3038,25,47.62389416231436,5373.91377220863,Male,0,Yes,Yes,No,Yes,No,No,No,Yes,Yes,Yes,No internet service,One year,No,Credit card,0
3039,3,99.23907753588136,5672.730104390523,Female,0,Yes,No,No,Yes,No,No internet service,No,No,No,No internet service,Yes,One year,No,Mailed check,1
3040,17,42.52399023352463,7502.376626145936,Male,0,No,Yes,No,No phone service,DSL,No internet service,No internet service,No internet service,No internet service,No internet service,No internet service,Two year,Yes,Electronic check,1
3041,12,88.14601154252719,1876.2247402719988,Female,0,Yes,No,No,No,DSL,No,Yes,No internet service,No,No,No,Two year,Yes,Bank transfer,0
3042,54,45.36156276385641,3798.919009094956,Male,0,Yes,Yes,Yes,No,Fiber optic,Yes,Yes,Yes,No internet service,No internet service,No internet service,Two year,Yes,Electronic check,1
3043,24,108.37333888313869,2079.056437994742,Male,0,Yes,No,No,No phone service,No,No internet service,Yes,No,Yes,No internet service,No,One year,No,Credit card,0
3044,29,76.14779437366768,732.7280709539386,Female,0,No,Yes,Yes,Yes,No,Yes,No internet service,No,No internet service,No,No internet service,One year,Yes,Mailed check,0
3045,43,38.59336408743846,3285.5211707851527,Male,0,No,Yes,Yes,Yes,DSL,No internet service,No internet service,No internet service,No,Yes,No internet service,One year,Yes,Electronic check,0
3046,25,42.4369175698486,3055.237903576806,Female,0,Yes,Yes,No,Yes,DSL,Yes,No,No,Yes,No internet service,No internet service,Two year,Yes,Bank transfer,0
3047,60,69.38491957081003,2236.4295478592844,Male,0,Yes,Yes,Yes,Yes,Fiber optic,No,No internet service,No,No,No,No internet service,One year,Yes,Mailed check,0
3048,65,116.16020255748788,2446.25964000139,Female,0,No,Yes,Yes,No phone service,DSL,No,No internet service,No,No internet service,No internet service,No internet service,Two year,No,Mailed check,0
3049,28,96.96421638836544,2947.253270175097,Female,0,Yes,No,No,No,DSL,No,No internet service,Yes,No internet service,No internet service,No,Month-to-month,Yes,Credit card,0
3050,16,68.83096428258452,7911.817298962739,Male,0,No,No,No,Yes,DSL,No,Yes,No internet service,No internet service,Yes,Yes,Two year,Yes,Credit card,1
3051,47,53.77191445622171,6285.3663511415125,Male,1,Yes,Yes,No,Yes,DSL,No internet service,No,Yes,No,No internet service,No,One year,Yes,Bank transfer,0
3052,58,74.92684933484426,664.069488586565,Male,0,No,No,No,Yes,Fiber optic,No,No internet service,No internet service,Yes,No internet service,Yes,Month-to-month,Yes,Credit card,0
3053,27,94.83608334286197,6992.0640942449445,Male,0,No,Yes,No,No,No,Yes,No internet service,Yes,Yes,No internet service,No,Month-to-month,No,Electronic check,1
3054,53,98.39285884528,5103.096278549504,Female,0,No,No,Yes,No,No,No,No internet service,Yes,No,Yes,No internet service,Month-to-month,Yes,Electronic check,0
3055,42,52.46087980969447,7135.690704963083,Female,1,Yes,No,No,No phone service,No,No,Yes,Yes,No,No internet service,Yes,Month-to-month,No,Mailed check,0
3056,59,92.11592682138772,2799.5065283288027,Female,0,Yes,No,No,No,No,No,No,No,No,No,Yes,Two year,Yes,Bank transfer,0
3057,47,85.77887800361862,3769.6990320125783,Female,1,No,Yes,Yes,No,No,No,No,No internet service,Yes,No,No,Two year,No,Credit card,0
3058,34,115.91122919962939,7180.193752734056,Female,1,No,Yes,No,Yes,DSL,No internet service,No internet service,Yes,No internet service,Yes,Yes,One year,Yes,Mailed check,0
3059,37,113.10902905080148,2253.327773718084,Female,0,Yes,No,No,No,No,No internet service,No,No,No,Yes,No internet service,One year,No,Mailed check,0
3060,6,98.93793256035771,7332.456922338781,Female,0,No,No,No,Yes,DSL,No internet service,Yes,Yes,No,Yes,Yes,One year,No,Bank transfer,1
3061,7,92.33946888549283,6645.147725939727,Male,0,Yes,No,Yes,No phone service,No,Yes,No internet service,No,No internet service,No internet service,No,One year,No,Credit card,0
3062,25,47.40415897042759,7846.407733183418,Male,0,No,No,No,Yes,No,Yes,No,Yes,Yes,Yes,Yes,Month-to-month,No,Bank transfer,0
3063,33,104.59652560985333,2661.6349374292686,Male,0,No,Yes,No,No phone service,DSL,No,No internet service,No internet service,No,No,No,One year,Yes,Bank transfer,0
3064,55,62.750570371336615,1962.4501220377888,Male,0,Yes,Yes,No,No,No,Yes,Yes,No internet service,No,No,No internet service,One year,No,Credit card,0
3065,58,47.22405425060447,2713.848486661252,Male,0,Yes,No,No,No phone service,DSL,Yes,No internet service,Yes,No,No internet service,No,Two year,Yes,Electronic check,0
3066,7,58.41607579534625,7641.733388311009,Male,0,No,Yes,No,Yes,Fiber optic,Yes,Yes,Yes,No internet service,No internet service,No,Month-to-month,Yes,Mailed check,1
3067,57,103.59354900165079,2731.2790388182384,Male,0,Yes,No,Yes,No,Fiber optic,Yes,No internet service,Yes,No internet service,No internet service,Yes,One year,Yes,Mailed check,0
3068,12,34.8633215577885,4565.173377662181,Male,0,No,Yes,No,No,Fiber optic,No internet service,No internet service,Yes,No internet service,No internet service,No,Month-to-month,Yes,Electronic check,1
3069,16,65.61587411198224,3289.0663324334623,Female,0,Yes,No,No,Yes,No,No internet service,No,No,No internet service,No,No,One year,Yes,Bank transfer,0
3070,43,69.23575945294897,3230.139141406069,Male,0,No,Yes,No,No,No,Yes,No,No internet service,Yes,No,No,Month-to-month,No,Electronic check,0
3071,7,23.66296975988194,1627.6910180445361,Male,0,Yes,No,No,Yes,No,Yes,Yes,No,No internet service,Yes,No,Month-to-month,Yes,Mailed check,1
3072,51,39.574602954816534,4342.928372300961,Male,0,Yes,Yes,No,No phone service,No,No internet service,Yes,No internet service,No,No internet service,No,Two year,No,Credit card,0
3073,32,102.67424285758564,6810.293614240934,Female,0,No,No,Yes,No phone service,DSL,No,Yes,Yes,No,No,No,One year,Yes,Credit card,0
3074,8,103.07673885947607,490.93160707557934,Male,0,No,Yes,Yes,No,Fiber optic,No internet service,No,No internet service,No,No,Yes,One year,Yes,Electronic check,0
3075,45,49.2415083884248,7124.890089941031,Female,0,No,No,No,Yes,DSL,Yes,No internet service,Yes,No,Yes,Yes,Month-to-month,No,Mailed check,1
3076,59,107.48972345979263,5357.236424584666,Female,0,No,No,No,Yes,Fiber optic,Yes,Yes,Yes,Yes,No,No,One year,Yes,Electronic check,1
3077,4,97.17829390683478,4972.230836541733,Male,1,No,Yes,Yes,No phone service,Fiber optic,Yes,No internet service,No,Yes,No,No,Two year,No,Electronic check,1
3078,67,61.79074837954094,5044.611840099538,Female,0,No,Yes,Yes,Yes,DSL,No internet service,No internet service,No internet service,Yes,No internet service,No,Month-to-month,Yes,Mailed check,1
3079,29,94.84063444050378,2440.5317040403083,Male,0,Yes,Yes,Yes,No,DSL,Yes,No,No,Yes,Yes,No internet service,Month-to-month,No,Credit card,1
3080,29,116.13346311948062,3379.641580559473,Male,0,No,No,No,No,DSL,No internet service,No,No,Yes,No internet service,No,Two year,Yes,Mailed check,0
3081,28,65.89697180653488,6414.391046643295,Male,0,No,No,Yes,No phone service,Fiber optic,No,No internet service,No,Yes,No internet service,Yes,One year,No,Electronic check,0
3082,44,43.842717895348365,2520.4101917966877,Female,0,No,No,No,Yes,DSL,Yes,Yes,No,No internet service,Yes,Yes,Month-to-month,No,Electronic check,0
3083,4,114.18165000501558,3813.1596556243044,Male,1,No,Yes,No,No,No,Yes,No,No internet service,Yes,Yes,No,Month-to-month,No,Credit card,1
3084,9,80.37442885632564,255.09494396246134,Male,0,Yes,No,Yes,No,DSL,No,No internet service,No internet service,Yes,No internet service,Yes,One year,Yes,Electronic check,1
3085,5,30.526516248042526,5895.110988190502,Male,0,No,Yes,No,No,Fiber optic,No internet service,No,No,No,No internet service,Yes,One year,No,Electronic check,0
3086,56,77.26828158566894,3399.8471957609845,Female,0,No,No,No,Yes,Fiber optic,Yes,No internet service,No internet service,No,No internet service,No internet service,Two year,Yes,Credit card,0
3087,50,70.05808894482988,4250.334270941469,Female,0,Yes,No,Yes,No phone service,DSL,Yes,No,Yes,Yes,No internet service,No,Month-to-month,No,Mailed check,0
3088,15,105.55888940755634,1006.0456107049932,Female,1,Yes,No,No,No phone service,DSL,Yes,Yes,No internet service,No internet service,Yes,Yes,Two year,Yes,Bank transfer,1
3089,32,73.06951897635213,7934.542407420751,Female,0,No,Yes,Yes,No,Fiber optic,Yes,Yes,No,No internet service,No,Yes,One year,Yes,Mailed check,0
3090,28,45.523243434428345,2489.495833180283,Male,0,Yes,No,Yes,No phone service,Fiber optic,No,No,Yes,No internet service,Yes,No,One year,Yes,Bank transfer,1
3091,22,87.56440638648886,5116.418326611957,Male,1,No,No,Yes,No,DSL,No internet service,No,Yes,No internet service,No,Yes,One year,Yes,Mailed check,0
3092,17,74.25754525355802,4691.767124350276,Female,1,Yes,Yes,No,No,No,No,No,Yes,Yes,Yes,No internet service,Two year,No,Credit card,0
3093,59,43.30446282668724,6302.228411007423,Male,1,Yes,No,Yes,Yes,No,No internet service,Yes,Yes,No internet service,No internet service,No,Two year,No,Credit card,0
3094,71,77.36278579429077,2421.3119494134885,Female,0,Yes,Yes,Yes,No,No,No,No,Yes,Yes,No,Yes,One year,No,Credit card,1
3095,57,102.15355778896861,6071.826025478174,Male,0,Yes,No,No,No,Fiber optic,No,Yes,No,Yes,Yes,No,Two year,No,Bank transfer,0
3096,26,22.857091772401045,3121.763672417301,Male,0,Yes,No,Yes,Yes,No,No internet service,No,No,Yes,Yes,Yes,Month-to-month,Yes,Mailed check,0
3097,25,83.08510386451117,3348.171630186158,Female,0,No,Yes,No,Yes,No,Yes,No,Yes,Yes,Yes,No internet service,Two year,No,Credit card,1
3098,10,54.95851957843921,5414.428959245484,Female,0,No,No,No,No phone service,DSL,Yes,No internet service,No,Yes,No internet service,Yes,Two year,Yes,Bank transfer,1
3099,45,49.26714457594242,6295.857596749704,Male,0,Yes,Yes,Yes,Yes,DSL,No,Yes,No internet service,No,Yes,No internet service,Month-to-month,No,Credit card,0
3100,11,59.258775036111125,5368.246425352417,Female,1,Yes,Yes,Yes,No,No,No,No,No,Yes,Yes,No,Two year,Yes,Electronic check,0
3101,53,54.20226642479817,7209.048212512102,Male,0,Yes,No,No,Yes,Fiber optic,No,Yes,No internet service,Yes,No internet service,No internet service,Two year,Yes,Electronic check,1
3102,68,103.22391067084416,2352.756333129532,Male,0,No,No,Yes,Yes,No,Yes,No internet service,No,Yes,No,No,Month-to-month,Yes,Credit card,1
3103,28,47.479781076790054,7214.8721836054,Male,0,No,No,No,No phone service,DSL,No internet service,Yes,No internet service,No,No,Yes,Two year,Yes,Bank transfer,0
3104,65,93.31530231065854,1133.8218549526916,Male,0,No,No,Yes,Yes,DSL,Yes,Yes,No internet service,No,No internet service,Yes,Two year,Yes,Electronic check,0
3105,49,29.405982022858872,5310.289520336847,Female,0,Yes,No,No,No,DSL,No,Yes,Yes,Yes,No,Yes,Two year,Yes,Credit card,0
3106,47,115.13963724844156,4426.282145903402,Male,0,No,Yes,Yes,No,No,Yes,Yes,No,No internet service,Yes,Yes,Two year,Yes,Credit card,0
3107,52,82.23166372485518,4007.6239292831565,Male,1,Yes,Yes,Yes,No,Fiber optic,Yes,Yes,Yes,Yes,Yes,No,Month-to-month,Yes,Bank transfer,1
3108,54,90.67185770445602,2556.2050280112085,Male,0,Yes,Yes,No,Yes,No,Yes,Yes,No internet service,No internet service,No,No,Month-to-month,No,Bank transfer,1
3109,60,49.8039332094451,4079.48868793505,Female,0,Yes,Yes,Yes,Yes,DSL,No internet service,Yes,No,No internet service,No,Yes,Two year,Yes,Electronic check,0
3110,57,61.209656870811465,1378.0095154391556,Male,0,Yes,Yes,Yes,No,DSL,No,No,No,Yes,No,No,Two year,No,Credit card,0
3111,47,42.377838627097624,3017.6354592722373,Female,0,No,No,No,Yes,DSL,Yes,No,Yes,No internet service,No internet service,No,Month-to-month,No,Electronic check,0
3112,31,113.25360858022239,879.5792481226316,Female,0,No,Yes,No,No phone service,DSL,Yes,Yes,No,No,No,No,Month-to-month,Yes,Mailed check,0
3113,46,68.81044471013777,4617.588138311925,Female,0,Yes,Yes,No,No phone service,No,No,Yes,No,Yes,No internet service,Yes,One year,No,Credit card,0
3114,26,83.044811565799,856.566300977053,Female,0,Yes,No,Yes,No phone service,No,Yes,No,No,No,No,No internet service,Month-to-month,No,Bank transfer,0
3115,5,93.42720305307154,1366.7226868508087,Female,0,Yes,No,Yes,No phone service,Fiber optic,Yes,No internet service,No internet service,No,No internet service,No internet service,Two year,No,Mailed check,1
3116,52,57.1106091099539,775.1877317511024,Female,0,Yes,No,No,No,DSL,Yes,No,Yes,Yes,No internet service,No,Month-to-month,Yes,Bank transfer,0
3117,54,92.01016545391413,3112.3540556214157,Female,1,Yes,No,No,Yes,No,Yes,No internet service,No internet service,Yes,Yes,No internet service,Two year,No,Bank transfer,0
3118,33,87.59924897563401,6751.471789904953,Male,0,Yes,Yes,Yes,No phone service,No,No,Yes,Yes,Yes,No,No internet service,Month-to-month,Yes,Mailed check,0
3119,50,90.56593338739465,7264.481493907239,Male,0,No,No,No,No,DSL,Yes,Yes,No internet service,No,Yes,No,Month-to-month,Yes,Electronic check,1
3120,38,68.92299002046128,667.9266913401058,Female,0,No,Yes,No,No phone service,No,No internet service,No,No internet service,Yes,Yes,No,Month-to-month,No,Mailed check,0
3121,27,58.29373822916171,5112.946112806853,Female,0,No,No,No,Yes,DSL,Yes,No,No internet service,No,No internet service,No,Two year,Yes,Credit card,1
3122,15,42.208218820898985,5506.64485427738,Female,0,Yes,No,Yes,No phone service,Fiber optic,No internet service,No,No internet service,No internet service,No internet service,Yes,Month-to-month,No,Electronic check,0
3123,61,102.46263528008929,4316.782545212991,Male,0,No,Yes,Yes,No phone service,DSL,No,Yes,Yes,Yes,No internet service,No internet service,Month-to-month,Yes,Electronic check,1
3124,21,80.83500465316787,5369.180405609413,Female,0,No,Yes,No,No phone service,DSL,Yes,No,No,No,No internet service,No internet service,One year,No,Credit card,0
3125,46,64.4352196097495,1946.1566520004526,Male,0,No,No,Yes,No phone service,No,No internet service,No,Yes,Yes,Yes,No,One year,Yes,Credit card,0
3126,69,114.39959067106113,3968.189273370227,Male,1,No,Yes,Yes,Yes,Fiber optic,No internet service,No internet service,No,No,No internet service,Yes,Month-to-month,No,Bank transfer,1
3127,6,24.78388125070388,3187.919207383045,Female,1,No,No,No,No,Fiber optic,Yes,Yes,Yes,No,Yes,No,Month-to-month,No,Mailed check,1
3128,38,105.01719452050476,808.6928163730854,Male,0,Yes,No,Yes,No phone service,No,Yes,Yes,Yes,No internet service,Yes,Yes,Two year,Yes,Credit card,0
3129,62,119.75825929459724,5041.895873807663,Female,0,Yes,Yes,No,No,Fiber optic,No,Yes,Yes,Yes,No,No internet service,Two year,No,Mailed check,0
3130,62,108.69421108828674,4012.2000221052153,Female,0,Yes,Yes,Yes,Yes,Fiber optic,No,No,Yes,No,No,No,One year,Yes,Electronic check,1
3131,46,101.04365856156252,2273.8748125304073,Female,0,No,Yes,No,Yes,DSL,Yes,Yes,No internet service,Yes,No internet service,No,Two year,Yes,Credit card,0
3132,13,57.43059934063246,3842.1135571866344,Male,0,Yes,No,No,No phone service,No,No,No,Yes,No,Yes,No internet service,Month-to-month,Yes,Electronic check,1
3133,3,43.13141822622935,6224.8543453402735,Female,1,No,Yes,No,No,Fiber optic,No,No internet service,Yes,No internet service,Yes,Yes,One year,Yes,Bank transfer,1
3134,6,93.4850520499601,6433.096326183705,Male,1,Yes,Yes,Yes,No phone service,Fiber optic,No,Yes,No,No,Yes,Yes,Two year,No,Bank transfer,1
3135,8,50.45753662885684,5231.256417120016,Female,0,No,No,No,Yes,Fiber optic,No,No internet service,No internet service,No,No,No internet service,Two year,No,Credit card,1
3136,44,37.60396821549707,3795.207883861294,Female,0,No,Yes,Yes,No phone service,DSL,Yes,No internet service,No internet service,Yes,Yes,Yes,Month-to-month,No,Credit card,1
3137,33,98.65258871035913,4648.422149710399,Female,0,Yes,Yes,No,No phone service,DSL,Yes,Yes,Yes,No internet service,Yes,No internet service,Two year,No,Credit card,1
3138,50,51.254365223672224,3141.621433709375,Female,0,Yes,Yes,Yes,No,No,No internet service,Yes,Yes,No,Yes,No internet service,Two year,Yes,Electronic check,1
3139,11,111.44417294873384,1099.795109654482,Female,0,No,Yes,No,Yes,No,No,No,No internet service,Yes,No,No internet service,One year,Yes,Credit card,1
3140,28,104.06326448191253,3146.402719350126,Male,0,No,No,No,No phone service,DSL,Yes,No internet service,No internet service,No,No internet service,Yes,Two year,Yes,Bank transfer,0
3141,70,104.76403295092551,4289.628772950111,Female,1,Yes,Yes,Yes,No phone service,No,No internet service,No internet service,Yes,Yes,No internet service,No,Month-to-month,No,Credit card,0
3142,41,97.15697260558262,4830.788715739614,Female,0,Yes,No,No,No phone service,No,No,No,Yes,No internet service,No internet service,No internet service,Two year,No,Credit card,0
3143,16,108.08814237747367,7492.827710831505,Female,0,No,No,No,No,No,No internet service,Yes,Yes,No internet service,No,Yes,Month-to-month,Yes,Electronic check,0
3144,68,100.57468921781201,6240.934215741868,Male,0,Yes,Yes,Yes,Yes,DSL,No,No internet service,No,Yes,No,No internet service,Month-to-month,Yes,Mailed check,1
3145,48,80.25113635747286,1300.7412354129508,Female,1,Yes,No,Yes,No phone service,DSL,Yes,No,No internet service,No internet service,No internet service,Yes,One year,Yes,Bank transfer,0
3146,56,49.58227185818632,1476.0394325581317,Female,0,Yes,Yes,No,No phone service,Fiber optic,No internet service,No internet service,No,Yes,No internet service,No internet service,Two year,Yes,Mailed check,0
3147,64,108.8209193214149,893.9085979940569,Female,0,Yes,No,No,No phone service,Fiber optic,Yes,No internet service,No internet service,Yes,No,Yes,Month-to-month,Yes,Electronic check,1
3148,59,104.06036227731919,5931.63564504525,Female,0,No,Yes,Yes,Yes,Fiber optic,No,No,No internet service,No internet service,No internet service,No internet service,Month-to-month,Yes,Credit card,1
3149,62,67.2879322210545,5678.366000085671,Male,1,No,No,No,No,Fiber optic,No,No internet service,No internet service,No internet service,Yes,No internet service,Month-to-month,No,Credit card,1
3150,11,23.90786860019552,7892.266923405361,Female,0,No,No,No,No,No,No,No,No internet service,Yes,No,No internet service,Month-to-month,No,Bank transfer,1
3151,18,83.85437274019134,4223.984999548355,Male,0,Yes,No,Yes,No phone service,No,No internet service,No,No internet service,Yes,No internet service,Yes,One year,Yes,Credit card,0
3152,19,25.059685367658172,6628.677937906167,Male,0,No,No,No,No phone service,DSL,No internet service,No internet service,Yes,No internet service,No internet service,No,Month-to-month,No,Electronic check,1
3153,55,112.62799618484073,4653.874883278022,Male,0,No,No,No,No,No,No internet service,No internet service,No,No internet service,No,No internet service,Month-to-month,No,Mailed check,0
3154,26,116.1631256625307,7005.285028966753,Male,1,Yes,No,Yes,No,No,Yes,Yes,No,Yes,No,Yes,One year,No,Bank transfer,0
3155,6,38.94901458996043,5796.066210491737,Female,0,Yes,Yes,No,No,No,No internet service,Yes,No internet service,Yes,Yes,Yes,One year,No,Credit card,1
3156,4,87.638937805491,5178.783718430898,Female,0,No,No,No,No phone service,Fiber optic,No,No internet service,No,Yes,No,Yes,One year,Yes,Credit card,1
3157,29,29.226900456276276,4564.469100766098,Male,1,No,Yes,No,No phone service,DSL,Yes,Yes,No,No internet service,No,No,Month-to-month,Yes,Mailed check,0
3158,59,92.95169285731221,5811.467143099501,Male,0,Yes,No,No,No,Fiber optic,No,Yes,Yes,No,Yes,No,Month-to-month,No,Mailed check,0
3159,17,54.72876661526746,3415.265357100983,Male,1,Yes,Yes,No,No,No,No,No,No internet service,Yes,No internet service,No,Two year,Yes,Credit card,0
3160,43,88.10501117304453,862.9549875747464,Female,0,Yes,No,Yes,Yes,No,No internet service,No internet service,Yes,No,No,No internet service,Two year,No,Credit card,1
3161,66,57.287650920217786,415.89041750294234,Male,0,Yes,No,No,No phone service,DSL,No internet service,Yes,No,No internet service,No internet service,No internet service,Two year,Yes,Electronic check,1
3162,34,34.556750983323575,3884.2874797124737,Male,0,Yes,No,No,Yes,Fiber optic,No internet service,Yes,No internet service,No,Yes,Yes,One year,Yes,Mailed check,0
3163,8,60.61099805025579,4834.403499539117,Male,0,No,No,Yes,No,No,No,Yes,No internet service,No,No,Yes,Two year,No,Mailed check,1
3164,13,31.267352663479002,722.9073415079408,Male,1,No,No,No,No phone service,DSL,Yes,No internet service,No internet service,Yes,Yes,No internet service,Two year,Yes,Mailed check,1
3165,8,77.68832749769459,2366.5380364056077,Male,1,No,No,No,No phone service,No,No internet service,No,No internet service,No,No internet service,Yes,One year,Yes,Electronic check,0
3166,65,24.095153214947977,2644.054427206348,Female,0,No,No,No,Yes,No,No internet service,No internet service,No internet service,No internet service,Yes,Yes,Month-to-month,Yes,Mailed check,0
3167,43,72.73196795998598,4546.084728145184,Male,0,Yes,No,Yes,Yes,DSL,Yes,No,No internet service,Yes,No,No,One year,No,Electronic check,1
3168,39,108.63686470955409,2300.0114027380337,Female,0,Yes,Yes,No,Yes,DSL,No,Yes,Yes,No,No,No internet service,Two year,No,Bank transfer,0
3169,59,103.78732701193627,855.6239364924528,Female,0,No,Yes,Yes,Yes,No,No,No internet service,Yes,No,No internet service,No,Two year,No,Bank transfer,1
3170,44,108.27816996264968,1402.3682534777458,Female,1,Yes,No,Yes,No phone service,DSL,Yes,No,No,No,No internet service,Yes,One year,Yes,Electronic check,0
3171,9,112.20488021271073,1474.1876326731262,Female,0,No,Yes,No,No,No,No internet service,Yes,No internet service,No,No internet service,No internet service,One year,Yes,Bank transfer,1
3172,37,30.452788787569425,6757.290059359816,Female,1,No,No,Yes,No,Fiber optic,Yes,Yes,No internet service,Yes,No internet service,No,Two year,No,Mailed check,1
3173,36,32.87472028757131,2346.1255271285027,Male,1,No,Yes,Yes,No,No,No internet service,No internet service,Yes,Yes,No,No internet service,One year,No,Mailed check,0
3174,28,75.70068063131286,5746.064697926579,Female,0,No,No,Yes,Yes,DSL,Yes,No,No,Yes,No,Yes,Two year,No,Electronic check,0
3175,42,109.39726684244292,4585.926096080516,Female,1,No,Yes,Yes,No,Fiber optic,No,Yes,No,No internet service,No,Yes,Two year,No,Credit card,0
3176,43,117.43494565240307,7818.606153569892,Male,1,No,Yes,No,Yes,DSL,No,Yes,No internet service,No internet service,Yes,Yes,Two year,Yes,Mailed check,0
3177,42,24.626191733999995,2255.2990841535975,Female,0,Yes,No,No,Yes,No,No,Yes,No,Yes,Yes,No internet service,Month-to-month,Yes,Credit card,0
3178,66,55.577408420066014,1351.1468621806816,Male,0,Yes,Yes,No,No,DSL,No,No,No,Yes,No internet service,No internet service,One year,Yes,Credit card,0
3179,55,41.289425465999344,511.09891778702706,Male,0,No,No,No,No,No,Yes,No,No internet service,No internet service,No internet service,No,One year,Yes,Credit card,0
3180,48,95.59658489312481,2003.5813320221162,Male,0,No,No,Yes,No,DSL,Yes,Yes,No internet service,No,No internet service,No internet service,Two year,No,Bank transfer,0
3181,22,84.0193868537032,5504.160002681601,Male,0,No,Yes,No,No phone service,DSL,No internet service,No,No internet service,Yes,No,No,Month-to-month,No,Bank transfer,0
3182,27,31.98880314838454,773.5399746311989,Male,0,Yes,No,No,Yes,No,Yes,Yes,Yes,Yes,Yes,No,One year,No,Electronic check,1
3183,67,68.35220673649715,2033.1445766823024,Female,0,Yes,Yes,Yes,No phone service,Fiber optic,No internet service,Yes,No internet service,No,No internet service,No,One year,Yes,Bank transfer,0
3184,13,88.54405223712914,6856.936108653695,Male,1,Yes,Yes,No,No,No,Yes,No,No,No internet service,No internet service,No internet service,Month-to-month,No,Credit card,0
3185,45,97.90053939240377,4705.32829997971,Male,0,No,Yes,Yes,No phone service,Fiber optic,Yes,No,Yes,No internet service,No,No internet service,One year,No,Credit card,1
3186,10,22.00527097840085,649.2201680002441,Female,0,Yes,Yes,No,No phone service,Fiber optic,Yes,No internet service,No,Yes,Yes,No internet service,One year,No,Bank transfer,1
3187,9,109.04695739838898,476.69683957312986,Female,0,No,Yes,No,No,Fiber optic,Yes,No internet service,Yes,No,No internet service,No,One year,Yes,Bank transfer,0
3188,54,76.92813829505243,582.8707150735584,Female,1,Yes,Yes,No,No,Fiber optic,No,No,No internet service,No internet service,No internet service,Yes,Month-to-month,No,Credit card,1
3189,27,101.19091149599046,7540.8128961632965,Female,1,No,No,Yes,Yes,No,Yes,No,No,No,No internet service,No,Month-to-month,No,Electronic check,1
3190,34,100.79380300142834,6813.984285632332,Male,0,No,Yes,No,Yes,No,No internet service,No,Yes,No,No internet service,No,Two year,Yes,Credit card,0
3191,1,38.98526602709691,6775.02633194832,Female,1,No,Yes,No,No phone service,Fiber optic,No,No,No,Yes,Yes,No,Two year,Yes,Electronic check,1
3192,32,31.01721202536331,7401.312421724012,Male,0,Yes,Yes,Yes,No,Fiber optic,Yes,Yes,No internet service,No,Yes,No internet service,Two year,No,Mailed check,0
3193,71,92.12872689738266,4091.517582982191,Female,0,Yes,No,No,Yes,Fiber optic,Yes,Yes,Yes,No,No internet service,No,One year,No,Credit card,0
3194,67,35.642691882161905,2054.0229020324177,Female,0,Yes,No,No,Yes,Fiber optic,No internet service,No internet service,No,No,No,No,Two year,No,Bank transfer,1
3195,20,104.99374914047237,3270.6492334842933,Female,1,No,No,Yes,No phone service,Fiber optic,No,No,Yes,No,No internet service,No,Two year,Yes,Bank transfer,1
3196,35,92.61894838621052,5779.026175782105,Female,1,No,Yes,Yes,No phone service,Fiber optic,No,No internet service,No internet service,No,No,Yes,Two year,Yes,Credit card,1
3197,17,104.18253643652626,7020.659685017994,Female,0,Yes,Yes,No,No phone service,DSL,No,No,Yes,Yes,No internet service,No internet service,Two year,No,Electronic check,1
3198,18,49.901267960934604,3537.218320926242,Male,0,Yes,Yes,Yes,No,Fiber optic,No,No,Yes,No internet service,No internet service,No,Two year,Yes,Bank transfer,0
3199,45,51.6598060410569,4329.509547518283,Male,0,No,No,Yes,Yes,DSL,No internet service,No,No,No internet service,No,No,One year,Yes,Mailed check,1
3200,53,87.12215563463177,7461.0856468824,Male,0,No,No,Yes,Yes,No,Yes,Yes,Yes,No,No internet service,Yes,Month-to-month,Yes,Bank transfer,1
3201,68,23.144595505894753,949.2392331644897,Female,0,Yes,No,No,Yes,No,Yes,No internet service,No internet service,Yes,Yes,No internet service,One year,No,Electronic check,0
3202,65,92.64967463374226,6912.163814095579,Male,0,No,Yes,No,No phone service,Fiber optic,No,No,No,Yes,No,No,Month-to-month,Yes,Credit card,1
3203,1,103.57830708546012,1358.5291097902937,Female,0,Yes,Yes,Yes,No,No,No internet service,No internet service,Yes,No,Yes,No internet service,Two year,Yes,Bank transfer,0
3204,58,61.516358660410404,3922.5046672959,Female,0,Yes,No,Yes,No phone service,No,Yes,No internet service,No internet service,No,No,No,One year,No,Credit card,0
3205,26,96.48788300884686,1825.5427164381706,Male,0,No,Yes,No,No phone service,Fiber optic,No,Yes,No internet service,No internet service,Yes,No,Two year,Yes,Credit card,0
3206,20,37.4610916982262,4863.286282455773,Male,0,Yes,No,Yes,No,No,No,Yes,Yes,No internet service,No internet service,No internet service,One year,No,Mailed check,0
3207,10,52.22603938194847,4512.730031495302,Female,0,Yes,No,Yes,No,No,No internet service,No,Yes,No internet service,No internet service,Yes,One year,Yes,Mailed check,1
3208,59,117.43049631104775,3102.05817750194,Female,1,No,No,No,No phone service,Fiber optic,No internet service,No internet service,No,No,No,No,Two year,No,Credit card,1
3209,41,118.63281735601262,6920.097767276482,Male,0,Yes,Yes,No,No,Fiber optic,No internet service,Yes,No internet service,No internet service,Yes,No internet service,Two year,Yes,Electronic check,1
3210,5,71.2605053021588,5312.525230275673,Female,0,Yes,No,No,No phone service,Fiber optic,No,No internet service,No internet service,Yes,No internet service,No,Month-to-month,Yes,Mailed check,1
3211,65,113.4269791463877,5797.520487199355,Male,0,No,No,Yes,Yes,DSL,No internet service,No internet service,No internet service,Yes,Yes,No,Two year,Yes,Bank transfer,1
3212,17,72.27306780568546,1290.2119318405814,Male,0,No,Yes,Yes,No,Fiber optic,No,No,Yes,No,Yes,Yes,Month-to-month,Yes,Mailed check,1
3213,22,49.15881281611573,7077.008856007379,Female,0,Yes,Yes,Yes,Yes,No,Yes,No internet service,Yes,No,No,Yes,Two year,No,Credit card,0
3214,41,46.68992880987719,1419.6172925981452,Female,1,Yes,No,No,No,Fiber optic,No,Yes,Yes,No internet service,No internet service,No internet service,Month-to-month,Yes,Mailed check,1
3215,68,112.95057053681488,1860.0012172586855,Female,0,No,Yes,Yes,No phone service,DSL,No,No,No,Yes,No,No,One year,Yes,Electronic check,1
3216,69,37.24463889738591,1111.6355941253555,Female,0,No,Yes,No,No phone service,No,Yes,No,No internet service,No internet service,No,No,One year,Yes,Mailed check,0
3217,11,77.96324582018181,3578.837742953643,Male,0,Yes,Yes,No,No phone service,DSL,No internet service,No,No internet service,Yes,No internet service,No internet service,Two year,No,Electronic check,0
3218,56,75.55250680627196,7112.902930843247,Female,1,Yes,Yes,Yes,No phone service,No,No internet service,Yes,Yes,No internet service,Yes,No,One year,Yes,Bank transfer,1
3219,51,93.9621684652995,2094.3354049178906,Male,0,Yes,No,No,No phone service,Fiber optic,No,No,No,No,No,No,Two year,Yes,Mailed check,1
3220,21,69.92429075247748,3052.6520213413305,Male,1,Yes,Yes,Yes,No phone service,DSL,No,No internet service,No,Yes,No internet service,No internet service,Two year,Yes,Bank transfer,0
3221,26,47.22856607081342,6783.924718595834,Female,0,No,No,Yes,No,Fiber optic,Yes,No,No,Yes,Yes,Yes,Two year,No,Credit card,0
3222,19,36.939649963157855,4980.740710095224,Male,0,No,Yes,No,No,No,No internet service,Yes,No,Yes,Yes,No,Month-to-month,Yes,Bank transfer,1
3223,60,82.08188035058919,6037.769509805587,Female,0,No,Yes,Yes,Yes,Fiber optic,Yes,Yes,No,No internet service,Yes,Yes,Month-to-month,No,Mailed check,1
3224,71,91.89907568532331,1790.6003905453072,Female,0,No,No,No,No,Fiber optic,No,No,Yes,No internet service,No,Yes,Two year,Yes,Mailed check,0
3225,47,76.95212786820326,5760.269920327346,Male,0,Yes,Yes,No,No,No,No,No internet service,Yes,No internet service,No,Yes,One year,Yes,Electronic check,0
3226,71,93.83512771211947,1898.1235712700025,Male,0,No,Yes,No,Yes,DSL,Yes,Yes,Yes,Yes,No internet service,No internet service,One year,No,Mailed check,1
3227,26,34.15212024499601,7899.780459464222,Male,0,Yes,No,Yes,Yes,No,Yes,Yes,No internet service,No,Yes,No internet service,One year,Yes,Credit card,0
3228,40,108.24701949431355,4523.1006334012245,Female,0,Yes,No,Yes,No phone service,No,No internet service,Yes,No,No internet service,Yes,No internet service,Month-to-month,No,Electronic check,1
3229,5,78.23955084085031,5595.550138540782,Female,0,No,No,Yes,Yes,Fiber optic,Yes,No,No,Yes,No internet service,Yes,Month-to-month,No,Mailed check,1
3230,21,32.68439268925972,1035.3725147178723,Male,0,No,Yes,No,Yes,No,No internet service,Yes,No internet service,No internet service,Yes,Yes,Month-to-month,No,Mailed check,0
3231,4,66.1925204205735,2080.1822423283993,Female,1,Yes,Yes,No,No,DSL,No internet service,Yes,No,Yes,Yes,Yes,One year,Yes,Mailed check,0
3232,23,104.47917378659115,1203.9512105583992,Female,0,No,Yes,Yes,No phone service,No,Yes,Yes,No,Yes,No internet service,No,One year,Yes,Mailed check,1
3233,15,109.75621934531601,3182.3486506466124,Male,0,Yes,No,No,Yes,No,Yes,No,No,No internet service,No internet service,Yes,One year,No,Credit card,0
3234,8,46.46495049987615,2344.673327222648,Female,1,Yes,Yes,Yes,No phone service,Fiber optic,No internet service,Yes,No,Yes,No,No,One year,Yes,Mailed check,1
3235,41,91.12658247104531,5890.085851081497,Male,1,No,No,Yes,No phone service,DSL,Yes,Yes,No,No internet service,No,Yes,Month-to-month,No,Electronic check,1
3236,19,29.99852474837767,958.8009390623944,Male,0,Yes,No,Yes,Yes,Fiber optic,No internet service,No,Yes,Yes,No,No,Two year,Yes,Mailed check,0
3237,46,23.35458714121578,6041.269010757909,Male,0,No,No,Yes,Yes,Fiber optic,No internet service,No,No,No,No internet service,No,One year,No,Electronic check,1
3238,28,76.03989538199428,461.0681146448412,Female,1,No,No,No,Yes,DSL,No,No internet service,Yes,No,No,No internet service,One year,No,Electronic check,0
3239,68,89.48275793281259,1695.9409148469001,Male,0,No,No,Yes,Yes,DSL,No internet service,Yes,Yes,No,Yes,No internet service,Month-to-month,Yes,Mailed check,1
3240,15,99.5786731176502,6356.523436520363,Male,0,Yes,Yes,No,No phone service,No,No,No,Yes,No,No,Yes,Month-to-month,No,Credit card,1
3241,37,54.02162384553347,5967.93546475237,Male,0,No,No,No,No,DSL,Yes,No internet service,Yes,No internet service,No,No internet service,One year,No,Mailed check,0
3242,1,20.6525410428887,3862.9762999590207,Male,0,Yes,No,Yes,No phone service,Fiber optic,No internet service,Yes,No internet service,Yes,No,No,Two year,Yes,Mailed check,0
3243,67,67.95192371113538,494.8634491126593,Female,1,No,No,Yes,No phone service,DSL,No internet service,No,Yes,Yes,No internet service,No internet service,Month-to-month,Yes,Electronic check,1
3244,24,21.585354537356697,4918.160559187465,Male,0,Yes,No,No,No phone service,DSL,Yes,No,No internet service,No,Yes,No internet service,Month-to-month,Yes,Bank transfer,1
3245,27,29.198451067079993,3313.1204213953774,Female,0,Yes,Yes,Yes,Yes,DSL,Yes,Yes,No internet service,No,No internet service,No,Month-to-month,No,Bank transfer,1
3246,40,52.668902253174835,2600.572386563961,Male,0,Yes,Yes,No,Yes,Fiber optic,Yes,Yes,Yes,Yes,Yes,Yes,Month-to-month,Yes,Credit card,1
3247,63,63.71720495601772,5159.24403092962,Female,0,Yes,Yes,No,No,No,No internet service,No internet service,No,Yes,No,Yes,One year,No,Electronic check,0
3248,61,47.94694412296486,3549.2550413936383,Female,0,Yes,No,No,No,No,Yes,Yes,No,Yes,No,No,One year,Yes,Credit card,1
3249,36,78.18652665047078,830.1266935801112,Female,0,No,Yes,No,No,Fiber optic,Yes,Yes,Yes,No,Yes,No internet service,One year,Yes,Mailed check,1
3250,24,25.53497892180952,7336.008717047521,Female,0,Yes,Yes,Yes,No phone service,No,No,Yes,Yes,Yes,No internet service,Yes,Two year,Yes,Mailed check,0
3251,24,34.45797102395847,6250.095485681693,Male,0,No,No,Yes,No,No,No,No,No internet service,No,No internet service,No,Month-to-month,No,Credit card,0
3252,4,89.52584007554336,545.3877111953643,Male,0,No,No,Yes,No phone service,Fiber optic,No internet service,No internet service,No internet service,No,No,Yes,Month-to-month,Yes,Electronic check,1
3253,67,34.214085359791774,4248.0045745064945,Female,0,No,No,No,Yes,Fiber optic,Yes,No internet service,No,No,Yes,No,Month-to-month,No,Mailed check,1
3254,34,83.97752015704225,758.6827468991636,Female,0,No,No,Yes,No phone service,No,Yes,No internet service,No internet service,Yes,Yes,No internet service,One year,Yes,Electronic check,0
3255,57,25.468462075336554,6714.589886562031,Female,0,Yes,No,No,Yes,DSL,No,No,No internet service,No,Yes,Yes,Month-to-month,Yes,Mailed check,0
3256,49,60.73822791191404,4942.810292310577,Male,0,No,Yes,No,Yes,No,No internet service,Yes,Yes,No internet service,Yes,No,One year,Yes,Mailed check,1
3257,53,37.740947012118234,1462.3481552272408,Female,1,No,Yes,No,No,DSL,Yes,No,No internet service,Yes,No,Yes,One year,Yes,Credit card,0
3258,23,30.963628253518642,263.8566081689861,Female,0,No,Yes,Yes,Yes,Fiber optic,No internet service,No internet service,No internet service,Yes,No internet service,No internet service,Two year,Yes,Credit card,1
3259,69,76.70327835012276,349.48999595672285,Male,1,No,Yes,Yes,No,DSL,No,Yes,No internet service,Yes,No,Yes,Month-to-month,Yes,Electronic check,1
3260,53,112.83357720056217,4108.187229312155,Male,0,No,Yes,No,No,DSL,Yes,Yes,No,Yes,Yes,No,One year,No,Bank transfer,0
3261,62,25.478704792354883,5901.550481546513,Male,0,No,No,Yes,No,DSL,No,No internet service,Yes,No,No internet service,No internet service,Month-to-month,No,Bank transfer,1
3262,41,62.15542482180342,1054.6395655382773,Male,0,Yes,Yes,No,No phone service,Fiber optic,No,Yes,No,No internet service,No,No,One year,No,Bank transfer,0
3263,57,90.75354377454437,1848.1441207281646,Male,0,Yes,Yes,Yes,No,No,No,No,Yes,No,Yes,No internet service,One year,No,Mailed check,0
3264,60,66.2687831687827,2685.353566839305,Male,0,Yes,Yes,Yes,No,No,Yes,No internet service,Yes,No internet service,No,Yes,One year,No,Bank transfer,0
3265,54,100.64959461052452,1822.8065782831086,Female,0,No,Yes,Yes,Yes,DSL,No internet service,No,No internet service,Yes,Yes,No internet service,One year,No,Credit card,0
3266,70,37.96453158641317,3191.5588452285533,Female,0,No,Yes,No,No phone service,No,Yes,Yes,No,No,No,No internet service,Two year,Yes,Bank transfer,0
3267,57,115.95942050277405,4520.958545544102,Male,0,No,No,Yes,No,Fiber optic,No,No internet service,No,No,No,No internet service,Month-to-month,Yes,Bank transfer,1
3268,10,58.51626277725405,5511.000311106343,Female,1,Yes,No,Yes,No,Fiber optic,No internet service,Yes,No internet service,No,No,No internet service,Month-to-month,Yes,Bank transfer,1
3269,40,54.15696329442751,7713.823939437105,Male,0,No,Yes,No,No,Fiber optic,No,No internet service,No,No internet service,Yes,No,One year,No,Bank transfer,1
3270,7,107.46057945031659,7453.664990497236,Female,0,No,No,Yes,Yes,Fiber optic,Yes,No internet service,Yes,No internet service,No internet service,No internet service,Month-to-month,No,Bank transfer,1
3271,38,76.38670318917666,4604.003101148424,Male,0,Yes,Yes,No,Yes,No,No internet service,No internet service,Yes,Yes,No internet service,No,Month-to-month,Yes,Electronic check,1
3272,61,71.64443419028215,5899.785446005202,Male,1,No,Yes,Yes,Yes,DSL,Yes,No internet service,Yes,No,Yes,No,Month-to-month,No,Credit card,0
3273,3,92.69779195284309,7611.89041654088,Female,0,Yes,No,No,No,DSL,No internet service,No internet service,No internet service,Yes,No internet service,Yes,Two year,No,Bank transfer,1
3274,51,77.98342382810904,759.4283618770982,Female,1,No,No,No,No,DSL,No,Yes,No,No internet service,No internet service,Yes,One year,Yes,Mailed check,0
3275,47,36.25156447571153,144.5146029052902,Male,0,No,No,Yes,No,Fiber optic,No,No internet service,Yes,Yes,No,No internet service,Two year,No,Electronic check,1
3276,68,87.41976228649297,335.41813346370776,Male,0,No,Yes,No,No,No,No,No,No internet service,No,No,No internet service,Month-to-month,No,Mailed check,1
3277,38,33.34688792821285,4550.459962746414,Male,0,Yes,Yes,No,No,No,Yes,No internet service,Yes,No,Yes,Yes,Month-to-month,Yes,Credit card,1
3278,36,100.5857705334062,6126.38405989002,Male,0,No,Yes,Yes,Yes,No,Yes,No,Yes,No internet service,Yes,Yes,Two year,Yes,Bank transfer,0
3279,41,118.97365977122709,2999.8921108857735,Male,0,Yes,No,Yes,No,No,No,Yes,No,No internet service,No,No,One year,Yes,Credit card,0
3280,69,57.73876249747763,4407.389480348187,Male,0,No,No,Yes,No phone service,No,No,No internet service,No internet service,Yes,Yes,No internet service,Month-to-month,No,Bank transfer,1
3281,13,64.47558982020126,4179.293916533441,Female,0,Yes,Yes,Yes,No,No,No internet service,No internet service,Yes,No,Yes,Yes,Two year,No,Bank transfer,0
3282,58,24.64336554828123,848.6900435769546,Female,0,No,No,No,Yes,DSL,No internet service,No,Yes,Yes,No internet service,Yes,Two year,No,Mailed check,0
3283,50,21.373318808257828,2640.547287369987,Female,0,Yes,No,No,No,Fiber optic,Yes,No internet service,No internet service,No internet service,Yes,No,One year,No,Credit card,0
3284,30,112.14193348763277,253.5377259401857,Female,0,Yes,Yes,Yes,No phone service,DSL,No internet service,Yes,No internet service,No internet service,Yes,No,Two year,Yes,Bank transfer,0
3285,62,32.86240604391921,974.5749415714359,Female,1,No,No,Yes,No,No,Yes,Yes,No,Yes,No,Yes,Two year,Yes,Credit card,1
3286,25,64.57787475594704,6513.679960987245,Male,0,Yes,No,Yes,No phone service,Fiber optic,Yes,No internet service,Yes,No,Yes,No internet service,Two year,No,Bank transfer,0
3287,27,101.53546238555614,6652.36662826172,Male,0,Yes,Yes,Yes,No phone service,Fiber optic,No internet service,No,No,No internet service,No,No,Month-to-month,Yes,Credit card,1
3288,51,108.93187599283195,6435.375928356051,Female,0,Yes,Yes,No,Yes,Fiber optic,No internet service,Yes,Yes,Yes,Yes,No,Month-to-month,No,Credit card,1
3289,57,71.93976852834676,5841.867263522669,Male,1,No,Yes,No,No phone service,Fiber optic,No internet service,No internet service,No,No,No internet service,No internet service,One year,Yes,Bank transfer,1
3290,47,76.50325249759499,6367.171486559224,Female,0,Yes,No,No,No,No,No,No,Yes,Yes,No,Yes,Two year,Yes,Credit card,0
3291,39,86.96839724632724,5400.760496029196,Female,0,No,Yes,No,No phone service,No,No,No,No internet service,No internet service,Yes,Yes,Two year,No,Bank transfer,0
3292,16,116.13824701437153,5391.68337664868,Male,1,Yes,No,No,No,Fiber optic,No internet service,Yes,No,No,Yes,No internet service,Month-to-month,No,Bank transfer,0
3293,22,80.26699609445052,5372.158200185283,Male,0,Yes,Yes,Yes,No,No,No,No internet service,No internet service,No internet service,No internet service,No internet service,Month-to-month,No,Bank transfer,0
3294,54,75.94752594563462,4160.938038457813,Female,0,Yes,Yes,Yes,No,Fiber optic,Yes,Yes,Yes,No internet service,Yes,No,Month-to-month,No,Electronic check,1
3295,21,21.453413526599068,2970.443144372271,Female,0,Yes,Yes,No,No,No,No,No,No internet service,No internet service,No internet service,Yes,One year,No,Bank transfer,0
3296,16,28.094970202235608,5868.542602676284,Female,0,No,No,No,Yes,Fiber optic,No,Yes,No,No internet service,No,Yes,Month-to-month,Yes,Credit card,0
3297,59,77.71716266239963,2459.3035073352585,Female,0,No,Yes,Yes,No,No,No,No internet service,No,No internet service,No,Yes,Two year,Yes,Electronic check,0
3298,31,113.62403878072033,4388.926838673192,Male,1,Yes,Yes,No,Yes,DSL,Yes,Yes,No internet service,Yes,Yes,No internet service,Two year,Yes,Bank transfer,0
3299,42,106.6691348399395,3523.5093997212625,Female,0,No,No,No,No phone service,DSL,Yes,No,Yes,No internet service,No,No internet service,Two year,No,Credit card,0
3300,32,118.25789229922046,2285.315989040239,Male,1,No,No,No,No,No,No internet service,Yes,No,No internet service,No internet service,Yes,One year,No,Credit card,0
3301,59,72.7834037561274,7800.05037157446,Female,0,Yes,Yes,No,No phone service,No,No,No,Yes,No internet service,No internet service,No internet service,Two year,No,Credit card,0
3302,34,98.79309384377669,2144.137997094374,Female,0,Yes,Yes,Yes,Yes,DSL,No,No,No,No,Yes,No internet service,Two year,Yes,Electronic check,0
3303,9,104.04003314893404,2543.415203411937,Male,0,Yes,Yes,No,No,No,Yes,No,Yes,No internet service,No internet service,No internet service,Two year,Yes,Mailed check,1
3304,11,84.80316573308617,1376.5412638887392,Male,0,Yes,No,No,No,Fiber optic,No,Yes,Yes,No,No internet service,Yes,Month-to-month,No,Mailed check,1
3305,10,53.874990421450725,6601.546939982895,Male,0,Yes,No,No,Yes,No,Yes,No internet service,No internet service,Yes,No internet service,Yes,Two year,No,Electronic check,0
3306,17,66.99784346577944,4734.056264380466,Male,0,Yes,Yes,No,No phone service,No,No,No,Yes,No internet service,Yes,Yes,Month-to-month,Yes,Bank transfer,0
3307,68,105.79170722435677,4943.010126131847,Male,0,No,Yes,No,Yes,DSL,No internet service,Yes,No,Yes,No,No,Month-to-month,No,Mailed check,0
3308,48,49.85479259821639,6582.435153212873,Female,0,Yes,Yes,Yes,No phone service,DSL,Yes,No,No internet service,Yes,No internet service,Yes,One year,No,Mailed check,0
3309,52,112.37431312666486,2809.065303176047,Female,0,Yes,Yes,Yes,No phone service,No,Yes,Yes,No,No internet service,No,No,One year,Yes,Credit card,0
3310,25,42.98063414226651,1629.7040605036889,Female,0,Yes,No,Yes,No phone service,Fiber optic,Yes,No,No internet service,Yes,No,No internet service,Two year,No,Credit card,0
3311,21,94.95164151567806,1667.4023755518413,Male,1,No,No,No,No,No,No,Yes,No internet service,No internet service,Yes,No internet service,One year,No,Bank transfer,0
3312,65,83.05592343457383,5887.696589551849,Male,0,Yes,No,No,Yes,Fiber optic,No internet service,No,Yes,Yes,Yes,No internet service,Month-to-month,No,Mailed check,1
3313,63,94.95994411207623,4951.509720253335,Male,0,No,Yes,Yes,No,Fiber optic,Yes,No,Yes,No,No,Yes,Month-to-month,No,Credit card,1
3314,51,63.73475724325948,1730.0771407985021,Female,0,No,Yes,Yes,Yes,No,No internet service,No,No,No,Yes,No,Two year,No,Electronic check,1
3315,36,113.26410625539846,1246.0166176593461,Male,0,No,No,No,No phone service,Fiber optic,Yes,No internet service,No,No,No,Yes,Two year,Yes,Bank transfer,0
3316,66,83.24722024114774,1053.429710779585,Female,0,Yes,Yes,No,No,DSL,No internet service,Yes,Yes,No internet service,No internet service,Yes,Two year,Yes,Credit card,0
3317,15,48.82958045542563,5059.609316853998,Female,0,No,No,Yes,No,Fiber optic,No,No internet service,No,Yes,No,No internet service,Month-to-month,No,Credit card,0
3318,39,83.84550706521438,100.93729479571506,Female,0,Yes,Yes,No,No,Fiber optic,No,Yes,No,No,No,No,Month-to-month,No,Credit card,1
3319,70,48.68157472070312,244.72280656799546,Male,0,Yes,Yes,No,No phone service,Fiber optic,No internet service,No,Yes,No internet service,No internet service,Yes,Two year,Yes,Electronic check,1
3320,1,49.36323917598742,3177.4697714461527,Female,0,Yes,Yes,Yes,Yes,DSL,No internet service,Yes,No internet service,No,Yes,No,Two year,Yes,Electronic check,0
3321,23,59.95985116208679,5561.663927781683,Female,0,Yes,No,No,No phone service,DSL,No,Yes,Yes,No,No,Yes,Month-to-month,No,Credit card,0
3322,39,105.2430417569119,5590.811074329491,Female,0,No,Yes,No,No,No,No internet service,No,No,No internet service,Yes,No internet service,One year,No,Bank transfer,0
3323,57,70.0297874393992,3497.934361500756,Male,0,Yes,Yes,No,No,Fiber optic,No internet service,No,No internet service,No,No internet service,Yes,Month-to-month,Yes,Credit card,1
3324,34,87.89008422302074,5559.4814921761,Female,1,No,No,Yes,No phone service,DSL,No internet service,No,Yes,No internet service,No,No,One year,No,Mailed check,0
3325,41,59.1967740274463,4216.659818682991,Male,0,No,Yes,No,No,Fiber optic,Yes,Yes,No internet service,No,No,No internet service,Two year,No,Credit card,1
3326,13,46.36054398068815,7817.758192698791,Male,0,Yes,Yes,No,No,Fiber optic,No internet service,No,No,No internet service,No,Yes,Month-to-month,Yes,Electronic check,1
3327,70,115.46401607162313,1383.4356893109812,Female,0,Yes,No,Yes,Yes,No,Yes,No,No internet service,No,No,No,Two year,No,Mailed check,0
3328,6,80.35812471230626,4845.271414874284,Female,0,No,Yes,No,Yes,Fiber optic,No,Yes,No,Yes,Yes,No,Two year,Yes,Electronic check,1
3329,52,113.39513385827183,3980.786330012929,Male,0,No,No,No,Yes,DSL,No,No internet service,Yes,Yes,Yes,No internet service,Two year,Yes,Bank transfer,1
3330,3,40.3413002198315,1636.2841227957858,Female,0,Yes,Yes,No,Yes,No,No,Yes,No internet service,No internet service,No internet service,No internet service,Month-to-month,No,Bank transfer,1
3331,63,34.68941639129328,6024.924413919457,Male,1,Yes,Yes,Yes,Yes,No,No internet service,Yes,No internet service,No internet service,Yes,Yes,Month-to-month,Yes,Credit card,1
3332,49,105.58229071239036,2276.5133574627625,Male,0,Yes,No,Yes,Yes,Fiber optic,No,Yes,No internet service,Yes,No,No internet service,One year,No,Bank transfer,1
3333,47,88.09172126172514,3115.5075708389786,Male,0,No,Yes,No,No,Fiber optic,Yes,No,No,No internet service,No internet service,Yes,Month-to-month,Yes,Mailed check,0
3334,55,38.65784992536413,3061.161499741487,Female,0,Yes,No,Yes,No,DSL,Yes,Yes,Yes,No,No,No,One year,No,Electronic check,0
3335,64,46.935970066353775,2029.2153381847954,Male,0,Yes,Yes,Yes,Yes,Fiber optic,No internet service,No internet service,Yes,No,No,No internet service,One year,Yes,Credit card,0
3336,65,100.06639415253112,3502.572120417401,Male,0,Yes,No,Yes,No phone service,DSL,Yes,Yes,No,No,No internet service,No,Month-to-month,Yes,Bank transfer,1
3337,67,65.3868619995936,3839.4324593281844,Female,1,Yes,Yes,Yes,Yes,Fiber optic,Yes,Yes,No internet service,No,No,No,Month-to-month,No,Electronic check,1
3338,15,87.05405065060908,5979.351215193529,Female,0,No,Yes,Yes,No,DSL,No,No,No,No,No,Yes,Two year,Yes,Electronic check,0
3339,32,51.83520221360109,6144.041737578594,Male,1,No,Yes,Yes,No phone service,Fiber optic,Yes,No,No,No,No internet service,No internet service,Two year,No,Bank transfer,1
3340,68,58.12299527748767,1352.5921495041305,Male,0,Yes,Yes,Yes,No phone service,No,No,No internet service,Yes,No,Yes,Yes,Month-to-month,Yes,Credit card,0
3341,18,119.07125586231051,4782.901164687503,Male,0,No,Yes,Yes,No phone service,DSL,No,Yes,No,No internet service,No internet service,No internet service,One year,No,Electronic check,0
3342,43,44.761708717471855,7179.9626064072245,Female,1,Yes,No,Yes,No,No,Yes,Yes,No internet service,Yes,No internet service,Yes,Month-to-month,Yes,Credit card,0
3343,35,70.6456377036514,959.4142101880304,Male,0,No,Yes,No,No phone service,No,Yes,Yes,No,No,No internet service,Yes,Two year,No,Electronic check,1
3344,58,104.44023431905322,3836.0209518196943,Male,1,No,No,Yes,No,No,No internet service,Yes,No,No,Yes,Yes,One year,Yes,Credit card,1
3345,33,43.9223213665858,6027.789667025908,Female,0,Yes,No,Yes,No,No,No internet service,Yes,No,No internet service,No internet service,No,Two year,No,Credit card,0
3346,14,61.521375668433066,4930.781541620512,Female,0,Yes,Yes,No,Yes,DSL,Yes,Yes,No internet service,No internet service,Yes,No internet service,Month-to-month,Yes,Bank transfer,0
3347,34,81.50912873699883,894.6266871133287,Male,0,Yes,Yes,No,No,Fiber optic,No,No,No,Yes,No,No,Month-to-month,No,Electronic check,0
3348,61,68.11881514751025,3233.1883902726818,Female,0,Yes,Yes,No,No phone service,No,No,No internet service,Yes,Yes,No internet service,No,Month-to-month,No,Bank transfer,1
3349,4,65.95022665703175,4107.1920359132255,Male,0,No,No,No,No,Fiber optic,No internet service,Yes,No,No internet service,No,Yes,Two year,Yes,Mailed check,1
3350,59,56.25097313221236,7967.180253558556,Male,0,Yes,Yes,Yes,No,DSL,No,Yes,No,No,No,Yes,Month-to-month,No,Credit card,0
3351,29,78.6646327774925,1511.002483656857,Female,1,Yes,Yes,Yes,Yes,Fiber optic,No internet service,No,Yes,No,Yes,No,Month-to-month,Yes,Electronic check,1
3352,6,82.43726979236104,7861.147760564889,Male,0,Yes,Yes,Yes,Yes,DSL,No,Yes,Yes,No,No,No internet service,Month-to-month,No,Bank transfer,0
3353,49,85.32895409013626,3071.5832954126067,Male,0,Yes,Yes,No,No,Fiber optic,Yes,No,Yes,No,No,Yes,Two year,No,Mailed check,1
3354,40,27.03681079060293,1682.5318399831888,Female,0,Yes,Yes,Yes,No,DSL,Yes,No internet service,Yes,No,No internet service,No,Two year,No,Credit card,0
3355,65,83.10341757120489,3371.4617487795686,Male,0,Yes,Yes,Yes,No,DSL,No,Yes,Yes,No internet service,No,No internet service,Month-to-month,No,Electronic check,0
3356,69,115.32371787812328,4950.561479875056,Female,0,No,No,No,Yes,Fiber optic,No internet service,No internet service,Yes,Yes,No internet service,No internet service,Two year,Yes,Bank transfer,0
3357,27,74.09862355280836,1786.6294118968674,Male,0,Yes,Yes,No,Yes,No,Yes,Yes,No internet service,Yes,No,No,One year,No,Electronic check,0
3358,6,91.52670825092443,2402.368758086809,Female,0,No,No,No,No phone service,No,No internet service,No internet service,No,No internet service,Yes,No,One year,No,Credit card,1
3359,13,75.67323077592178,6850.91736370879,Female,0,Yes,No,No,No phone service,Fiber optic,Yes,No internet service,No internet service,No,No,No internet service,One year,No,Mailed check,1
3360,64,105.47406185919787,7992.174747184056,Female,0,No,Yes,No,No phone service,No,No,Yes,No internet service,No internet service,Yes,No internet service,One year,No,Credit card,0
3361,62,112.95830945975689,2613.5642628375685,Female,0,No,Yes,Yes,No phone service,No,Yes,No internet service,Yes,Yes,No internet service,No,Month-to-month,Yes,Electronic check,0
3362,19,38.42198992963593,1275.9687512045282,Female,0,No,No,No,Yes,DSL,No,No,No,Yes,No internet service,No,One year,No,Credit card,0
3363,43,63.68600365571266,6366.049477952929,Female,0,Yes,Yes,No,Yes,Fiber optic,No internet service,No,No internet service,Yes,No,No internet service,Month-to-month,Yes,Bank transfer,0
3364,20,59.23821009327213,4843.5999294736475,Male,0,No,Yes,Yes,No,No,Yes,No internet service,No,Yes,No,Yes,Month-to-month,Yes,Electronic check,0
3365,68,60.521512329927866,893.169032667249,Male,0,Yes,Yes,Yes,No phone service,No,No internet service,No internet service,No,No internet service,No internet service,No internet service,Two year,No,Electronic check,0
3366,44,32.552418122787586,7579.494703344566,Female,1,No,Yes,Yes,No,No,No internet service,No,Yes,No,No internet service,No internet service,One year,No,Electronic check,0
3367,23,101.36157259807193,716.5912743591467,Male,0,Yes,No,No,No,Fiber optic,No,Yes,No,No,No internet service,No internet service,Month-to-month,No,Mailed check,0
3368,2,23.576624301493524,5040.315572905765,Female,0,Yes,No,No,Yes,No,No internet service,No,No internet service,No internet service,Yes,No internet service,Two year,No,Mailed check,1
3369,22,72.8226607727157,3449.1043215592936,Female,0,No,No,Yes,No,No,Yes,No internet service,No internet service,No,No,Yes,Month-to-month,No,Electronic check,1
3370,57,86.18783880446912,4497.328954095493,Male,0,Yes,Yes,Yes,No,No,No,No,Yes,No,No internet service,No,Month-to-month,Yes,Mailed check,1
3371,7,40.74694380588772,1784.392145715141,Female,0,No,No,No,Yes,DSL,No,Yes,No internet service,No,No internet service,No internet service,Two year,No,Mailed check,1
3372,56,110.58501920987956,5536.072154080148,Male,0,No,No,Yes,Yes,Fiber optic,No,No,Yes,No,No,No,Month-to-month,No,Bank transfer,0
3373,67,103.8549207024793,7681.785544153384,Female,0,Yes,No,Yes,Yes,No,No internet service,Yes,No internet service,Yes,No,No,Two year,No,Mailed check,0
3374,16,67.10837294839253,3721.5644049548337,Female,0,No,Yes,Yes,Yes,DSL,Yes,No internet service,No internet service,No,Yes,No,One year,Yes,Mailed check,1
3375,51,61.11489323401387,4231.370392788995,Male,0,Yes,Yes,Yes,No phone service,Fiber optic,Yes,No,Yes,No internet service,No internet service,No internet service,Month-to-month,No,Mailed check,1
3376,12,43.656792521110006,1994.5121974941624,Female,1,No,Yes,No,No phone service,DSL,Yes,No,No,Yes,No,No internet service,Month-to-month,Yes,Electronic check,1
3377,53,92.99932246449636,7145.757071633541,Female,1,Yes,Yes,No,No phone service,DSL,No,Yes,Yes,Yes,Yes,No internet service,One year,Yes,Electronic check,1
3378,5,33.174379963196415,7772.27780060567,Female,0,Yes,Yes,No,No,Fiber optic,No,No,No,No internet service,No internet service,Yes,Month-to-month,Yes,Mailed check,1
3379,27,88.02377538437831,6311.74539217983,Male,0,Yes,No,Yes,No phone service,No,Yes,No,No,No,Yes,No,Two year,Yes,Bank transfer,0
3380,12,104.24569861184136,4387.9106670624515,Male,0,No,No,No,Yes,No,No internet service,Yes,Yes,Yes,No,Yes,Two year,Yes,Mailed check,0
3381,17,42.84715759170237,7658.694913618182,Male,0,Yes,Yes,No,No phone service,DSL,No,No,Yes,No internet service,Yes,Yes,Two year,Yes,Bank transfer,1
3382,6,106.64274028987562,1315.4154374014868,Male,0,Yes,Yes,Yes,Yes,Fiber optic,Yes,Yes,Yes,No internet service,No internet service,No internet service,Month-to-month,No,Credit card,1
3383,5,23.332319943950846,3880.077793172226,Male,0,Yes,No,Yes,No phone service,Fiber optic,No internet service,No internet service,No,No,No,No,One year,No,Bank transfer,1
3384,57,111.27873853865253,4347.085083138663,Female,0,Yes,No,No,No phone service,No,No,No,No,No,No internet service,No,Month-to-month,Yes,Mailed check,0
3385,28,31.836222785129802,3986.1397160437764,Male,1,Yes,Yes,Yes,Yes,DSL,No,Yes,No,No internet service,Yes,No internet service,One year,No,Bank transfer,0
3386,69,84.57591779380326,6439.1044687117555,Male,0,Yes,Yes,Yes,Yes,No,No,Yes,No,No,Yes,No internet service,One year,No,Bank transfer,0
3387,59,45.00824689139418,5396.182839029276,Female,0,Yes,Yes,No,No,Fiber optic,Yes,No,Yes,No internet service,Yes,Yes,Month-to-month,No,Bank transfer,1
3388,33,103.65523911696138,1100.6018807542673,Female,0,Yes,No,No,No,Fiber optic,No,Yes,Yes,No,No,No internet service,One year,Yes,Credit card,0
3389,62,71.23003609154665,2836.965328010177,Male,0,Yes,No,No,No,No,No,No internet service,No,No,Yes,Yes,Month-to-month,No,Mailed check,1
3390,50,33.524119124650134,2778.7071022564023,Female,0,No,Yes,Yes,No phone service,No,No internet service,No internet service,No internet service,No internet service,No,No,Month-to-month,Yes,Bank transfer,1
3391,19,77.09915713259784,4568.494323064137,Female,1,Yes,Yes,Yes,No phone service,Fiber optic,Yes,No,Yes,No internet service,Yes,Yes,Month-to-month,Yes,Mailed check,1
3392,69,60.78826101969831,2402.521499497386,Female,0,Yes,No,Yes,Yes,DSL,No internet service,No internet service,No internet service,No,Yes,No internet service,Month-to-month,No,Credit card,1
3393,66,86.14478166131012,1026.4469794758938,Male,0,Yes,No,Yes,Yes,Fiber optic,No,No,No internet service,No internet service,No,No,Two year,Yes,Electronic check,1
3394,47,108.19032847634595,5264.09305869137,Female,0,No,No,Yes,No,DSL,Yes,No,No internet service,Yes,No,Yes,Month-to-month,No,Mailed check,0
3395,39,60.938913118341844,6823.191814426677,Female,0,Yes,Yes,Yes,Yes,No,Yes,Yes,No,No,No,Yes,Two year,No,Electronic check,0
3396,68,48.988067953385965,7459.703954180799,Male,0,Yes,Yes,No,No phone service,No,No,Yes,Yes,Yes,No internet service,No,Month-to-month,No,Credit card,0
3397,33,21.45150945276088,7783.369499509859,Female,1,No,Yes,No,Yes,DSL,Yes,Yes,No internet service,Yes,Yes,Yes,One year,Yes,Credit card,0
3398,13,77.48390378598748,6270.823085051211,Female,0,No,Yes,Yes,Yes,Fiber optic,Yes,Yes,No,Yes,No internet service,Yes,Two year,Yes,Electronic check,0
3399,54,60.227476743143356,1203.6491835060272,Male,0,No,No,No,Yes,Fiber optic,No internet service,No,Yes,No internet service,Yes,Yes,Month-to-month,No,Mailed check,1
3400,7,57.464921901482874,6839.583411470124,Male,0,Yes,No,No,Yes,DSL,Yes,Yes,No,No,Yes,No internet service,Month-to-month,Yes,Electronic check,1
3401,14,38.29353212842125,3259.684579721544,Male,1,Yes,Yes,No,Yes,DSL,Yes,Yes,Yes,No,Yes,No internet service,One year,No,Credit card,0
3402,19,63.00553451912743,5866.299378959673,Female,0,Yes,Yes,Yes,No,DSL,No internet service,No internet service,Yes,Yes,Yes,No internet service,One year,No,Credit card,1
3403,54,118.44419535833683,4297.017239190603,Male,0,Yes,Yes,No,No,DSL,No,No,No,No internet service,No internet service,Yes,Month-to-month,No,Mailed check,1
3404,20,49.77541536722443,6645.988455825391,Male,0,No,Yes,No,No phone service,Fiber optic,No internet service,No internet service,No internet service,No,Yes,No,One year,Yes,Mailed check,0
3405,29,79.97044134081003,3461.49528943354,Female,0,No,Yes,Yes,No,No,No,No internet service,Yes,No,No internet service,Yes,One year,No,Bank transfer,0
3406,24,97.64868813156667,588.1711048461641,Female,0,Yes,Yes,Yes,Yes,Fiber optic,No,No internet service,Yes,No,No,Yes,Two year,Yes,Electronic check,1
3407,63,94.91578231765317,4498.90731597152,Female,0,No,Yes,Yes,No,DSL,No,Yes,No internet service,Yes,No internet service,No internet service,One year,No,Mailed check,1
3408,57,52.877428749259074,1453.195381874618,Female,0,Yes,Yes,No,No phone service,Fiber optic,No internet service,No,Yes,Yes,Yes,No internet service,One year,No,Mailed check,1
3409,8,81.08600835168504,7727.589295588089,Female,0,Yes,Yes,No,No,DSL,No,No internet service,No internet service,Yes,No internet service,Yes,Two year,No,Electronic check,0
3410,62,107.12646852701572,4263.008220021384,Male,0,Yes,Yes,No,No phone service,DSL,No internet service,No internet service,Yes,Yes,No internet service,No internet service,Month-to-month,No,Credit card,1
3411,29,21.544742773307796,4473.114471314358,Male,0,Yes,No,Yes,No phone service,DSL,No internet service,No,No internet service,Yes,No,Yes,Two year,No,Electronic check,0
3412,17,63.57343568433076,7267.39913123706,Male,0,No,No,Yes,No phone service,DSL,No,Yes,Yes,No,No,No internet service,One year,No,Electronic check,1
3413,66,42.42734182419053,5034.223436694281,Female,0,No,No,Yes,Yes,Fiber optic,No,No internet service,Yes,Yes,No,Yes,Two year,No,Credit card,1
3414,6,58.8632290398839,2491.5620797986867,Male,0,Yes,No,No,No phone service,DSL,No internet service,No,Yes,No internet service,Yes,Yes,One year,Yes,Electronic check,0
3415,58,61.598960797524164,2439.147473615632,Female,0,Yes,Yes,No,No,Fiber optic,No internet service,Yes,No internet service,Yes,No internet service,No,Two year,No,Mailed check,0
3416,69,94.6670964786637,4062.471334261004,Female,1,No,No,No,No,Fiber optic,No,Yes,Yes,Yes,No internet service,No internet service,Two year,No,Electronic check,1
3417,28,29.382187239544315,6946.205008540355,Male,0,No,No,Yes,No,No,No,Yes,No,Yes,No,No,Month-to-month,No,Mailed check,1
3418,62,71.25839031325106,6378.3617918166,Male,0,Yes,No,Yes,No phone service,Fiber optic,No,Yes,No,No,Yes,No internet service,One year,No,Credit card,0
3419,41,76.41947917987453,7705.650629849074,Female,0,No,No,No,No phone service,No,No internet service,Yes,No,No,Yes,No internet service,Two year,No,Electronic check,1
3420,69,69.41576035518044,667.9003705324087,Female,0,No,No,No,Yes,No,No internet service,No,Yes,No internet service,Yes,No internet service,Two year,No,Bank transfer,1
3421,41,93.18732530627202,2219.775944818275,Male,0,No,Yes,No,No phone service,No,No internet service,Yes,No internet service,No,No,No,One year,No,Electronic check,0
3422,49,58.37912559068474,733.6408917284353,Male,0,Yes,No,Yes,No,Fiber optic,No,No internet service,No internet service,Yes,Yes,No internet service,Two year,No,Electronic check,1
3423,49,114.49670636400761,6033.525631829247,Female,0,No,No,No,Yes,No,Yes,No,Yes,No internet service,Yes,Yes,Month-to-month,Yes,Mailed check,1
3424,71,68.18034425389413,1212.5861442880307,Female,0,No,Yes,Yes,No,DSL,Yes,No internet service,No,No internet service,Yes,Yes,One year,No,Mailed check,1
3425,3,77.12139096147976,889.1019121810931,Female,0,No,No,No,Yes,Fiber optic,Yes,No internet service,No internet service,No internet service,No,No internet service,Month-to-month,Yes,Bank transfer,1
3426,10,102.55308233467494,4537.210436086505,Female,0,No,Yes,No,No phone service,DSL,Yes,Yes,Yes,Yes,No,No internet service,One year,Yes,Bank transfer,0
3427,35,47.523610593112245,3350.729225741352,Male,0,No,No,No,Yes,Fiber optic,Yes,Yes,No internet service,No,No internet service,No internet service,Month-to-month,Yes,Credit card,1
3428,2,27.520202876280244,5749.30057622349,Male,0,Yes,Yes,No,No phone service,No,No internet service,No,No,No,No internet service,No internet service,One year,Yes,Credit card,0
3429,24,90.77839783624825,3947.4215944321563,Female,0,No,Yes,No,No phone service,No,No,No,No,Yes,No internet service,No internet service,Two year,No,Electronic check,0
3430,38,68.30118555483787,3460.1433079295766,Female,1,No,Yes,No,No,Fiber optic,No,No internet service,No internet service,No,No,No internet service,One year,No,Mailed check,0
3431,22,109.65042509589948,3461.45354510107,Male,0,No,No,No,No phone service,No,No,Yes,Yes,Yes,No internet service,No,Two year,Yes,Electronic check,0
3432,26,118.26800487224341,6987.823405150952,Female,0,No,No,No,No phone service,DSL,No,Yes,Yes,Yes,Yes,Yes,Month-to-month,No,Mailed check,1
3433,43,59.91093505747292,3222.2826407074845,Female,0,Yes,Yes,No,No phone service,DSL,No,No internet service,No internet service,No internet service,No,No internet service,Two year,Yes,Credit card,1
3434,55,61.543901625966086,2733.8373093801047,Female,0,Yes,Yes,No,No,No,Yes,Yes,No,No,No,No,Month-to-month,Yes,Mailed check,1
3435,39,60.79626022057264,2774.427108479562,Female,0,Yes,Yes,Yes,No phone service,Fiber optic,No,No,Yes,No internet service,No internet service,No,Two year,Yes,Mailed check,0
3436,29,52.45541097309261,1653.1462948376334,Female,0,No,Yes,Yes,No,Fiber optic,No,No internet service,No internet service,No,Yes,No internet service,Month-to-month,Yes,Credit card,1
3437,20,98.16870977663974,6899.441919534517,Female,0,No,Yes,No,Yes,DSL,Yes,Yes,No internet service,Yes,Yes,No,One year,Yes,Credit card,1
3438,41,95.89957624907277,1258.3834387178945,Male,1,Yes,Yes,No,No,No,No,No internet service,No,No internet service,No,Yes,One year,No,Mailed check,1
3439,54,67.86448705505248,7278.024828616882,Female,0,Yes,Yes,Yes,No,No,Yes,Yes,No,Yes,No,No internet service,Two year,Yes,Bank transfer,0
3440,20,24.466121637889877,2339.395003096949,Male,0,Yes,Yes,Yes,No phone service,DSL,Yes,Yes,Yes,Yes,No internet service,No internet service,One year,No,Mailed check,0
3441,19,50.95593015130734,7205.47189517339,Male,0,Yes,Yes,Yes,No,Fiber optic,No internet service,Yes,Yes,No internet service,Yes,Yes,Two year,Yes,Credit card,0
3442,66,49.23030465548375,6347.483188835159,Male,0,Yes,Yes,No,Yes,No,No,No,Yes,No internet service,No,No,Month-to-month,Yes,Bank transfer,1
3443,30,101.10872462002584,4697.701415507833,Female,0,Yes,No,No,No,Fiber optic,No,No internet service,No,No,Yes,No internet service,Month-to-month,Yes,Bank transfer,0
3444,53,28.75755734161747,5388.813030956933,Female,0,No,Yes,No,No phone service,Fiber optic,No,No,No internet service,No,No,Yes,One year,No,Electronic check,1
3445,34,100.56753790427041,2674.1683175169287,Female,0,No,No,No,Yes,DSL,Yes,No,Yes,No internet service,No internet service,Yes,One year,No,Credit card,1
3446,22,86.9183652199143,4636.4060531885325,Male,0,Yes,Yes,Yes,No phone service,Fiber optic,No internet service,No internet service,Yes,No,No,No internet service,Two year,No,Electronic check,0
3447,67,93.24414591304492,2409.9829157409067,Male,0,No,No,Yes,No phone service,DSL,No,No internet service,Yes,Yes,No,Yes,Two year,Yes,Credit card,0
3448,6,63.22131875850235,3277.955229734647,Female,0,No,Yes,Yes,No,No,Yes,Yes,No internet service,Yes,No,No internet service,Month-to-month,No,Bank transfer,1
3449,27,87.97257960017582,6140.834186311034,Female,0,Yes,No,Yes,No phone service,Fiber optic,Yes,Yes,Yes,Yes,No internet service,No,Month-to-month,Yes,Bank transfer,1
3450,10,80.90289447069159,2027.0672541007082,Male,0,Yes,Yes,No,Yes,DSL,Yes,No internet service,Yes,Yes,No internet service,No internet service,Two year,No,Credit card,1
3451,48,96.89801952286295,6726.883525116548,Male,0,No,Yes,Yes,Yes,DSL,Yes,Yes,No,Yes,No internet service,No internet service,One year,Yes,Bank transfer,0
3452,70,64.6769834468252,3069.4745439534727,Male,0,No,Yes,Yes,Yes,Fiber optic,No internet service,Yes,No,Yes,No,Yes,One year,No,Credit card,0
3453,59,67.28256248963024,4304.14269076383,Female,0,No,No,No,Yes,DSL,No internet service,No internet service,No,No,No,Yes,Two year,Yes,Mailed check,0
3454,59,84.35762227398202,7541.4878517467,Male,0,Yes,Yes,No,No,No,Yes,No,No internet service,No internet service,Yes,No,Two year,No,Credit card,0
3455,2,30.80774936663883,5481.919478476311,Male,0,No,Yes,No,Yes,Fiber optic,No,No internet service,No,No internet service,No internet service,No internet service,One year,Yes,Credit card,0
3456,29,63.62444483643173,5200.272491472556,Male,0,Yes,Yes,Yes,No,No,No internet service,No internet service,Yes,No,No internet service,No,One year,Yes,Mailed check,0
3457,68,117.19508452598056,5721.70104807973,Female,1,Yes,No,Yes,No phone service,DSL,No,No,Yes,No,No,Yes,One year,No,Bank transfer,1
3458,65,23.75523200600456,7353.079576208435,Female,0,No,No,No,No phone service,No,No,Yes,No internet service,No,No internet service,No,One year,No,Bank transfer,1
3459,26,51.60047228663938,2063.2583028499357,Female,0,Yes,Yes,No,No,DSL,No internet service,No,No internet service,No internet service,Yes,No internet service,Two year,No,Bank transfer,0
3460,10,51.410981908937075,4944.6055258147735,Male,0,Yes,Yes,No,No phone service,DSL,No,No,Yes,No,No internet service,No internet service,Month-to-month,No,Electronic check,0
3461,53,83.34641192357726,3263.111449630853,Male,0,Yes,No,No,No phone service,No,No internet service,No internet service,No internet service,No,No internet service,No internet service,One year,Yes,Electronic check,0
3462,59,30.58003594241399,193.656816360927,Male,0,No,No,Yes,Yes,Fiber optic,No internet service,Yes,Yes,No internet service,No internet service,Yes,Month-to-month,Yes,Credit card,0
3463,22,82.85440308788611,1089.8770816082626,Male,1,No,Yes,No,No phone service,Fiber optic,No,Yes,No,No,Yes,Yes,Month-to-month,No,Credit card,1
3464,51,29.504024065161943,2667.4359725823483,Female,0,No,Yes,Yes,No phone service,Fiber optic,No,No,Yes,Yes,Yes,No internet service,One year,Yes,Credit card,1
3465,48,29.4953647418331,4563.499772337134,Male,1,Yes,Yes,No,No,No,Yes,No internet service,No internet service,No internet service,No internet service,Yes,Two year,No,Mailed check,0
3466,21,92.81833571884823,7063.650735900545,Male,0,No,No,No,Yes,No,No internet service,No,No,No internet service,Yes,No,Month-to-month,No,Mailed check,0
3467,22,52.41351738327963,6349.801533791372,Female,0,Yes,No,Yes,No phone service,No,No,Yes,Yes,No internet service,No,No,Month-to-month,Yes,Electronic check,1
3468,30,117.74229477137479,4471.336012139886,Male,0,No,Yes,No,No phone service,No,No internet service,Yes,No internet service,No,No internet service,No internet service,Two year,No,Mailed check,1
3469,25,23.735293643555494,683.5763014689942,Male,0,Yes,No,No,No,Fiber optic,Yes,No internet service,No internet service,No internet service,Yes,Yes,One year,No,Credit card,0
3470,28,64.5106663717994,2358.659694120331,Male,0,No,No,No,No phone service,Fiber optic,Yes,No internet service,No,Yes,Yes,No internet service,One year,Yes,Mailed check,0
3471,65,31.313593767402363,2996.9983183487266,Female,0,No,Yes,Yes,Yes,DSL,Yes,No,Yes,Yes,Yes,No,Two year,No,Credit card,0
3472,45,55.137896675810865,5011.565763110356,Male,0,Yes,Yes,Yes,Yes,No,Yes,No internet service,Yes,No internet service,No,No,Two year,Yes,Bank transfer,0
3473,68,119.82224506090506,612.8966215407448,Female,0,Yes,Yes,No,Yes,Fiber optic,Yes,No,No internet service,Yes,Yes,Yes,Month-to-month,No,Bank transfer,1
3474,7,108.88425117385317,4288.52908055374,Male,0,No,No,No,No,Fiber optic,Yes,No internet service,No,No,No,No,One year,Yes,Electronic check,0
3475,49,24.83244088553969,7221.5701515431865,Female,0,No,No,Yes,Yes,Fiber optic,Yes,No,Yes,No internet service,No,Yes,One year,No,Credit card,0
3476,9,76.32558438256834,5672.918296009482,Female,0,Yes,Yes,Yes,Yes,Fiber optic,Yes,Yes,No,Yes,Yes,Yes,Two year,Yes,Bank transfer,1
3477,36,84.78223048244357,6396.906771845775,Female,0,No,No,Yes,Yes,Fiber optic,No internet service,Yes,No internet service,No,No,No,Two year,No,Credit card,1
3478,1,40.953462395012565,5485.2376220366805,Male,0,Yes,No,No,Yes,Fiber optic,No,Yes,Yes,No internet service,Yes,No,One year,Yes,Mailed check,1
3479,10,34.510557339645025,1732.0539861634786,Male,0,Yes,No,No,Yes,No,No internet service,Yes,No internet service,No internet service,Yes,No internet service,One year,No,Bank transfer,0
3480,36,110.43811346655234,972.8221785215472,Female,0,Yes,No,No,Yes,DSL,No internet service,Yes,Yes,No internet service,Yes,Yes,One year,No,Mailed check,0
3481,46,116.88164414833767,6652.976316738781,Female,0,Yes,Yes,No,No,DSL,No,Yes,No internet service,Yes,No internet service,No internet service,Month-to-month,No,Credit card,1
3482,32,119.18928573196418,5594.485044522674,Male,0,Yes,No,Yes,Yes,No,No,No internet service,Yes,No internet service,No,Yes,Month-to-month,Yes,Electronic check,0
3483,32,98.97617737346346,4642.986314649309,Female,1,Yes,Yes,Yes,No phone service,Fiber optic,Yes,No internet service,No,Yes,No,No,Month-to-month,Yes,Bank transfer,1
3484,6,86.35020694052571,1595.3346332491433,Male,0,Yes,No,Yes,No,No,No,No internet service,Yes,No,Yes,Yes,One year,Yes,Electronic check,1
3485,48,54.573025219299794,4866.425225962852,Male,0,Yes,Yes,No,No phone service,Fiber optic,No internet service,No,Yes,No,No,No internet service,One year,No,Bank transfer,0
3486,38,37.139831232475245,347.4421032550623,Female,0,Yes,No,Yes,No phone service,Fiber optic,Yes,No internet service,No internet service,No,Yes,Yes,One year,No,Bank transfer,0
3487,17,27.89805993662317,1038.8291617122795,Female,0,Yes,Yes,No,Yes,Fiber optic,No internet service,No internet service,Yes,No internet service,No,No,One year,Yes,Bank transfer,0
3488,27,89.3297468551492,2563.9321834549537,Male,0,Yes,Yes,Yes,No phone service,Fiber optic,No,No,Yes,No,No,No internet service,One year,Yes,Electronic check,0
3489,54,98.47234151793583,3605.532391548198,Male,1,Yes,No,No,No phone service,Fiber optic,No internet service,No,Yes,Yes,Yes,Yes,Two year,Yes,Bank transfer,1
3490,50,102.645365245498,1052.459516993803,Male,1,Yes,No,No,No phone service,No,No internet service,Yes,No internet service,Yes,Yes,Yes,Month-to-month,Yes,Mailed check,1
3491,35,111.37650033037986,1047.5274524745328,Female,0,Yes,Yes,Yes,Yes,No,Yes,No internet service,Yes,Yes,Yes,Yes,One year,No,Credit card,0
3492,25,107.99295636383737,5834.55991861072,Male,0,Yes,No,Yes,Yes,DSL,Yes,No internet service,No,Yes,No,Yes,Two year,Yes,Bank transfer,0
3493,28,119.97412722580926,4600.783311614537,Female,0,Yes,Yes,Yes,Yes,Fiber optic,No internet service,No,No,Yes,No internet service,Yes,Month-to-month,No,Bank transfer,1
3494,15,44.406401096725126,4316.561648143554,Female,1,No,Yes,Yes,No,No,No,Yes,No internet service,Yes,No internet service,No,Two year,No,Mailed check,0
3495,4,96.33076152122106,3674.2325114286446,Male,0,No,Yes,Yes,Yes,No,Yes,No internet service,Yes,No,No,No,One year,Yes,Electronic check,1
3496,27,78.64595123747976,7814.690540122055,Female,0,Yes,Yes,Yes,Yes,Fiber optic,No internet service,No,No internet service,No internet service,No,No internet service,Two year,Yes,Electronic check,0
3497,26,46.12451324535824,493.42223486557646,Female,0,No,No,No,No phone service,Fiber optic,Yes,No,Yes,Yes,Yes,Yes,Two year,No,Mailed check,0
3498,19,118.19053222869428,1526.9546916764616,Female,1,No,No,Yes,Yes,No,Yes,No internet service,No internet service,No,Yes,No,Two year,Yes,Bank transfer,1
3499,17,109.78981047742522,5215.311283469775,Female,1,No,No,No,No phone service,Fiber optic,No,No,Yes,No,Yes,No,Month-to-month,Yes,Mailed check,1
3500,43,32.85156684441164,1177.2886654248066,Male,0,Yes,No,No,Yes,No,No internet service,No,Yes,Yes,No,Yes,Two year,Yes,Mailed check,0
3501,41,22.615834232341985,4756.109410272473,Male,0,Yes,No,No,Yes,DSL,No internet service,No internet service,No internet service,No,Yes,No internet service,Month-to-month,No,Credit card,1
3502,42,88.83307623326769,4585.313681300532,Female,0,Yes,Yes,Yes,Yes,Fiber optic,No internet service,Yes,No internet service,Yes,Yes,Yes,One year,Yes,Credit card,0
3503,50,80.41306288565352,7770.940950753171,Female,0,No,No,Yes,Yes,DSL,No internet service,No internet service,No internet service,No internet service,No,No internet service,One year,No,Bank transfer,0
3504,40,113.58156241111459,7078.753247687277,Female,0,No,No,Yes,Yes,DSL,No internet service,Yes,Yes,Yes,No internet service,No internet service,Month-to-month,Yes,Mailed check,1
3505,39,43.40052871603699,7569.871415762876,Female,0,Yes,No,Yes,Yes,DSL,Yes,No,No internet service,No internet service,Yes,No,One year,No,Electronic check,1
3506,23,28.438794789498704,997.458718844439,Female,0,No,Yes,Yes,Yes,Fiber optic,Yes,No internet service,Yes,No,No internet service,No internet service,Month-to-month,No,Electronic check,0
3507,52,45.92153337719864,6958.372654308091,Male,1,No,No,Yes,No phone service,DSL,Yes,No internet service,No,No,Yes,No,Month-to-month,Yes,Credit card,0
3508,47,21.892764051146344,1119.8162276536173,Male,0,Yes,No,No,No,No,Yes,Yes,No,Yes,Yes,No,Two year,Yes,Electronic check,0
3509,63,23.58927511889324,5100.164210497513,Male,0,No,No,No,No,No,No,No,Yes,No,Yes,Yes,Month-to-month,Yes,Mailed check,1
3510,69,111.48578059207595,5788.617469356218,Male,0,No,No,No,Yes,Fiber optic,No,No internet service,Yes,No,No,Yes,One year,Yes,Credit card,0
3511,43,55.201658250187826,1370.7426353793583,Female,0,Yes,No,No,No,Fiber optic,No internet service,No internet service,No internet service,No internet service,No,No internet service,Month-to-month,Yes,Credit card,0
3512,48,61.080900100968066,5098.009069843363,Female,0,No,Yes,No,No phone service,DSL,No,No,Yes,Yes,Yes,Yes,Month-to-month,No,Bank transfer,1
3513,34,21.837165453810442,514.4378940047532,Male,0,Yes,No,Yes,No phone service,Fiber optic,Yes,Yes,Yes,Yes,Yes,Yes,Month-to-month,No,Credit card,1
3514,40,47.05217801718466,2416.8020773683584,Male,0,Yes,No,Yes,No phone service,No,Yes,No internet service,No,No internet service,No,No internet service,Two year,No,Credit card,0
3515,61,100.4725983741431,7377.152102079522,Male,0,Yes,No,No,No,No,Yes,No,No internet service,No internet service,No,Yes,Month-to-month,Yes,Electronic check,1
3516,50,81.54909596667193,1456.6761869247666,Female,0,Yes,Yes,No,No,No,Yes,No internet service,No internet service,No internet service,No internet service,No,One year,No,Credit card,1
3517,67,95.37806010864153,615.6329403575872,Female,0,Yes,No,No,No,Fiber optic,Yes,No internet service,Yes,Yes,No,Yes,Two year,No,Credit card,0
3518,62,64.7213740793785,3605.0577772781294,Female,0,Yes,No,Yes,Yes,No,No internet service,No internet service,No internet service,No internet service,Yes,Yes,One year,Yes,Bank transfer,0
3519,58,50.972922175133,6819.883847365445,Male,0,Yes,Yes,Yes,No phone service,Fiber optic,No internet service,Yes,No,Yes,No,Yes,Two year,Yes,Bank transfer,1
3520,33,68.28100933283703,705.7118175494907,Male,0,No,No,Yes,No phone service,DSL,Yes,No,No,No internet service,No internet service,No,Two year,Yes,Credit card,0
3521,16,52.307106840575116,2908.7293853202273,Female,0,Yes,Yes,Yes,Yes,No,No internet service,No internet service,No,No,No internet service,No internet service,One year,Yes,Electronic check,0
3522,48,103.8971096674068,7208.221193018677,Female,0,No,No,Yes,No,DSL,No,No internet service,Yes,Yes,Yes,No,One year,Yes,Mailed check,0
3523,10,49.76737155928457,1033.4288445611892,Female,0,No,Yes,Yes,No phone service,No,No,No internet service,Yes,Yes,No,No internet service,Two year,Yes,Electronic check,1
3524,38,85.97636404530837,2554.281196704378,Male,1,Yes,Yes,Yes,No,No,Yes,Yes,No,Yes,No internet service,No,Two year,No,Mailed check,0
3525,19,33.69822223095278,6249.522831132061,Female,1,No,Yes,No,Yes,No,No internet service,No internet service,No,No,No internet service,Yes,One year,Yes,Bank transfer,0
3526,36,88.686649373491,4391.366798396554,Female,1,Yes,Yes,No,No,DSL,Yes,No,No internet service,No,No internet service,No,Two year,No,Credit card,1
3527,59,111.32997116000338,6675.431811005306,Male,0,Yes,No,Yes,Yes,No,No internet service,Yes,No internet service,Yes,Yes,No internet service,Two year,No,Electronic check,0
3528,63,80.85831546399083,981.6036050855073,Female,0,Yes,Yes,No,No,DSL,Yes,No,No internet service,No internet service,No internet service,Yes,Two year,No,Electronic check,0
3529,46,75.98553800344772,7372.37795389981,Female,0,Yes,Yes,Yes,Yes,Fiber optic,Yes,No internet service,No internet service,Yes,No,No internet service,Two year,No,Mailed check,0
3530,3,116.11182680216402,7485.80317667015,Female,0,Yes,No,No,No phone service,No,Yes,No internet service,No,Yes,Yes,Yes,Two year,No,Mailed check,1
3531,65,82.73965553158465,1326.97285915898,Female,0,Yes,No,Yes,Yes,No,No,Yes,No internet service,No,No,Yes,Month-to-month,Yes,Credit card,0
3532,8,45.95504332730826,367.6161688133254,Male,0,No,Yes,Yes,No,DSL,No internet service,No internet service,No,No,No,No,Month-to-month,Yes,Credit card,1
3533,51,49.23910238477404,7919.746917448993,Female,0,No,Yes,No,No phone service,No,No internet service,No,No,No internet service,No internet service,No internet service,Two year,No,Bank transfer,0
3534,6,90.53066425359272,3909.787579189153,Male,1,No,No,Yes,No,Fiber optic,No,No,Yes,No internet service,Yes,No,Month-to-month,Yes,Credit card,1
3535,39,93.54365938921863,4619.395691879908,Female,0,No,Yes,No,No,No,No,No,No internet service,Yes,Yes,No internet service,Two year,Yes,Electronic check,0
3536,60,50.349623178901524,4965.6473959659525,Male,1,No,No,Yes,Yes,Fiber optic,No internet service,No internet service,No,Yes,No,No,Two year,Yes,Electronic check,0
3537,28,54.53439779263302,6338.380855965972,Female,0,Yes,No,No,Yes,Fiber optic,No internet service,No internet service,Yes,No internet service,Yes,Yes,Two year,No,Electronic check,0
3538,54,119.1056508739087,6514.704955462751,Female,0,No,Yes,Yes,No,No,Yes,Yes,Yes,Yes,Yes,No internet service,Month-to-month,No,Mailed check,1
3539,37,30.195254958027746,1632.0092721262138,Male,1,Yes,No,No,Yes,No,Yes,Yes,No,Yes,Yes,No internet service,Two year,Yes,Credit card,0
3540,9,60.46450284400993,1969.4302510048599,Female,0,Yes,No,Yes,No,Fiber optic,No internet service,No,No,No internet service,Yes,No,Month-to-month,No,Credit card,1
3541,56,26.244753119750747,7026.980928676339,Female,0,Yes,Yes,No,Yes,Fiber optic,No internet service,No,No internet service,No internet service,No internet service,No internet service,Two year,No,Mailed check,0
3542,59,102.1078361998241,6574.189077529632,Male,0,Yes,No,No,Yes,Fiber optic,Yes,Yes,No internet service,No internet service,No,No,Month-to-month,Yes,Electronic check,0
3543,2,29.234583894543224,4979.193114276247,Female,1,Yes,No,No,No,No,No,Yes,No,No,No,No,Month-to-month,Yes,Mailed check,1
3544,61,87.40073564627112,7958.123357086313,Female,0,Yes,Yes,No,No phone service,DSL,No internet service,No,No,No internet service,Yes,No internet service,One year,Yes,Bank transfer,1
3545,58,25.648342400348206,5907.953154055457,Female,0,Yes,No,Yes,Yes,No,No internet service,Yes,Yes,No,Yes,No,Two year,Yes,Electronic check,1
3546,60,87.28550378096911,1805.110468228966,Female,0,No,No,No,No,DSL,No,No internet service,Yes,No internet service,No,No internet service,Month-to-month,No,Electronic check,1
3547,40,104.30369469277032,6788.488108228158,Female,0,Yes,Yes,Yes,No phone service,DSL,No,No internet service,Yes,No internet service,No,Yes,One year,Yes,Bank transfer,0
3548,36,59.88215269240574,3376.387827324106,Male,0,Yes,No,Yes,Yes,No,No,Yes,Yes,No,No internet service,No,Two year,No,Electronic check,0
3549,37,72.21264934321769,385.60601827618456,Male,1,No,No,Yes,Yes,DSL,No internet service,Yes,Yes,No,Yes,Yes,Month-to-month,Yes,Electronic check,1
3550,18,60.15417380052825,2639.228094712198,Female,0,No,No,Yes,No,Fiber optic,No internet service,No internet service,No internet service,Yes,No,No,One year,Yes,Credit card,0
3551,63,50.04887586326389,6132.054749069144,Female,1,Yes,No,Yes,Yes,No,No internet service,No internet service,Yes,Yes,No internet service,No internet service,One year,No,Electronic check,0
3552,22,100.32634006271282,7685.629036773138,Male,0,No,Yes,Yes,No,DSL,Yes,No,No,Yes,No internet service,No,One year,Yes,Electronic check,0
3553,11,47.200257373098964,2281.4776887952316,Male,0,Yes,No,Yes,No,Fiber optic,No,Yes,No internet service,No,Yes,No,Month-to-month,Yes,Mailed check,1
3554,58,92.29434243894471,2047.478962836749,Male,1,Yes,Yes,Yes,Yes,DSL,No,No internet service,Yes,No internet service,No internet service,No internet service,Two year,Yes,Bank transfer,0
3555,57,40.619707925520224,4552.57102622657,Male,0,Yes,No,No,No phone service,DSL,Yes,Yes,Yes,No,No internet service,Yes,Two year,Yes,Electronic check,0
3556,4,44.985379607832954,6512.30280733333,Male,0,Yes,Yes,No,Yes,Fiber optic,Yes,No internet service,Yes,No internet service,No internet service,No internet service,One year,Yes,Mailed check,1
3557,7,53.646116257721225,5997.552889071479,Male,1,No,No,Yes,No phone service,Fiber optic,Yes,No internet service,No,No internet service,No internet service,Yes,Two year,Yes,Electronic check,1
3558,61,78.91563773937882,4523.675330246251,Female,0,No,Yes,No,Yes,No,Yes,Yes,Yes,No internet service,No internet service,Yes,One year,Yes,Mailed check,0
3559,54,65.44223191595411,5087.978484754381,Female,0,No,Yes,No,No phone service,DSL,No,No,No,Yes,Yes,No,Month-to-month,No,Mailed check,1
3560,68,94.51448098278203,2012.5817628781176,Female,0,Yes,No,Yes,Yes,No,Yes,No internet service,No,No,Yes,No,Month-to-month,Yes,Bank transfer,0
3561,1,41.35673003361923,3517.33669352647,Female,0,Yes,No,No,No phone service,No,Yes,Yes,Yes,No,Yes,Yes,Two year,No,Mailed check,1
3562,55,21.06722878488341,2117.3884495103694,Female,1,No,Yes,No,No phone service,DSL,No,No internet service,Yes,Yes,Yes,No internet service,One year,Yes,Credit card,0
3563,3,97.655747178522,7086.902001272638,Male,0,No,Yes,No,Yes,DSL,No,Yes,No internet service,No internet service,No,Yes,Month-to-month,No,Electronic check,1
3564,38,102.16493338800724,989.1806081875744,Male,0,Yes,Yes,Yes,Yes,No,No,Yes,No internet service,Yes,Yes,No,Two year,No,Credit card,1
3565,1,25.948016310838955,5469.950407065329,Male,0,No,Yes,Yes,No,Fiber optic,No,No internet service,No internet service,No internet service,Yes,No internet service,One year,No,Credit card,1
3566,38,81.09075221583964,2156.2372576036855,Male,0,No,Yes,No,No phone service,No,No internet service,No,No,Yes,Yes,No internet service,Month-to-month,Yes,Bank transfer,1
3567,29,57.820678387307794,3857.0615367758846,Male,0,Yes,Yes,Yes,Yes,DSL,No internet service,No internet service,Yes,No,No internet service,No,Two year,Yes,Credit card,1
3568,5,99.38956551945168,2465.360963948399,Male,0,No,No,Yes,No,Fiber optic,No internet service,No internet service,No internet service,Yes,No internet service,No internet service,One year,No,Bank transfer,1
3569,21,107.44145541964785,2653.6380047698262,Female,0,Yes,No,No,Yes,No,No internet service,No,No,No,No internet service,No internet service,One year,No,Electronic check,0
3570,71,105.1003766797249,2157.1048075270737,Female,0,No,Yes,No,No phone service,DSL,No,No,No internet service,No internet service,Yes,Yes,Month-to-month,Yes,Electronic check,1
3571,67,97.72042473508522,6047.064077443965,Male,0,No,Yes,No,Yes,Fiber optic,No internet service,Yes,No internet service,Yes,No,Yes,Two year,No,Bank transfer,0
3572,47,46.90522287421629,2989.155271714472,Female,0,Yes,No,No,Yes,Fiber optic,Yes,Yes,Yes,Yes,No,No,Two year,No,Mailed check,0
3573,35,101.18896435683168,5838.220439941253,Male,0,Yes,Yes,Yes,No,Fiber optic,Yes,No,Yes,Yes,Yes,Yes,One year,Yes,Bank transfer,0
3574,68,73.34784759062927,3702.952447821701,Female,0,Yes,Yes,Yes,Yes,DSL,Yes,No,No,Yes,No,No internet service,Month-to-month,No,Bank transfer,0
3575,69,25.27566148320908,4423.243732592269,Male,1,Yes,No,Yes,No,No,No internet service,No internet service,Yes,No,No,No,Month-to-month,No,Credit card,0
3576,1,65.6938849898249,4391.97105813655,Male,0,Yes,No,Yes,No phone service,DSL,No internet service,No,No internet service,No,Yes,No,Two year,No,Electronic check,1
3577,68,114.21579170299933,7809.231426814351,Female,0,Yes,Yes,Yes,No phone service,DSL,Yes,No internet service,No,Yes,No internet service,No,One year,No,Electronic check,1
3578,12,108.78593497355527,2999.7934001165145,Male,0,No,No,Yes,Yes,Fiber optic,No internet service,No internet service,No,No,No,No internet service,Two year,Yes,Electronic check,0
3579,60,30.226428099711605,1740.7043536410208,Female,0,No,Yes,Yes,No,No,No,No internet service,No,Yes,No internet service,Yes,Two year,Yes,Bank transfer,0
3580,27,94.41266857143702,7303.156328896157,Female,0,Yes,No,Yes,No phone service,Fiber optic,No internet service,No,No,No,Yes,No internet service,One year,No,Bank transfer,0
3581,56,100.57928659582348,1481.2303855930286,Male,0,Yes,Yes,Yes,Yes,DSL,Yes,No,Yes,No,No internet service,No internet service,Month-to-month,Yes,Electronic check,1
3582,23,47.13881882367648,6691.940482170323,Male,0,Yes,Yes,No,Yes,Fiber optic,Yes,No internet service,No internet service,No,No,Yes,Two year,No,Bank transfer,0
3583,25,67.16085707410923,1286.6976741887138,Male,0,No,Yes,Yes,Yes,DSL,No internet service,No,Yes,Yes,No internet service,Yes,One year,Yes,Electronic check,0
3584,21,91.09879414636829,5303.92224039651,Female,0,No,Yes,Yes,Yes,DSL,No internet service,Yes,Yes,Yes,No internet service,No internet service,Month-to-month,Yes,Credit card,1
3585,61,63.90414888211479,1289.2724247898348,Female,0,No,No,Yes,Yes,DSL,Yes,Yes,No,No,No internet service,Yes,One year,Yes,Credit card,0
3586,63,31.279691886657695,7392.377971991493,Male,0,No,No,No,No,Fiber optic,Yes,No internet service,Yes,No internet service,Yes,No internet service,One year,Yes,Bank transfer,1
3587,52,90.58824446817215,4563.565432957366,Male,0,Yes,No,No,Yes,No,No internet service,No,Yes,No,Yes,Yes,One year,Yes,Mailed check,0
3588,25,111.16386897353036,2701.2633292066917,Male,1,No,Yes,Yes,Yes,Fiber optic,No internet service,Yes,No internet service,Yes,Yes,No internet service,Month-to-month,Yes,Electronic check,1
3589,55,85.24847284061576,1208.5499222123997,Male,0,No,No,Yes,Yes,DSL,Yes,No internet service,No,No internet service,Yes,Yes,Month-to-month,No,Credit card,0
3590,46,97.38007485690339,3032.418665553352,Male,0,No,Yes,No,Yes,Fiber optic,Yes,Yes,Yes,Yes,No internet service,No,Month-to-month,Yes,Mailed check,1
3591,32,55.83625356578285,5669.658275463613,Male,0,Yes,Yes,Yes,Yes,DSL,Yes,No internet service,No,No internet service,No,Yes,Two year,No,Credit card,1
3592,55,38.31982451266349,3141.1119830355224,Male,0,No,No,No,Yes,No,Yes,No internet service,No internet service,No internet service,No internet service,No internet service,Two year,No,Electronic check,1
3593,5,84.27736616182925,2044.1436751540082,Female,0,Yes,No,Yes,Yes,No,Yes,No internet service,Yes,Yes,No internet service,Yes,Month-to-month,Yes,Electronic check,1
3594,36,52.77712058412189,4661.534641521156,Female,1,No,Yes,No,No phone service,DSL,Yes,Yes,No internet service,No,No internet service,Yes,Two year,No,Credit card,1
3595,49,106.00735189897928,3400.792637413245,Male,0,No,Yes,No,No phone service,No,Yes,No internet service,No internet service,Yes,No,No internet service,One year,No,Bank transfer,1
3596,58,32.26280499780066,1409.8692646393092,Male,0,No,No,Yes,Yes,DSL,No internet service,No internet service,No,Yes,No,Yes,One year,Yes,Electronic check,0
3597,39,63.34636997331237,1316.5051231919088,Female,0,Yes,No,No,No,Fiber optic,No,Yes,No,No,No,No,One year,Yes,Mailed check,1
3598,61,59.67276004683858,5688.949722752653,Male,0,No,No,No,Yes,Fiber optic,No,No internet service,No,No,No internet service,No,Two year,Yes,Mailed check,0
3599,9,113.80538535539297,7799.907974578426,Female,0,No,No,No,No,No,No internet service,Yes,Yes,No internet service,Yes,No,Month-to-month,No,Bank transfer,1
3600,6,35.313480060440384,1941.4431598102453,Female,1,Yes,No,Yes,No,No,No,No internet service,No,No internet service,Yes,No,Two year,No,Credit card,0
3601,35,20.984682501201096,6207.87394656877,Male,0,No,Yes,Yes,No,DSL,No internet service,No,Yes,No,No internet service,Yes,Two year,No,Electronic check,0
3602,39,43.80852128071176,792.0929493586751,Female,0,No,Yes,No,No,No,No internet service,No,No internet service,Yes,Yes,No,Month-to-month,Yes,Electronic check,1
3603,22,102.02768597686546,3114.449760512235,Female,0,No,Yes,No,No,No,No internet service,Yes,No,No,Yes,Yes,One year,No,Bank transfer,0
3604,41,40.932181604701704,4102.83640718523,Male,0,No,No,Yes,No phone service,No,No internet service,No internet service,No internet service,No,No internet service,No,Month-to-month,No,Electronic check,1
3605,5,44.08780637054827,2223.1008677891696,Male,0,No,Yes,Yes,Yes,DSL,No,Yes,No,No,No internet service,No,One year,Yes,Electronic check,0
3606,42,32.98988045368108,4283.669490462578,Female,0,Yes,No,Yes,No phone service,Fiber optic,No internet service,No internet service,No internet service,Yes,Yes,No internet service,Month-to-month,No,Mailed check,0
3607,67,91.54362032765404,7072.65397854445,Male,0,No,No,No,No phone service,DSL,Yes,Yes,Yes,Yes,No internet service,Yes,Two year,No,Mailed check,1
3608,30,26.917419050541717,7561.059902604448,Female,0,No,No,Yes,Yes,DSL,No internet service,No,No internet service,No internet service,Yes,Yes,Month-to-month,Yes,Credit card,1
3609,57,53.120830232852164,894.3999395470908,Female,0,Yes,Yes,Yes,No phone service,No,No,Yes,Yes,No,No,Yes,Month-to-month,No,Mailed check,1
3610,29,48.24987266209645,2247.5828784751984,Female,0,Yes,Yes,Yes,Yes,Fiber optic,No,No,No,No,No,No internet service,One year,No,Credit card,0
3611,37,75.51597297901549,7835.157948390027,Female,0,No,Yes,Yes,Yes,DSL,No,No,No,Yes,No internet service,Yes,Month-to-month,Yes,Mailed check,1
3612,13,93.04162650197355,2236.305442177725,Female,0,No,Yes,No,Yes,No,No,No,No,No,Yes,No internet service,Month-to-month,Yes,Credit card,1
3613,32,73.28764346967475,5572.388074033184,Female,0,No,No,No,Yes,DSL,Yes,Yes,Yes,Yes,No,Yes,Month-to-month,Yes,Electronic check,0
3614,46,113.10259929750676,2102.2841815758807,Male,0,Yes,No,Yes,No,No,No internet service,Yes,No,No internet service,No internet service,No,Month-to-month,Yes,Electronic check,0
3615,23,115.14426388873319,2915.2881872362022,Male,1,No,Yes,No,No,Fiber optic,Yes,No,Yes,No internet service,No,No internet service,Two year,Yes,Mailed check,0
3616,45,56.14653284985154,1611.1040043854898,Male,0,Yes,Yes,Yes,No phone service,Fiber optic,No internet service,Yes,Yes,No internet service,No,No internet service,Month-to-month,Yes,Electronic check,1
3617,17,97.76803762748928,6864.771530207447,Male,0,Yes,No,No,Yes,No,No internet service,No internet service,No internet service,Yes,No internet service,No internet service,Month-to-month,No,Credit card,1
3618,66,93.88013832681897,7072.925234174081,Female,0,Yes,Yes,Yes,Yes,DSL,Yes,No,No,Yes,No,Yes,One year,Yes,Bank transfer,1
3619,6,109.29645917048273,2445.6088125319093,Female,0,No,Yes,Yes,Yes,DSL,Yes,No internet service,No internet service,No,No internet service,No,Month-to-month,Yes,Bank transfer,1
3620,18,64.79436402077033,6606.359610947977,Female,0,No,No,No,Yes,Fiber optic,No,No,Yes,No internet service,No internet service,No internet service,Two year,No,Electronic check,0
3621,22,73.04731871977923,2930.109035292174,Female,0,No,Yes,Yes,No,DSL,No internet service,No internet service,No internet service,Yes,No,No internet service,One year,No,Electronic check,0
3622,33,61.577431358157405,882.2534408717506,Female,0,Yes,Yes,Yes,No,No,No internet service,No,No,No internet service,No,Yes,One year,No,Mailed check,0
3623,30,105.03769192997056,6088.80353860738,Male,0,No,Yes,No,No,No,No internet service,No,Yes,No internet service,Yes,Yes,Month-to-month,No,Mailed check,1
3624,32,42.97023153621343,4811.925366300873,Male,0,No,No,Yes,No phone service,No,No internet service,No,No internet service,No internet service,No,No,One year,Yes,Credit card,1
3625,42,43.97090782424447,2267.621304998928,Male,0,Yes,Yes,No,Yes,Fiber optic,No internet service,Yes,No,No,Yes,No internet service,One year,No,Credit card,0
3626,10,57.26051035770798,2098.697950043592,Female,0,Yes,Yes,Yes,No,Fiber optic,No internet service,No internet service,No,Yes,No internet service,No internet service,Month-to-month,Yes,Bank transfer,0
3627,36,43.03428321023512,7807.424626810338,Female,0,Yes,No,Yes,No,Fiber optic,No,No,No internet service,Yes,No,No internet service,Two year,No,Credit card,0
3628,34,76.10068364149208,6913.758223055422,Male,0,Yes,No,No,Yes,No,No internet service,Yes,Yes,Yes,No,No internet service,Two year,Yes,Electronic check,0
3629,28,33.44901064955023,6497.406802052741,Female,0,Yes,No,No,No,Fiber optic,No,No,No,No,No internet service,No internet service,Month-to-month,Yes,Electronic check,0
3630,11,52.01862194040553,1111.3398982691583,Female,0,No,No,Yes,Yes,No,No internet service,No internet service,Yes,No,No,No,One year,Yes,Mailed check,0
3631,39,111.344469847559,6065.979466561258,Male,0,Yes,No,Yes,Yes,DSL,No internet service,No,No,No,Yes,No internet service,Month-to-month,Yes,Electronic check,1
3632,47,60.922548019179594,1794.8677475059635,Female,1,No,No,No,No,Fiber optic,Yes,Yes,Yes,No,No,Yes,Month-to-month,Yes,Credit card,1
3633,19,94.82337164935092,7821.372651345102,Male,0,Yes,No,No,No phone service,DSL,No internet service,No,Yes,Yes,Yes,No internet service,One year,Yes,Credit card,1
3634,15,31.3462191706574,511.5045849018358,Male,0,No,Yes,Yes,Yes,DSL,Yes,No,No,No,No,No internet service,One year,Yes,Mailed check,0
3635,28,44.756450814178464,2881.8940201259243,Male,1,No,No,Yes,No phone service,Fiber optic,Yes,No,No internet service,Yes,No,No internet service,Month-to-month,Yes,Credit card,0
3636,24,100.73456212003686,3486.3179421518503,Male,0,Yes,No,Yes,No,Fiber optic,Yes,No,No internet service,No internet service,No internet service,No internet service,One year,Yes,Mailed check,0
3637,9,96.29929362896941,6611.20300134181,Female,0,Yes,No,No,Yes,DSL,No,Yes,No internet service,Yes,Yes,No internet service,One year,No,Electronic check,1
3638,47,58.615591859382114,6153.160262231964,Female,1,No,Yes,Yes,Yes,DSL,Yes,No,Yes,No internet service,No internet service,No,Two year,Yes,Mailed check,1
3639,33,115.43969020334742,3062.437945078058,Female,0,Yes,Yes,No,No,DSL,Yes,No internet service,No internet service,No,No internet service,Yes,Two year,Yes,Credit card,1
3640,62,111.06430158345454,4567.926318318522,Male,0,Yes,No,Yes,No phone service,No,Yes,No internet service,No internet service,No internet service,No internet service,No,Month-to-month,No,Credit card,0
3641,19,116.23007491122398,6701.20179250107,Female,0,Yes,No,No,No,DSL,No internet service,No,No,No,Yes,Yes,Month-to-month,Yes,Bank transfer,0
3642,67,62.791469018778535,243.77677799331644,Male,0,Yes,No,Yes,No,No,No,Yes,Yes,Yes,No internet service,Yes,Month-to-month,No,Mailed check,0
3643,40,39.7473583685683,6437.20698624333,Female,0,Yes,Yes,No,No,Fiber optic,No,No internet service,No internet service,Yes,Yes,Yes,Two year,No,Credit card,1
3644,47,82.6658639091341,7580.478600202133,Female,0,Yes,No,No,No phone service,DSL,No,No,No,No,Yes,No internet service,One year,Yes,Bank transfer,0
3645,65,88.47731582791985,353.3097197249522,Male,0,Yes,Yes,Yes,Yes,Fiber optic,No,No,Yes,Yes,No,No,Month-to-month,Yes,Electronic check,1
3646,29,32.544178445052,460.08979791764244,Female,0,Yes,Yes,No,Yes,DSL,No internet service,Yes,No,No internet service,Yes,Yes,Two year,Yes,Electronic check,0
3647,50,98.6483034295906,2821.660643971559,Male,1,No,No,No,No,Fiber optic,Yes,No,No internet service,No internet service,Yes,Yes,Month-to-month,Yes,Electronic check,0
3648,13,21.806021975996053,793.3795537646288,Male,0,No,Yes,No,No,DSL,No internet service,Yes,Yes,No internet service,No,No internet service,Two year,Yes,Electronic check,0
3649,1,68.27283874767834,3886.281034321717,Female,1,Yes,No,Yes,No phone service,No,No,No internet service,Yes,No,No internet service,No internet service,Two year,No,Electronic check,1
3650,34,53.10162594948949,5856.814412209252,Female,0,Yes,Yes,Yes,No,Fiber optic,No internet service,No,No internet service,No internet service,No,No,One year,No,Mailed check,0
3651,48,94.03030598990841,4578.5039567513595,Female,0,No,Yes,Yes,No phone service,Fiber optic,No internet service,Yes,No,No internet service,No,Yes,Two year,Yes,Electronic check,0
3652,48,51.2760727421816,1651.8120816746487,Female,0,Yes,Yes,Yes,No phone service,DSL,No,No,Yes,No internet service,No,Yes,One year,Yes,Credit card,0
3653,49,102.68071127810327,5273.009270239826,Male,0,Yes,No,No,No phone service,No,Yes,No,Yes,No internet service,Yes,Yes,Month-to-month,No,Credit card,1
3654,64,79.49534887808105,5510.350385513435,Male,0,Yes,Yes,No,No,No,No internet service,No internet service,Yes,No internet service,No,No,One year,Yes,Electronic check,0
3655,61,99.38933617620721,7466.323049911616,Female,0,Yes,Yes,Yes,Yes,No,No,No,No internet service,No internet service,Yes,No internet service,Month-to-month,No,Electronic check,0
3656,29,118.93406378396237,1259.6954892786873,Female,0,No,No,No,No phone service,DSL,No internet service,Yes,No,No,Yes,No internet service,Month-to-month,Yes,Bank transfer,0
3657,39,87.91583457435569,5569.455702786815,Female,0,Yes,Yes,No,Yes,Fiber optic,No internet service,Yes,No internet service,No internet service,Yes,No,One year,Yes,Mailed check,0
3658,26,118.49503163616441,7300.2750289398655,Male,0,No,Yes,Yes,No phone service,DSL,No internet service,Yes,Yes,No,Yes,No internet service,Month-to-month,Yes,Credit card,0
3659,17,22.883632692170536,4062.3568112330104,Female,0,Yes,No,Yes,No,No,Yes,No,No,No,No internet service,Yes,Month-to-month,Yes,Credit card,0
3660,71,53.81399884838084,2958.2174709181454,Male,1,No,No,No,No phone service,No,No internet service,No,No,No,Yes,Yes,Month-to-month,No,Credit card,1
3661,13,30.785326456230916,1448.9210043471503,Female,0,No,No,Yes,No phone service,Fiber optic,No internet service,No internet service,No internet service,No internet service,Yes,No,Month-to-month,Yes,Credit card,1
3662,69,46.230493138443954,6947.616403269086,Female,0,No,Yes,No,Yes,DSL,Yes,No,No internet service,No internet service,No,No internet service,Two year,Yes,Electronic check,0
3663,26,103.88878991257744,3214.546361240696,Male,1,Yes,Yes,No,No,DSL,No internet service,Yes,Yes,No,No,No,Two year,Yes,Electronic check,1
3664,49,23.23232653260903,7406.571301814769,Male,0,Yes,Yes,Yes,No phone service,No,No internet service,Yes,No internet service,No,Yes,No,One year,Yes,Mailed check,0
3665,67,72.01829357323936,6797.290555233132,Female,0,Yes,Yes,Yes,No,Fiber optic,Yes,No internet service,No internet service,No internet service,No internet service,No internet service,Two year,Yes,Bank transfer,1
3666,7,76.7128707532373,3075.4548291978463,Male,0,No,Yes,No,Yes,Fiber optic,No,Yes,No internet service,Yes,No internet service,No,Two year,Yes,Electronic check,1
3667,58,76.11511466719561,4633.923040675474,Male,0,Yes,No,Yes,No,No,No internet service,Yes,No internet service,Yes,No,Yes,Two year,No,Credit card,0
3668,49,67.52970738232557,314.67488672197953,Female,0,Yes,Yes,No,No,DSL,No,Yes,No internet service,Yes,No internet service,No,Two year,Yes,Bank transfer,0
3669,53,99.06029647697554,2179.449082650364,Male,0,No,No,No,Yes,DSL,No,No internet service,Yes,No internet service,No,Yes,Two year,Yes,Credit card,0
3670,65,33.354308950555115,5711.155503697072,Male,0,Yes,Yes,Yes,No phone service,Fiber optic,No,No internet service,No,No,No internet service,Yes,Two year,Yes,Mailed check,0
3671,62,51.05770155507874,5455.496472185508,Female,0,No,Yes,Yes,No phone service,Fiber optic,Yes,Yes,No internet service,Yes,No internet service,No,One year,No,Electronic check,1
3672,17,81.57260534451727,2891.6187303798333,Female,0,Yes,No,Yes,No,No,Yes,Yes,No,No,No internet service,Yes,One year,No,Mailed check,0
3673,43,89.09513662679558,6488.003452084707,Male,0,No,Yes,Yes,No phone service,Fiber optic,No internet service,No,No,No internet service,No,No,One year,No,Credit card,1
3674,25,60.41484317770563,1963.1048100089818,Female,1,No,Yes,No,Yes,DSL,No,No,No internet service,No,No,No,Two year,Yes,Electronic check,0
3675,3,107.53712633272332,3744.0372119029457,Male,0,No,No,Yes,No,DSL,Yes,Yes,No internet service,Yes,Yes,No internet service,Two year,No,Electronic check,1
3676,29,61.54933966959143,3832.992018956116,Male,0,No,No,Yes,No,Fiber optic,Yes,No,No,No internet service,Yes,No,Two year,No,Electronic check,0
3677,32,60.27761343483331,2792.4524740731354,Male,1,No,Yes,Yes,No phone service,No,No,Yes,Yes,No,No internet service,Yes,Month-to-month,No,Electronic check,0
3678,26,23.620726148738495,7641.862198888822,Female,0,No,No,No,No phone service,DSL,Yes,Yes,No,No internet service,No internet service,No,Two year,No,Mailed check,0
3679,16,75.11413361947339,5603.8038647693,Male,0,No,Yes,Yes,No phone service,DSL,No,No,Yes,Yes,No internet service,No,One year,Yes,Electronic check,0
3680,25,90.8680838511905,4359.674749085682,Male,0,Yes,No,Yes,No,No,Yes,No internet service,No,Yes,No,No internet service,Month-to-month,No,Bank transfer,1
3681,54,31.44381635168481,4133.0692377703235,Male,0,No,Yes,Yes,No phone service,Fiber optic,No,No internet service,No internet service,Yes,No internet service,No internet service,Month-to-month,Yes,Electronic check,1
3682,28,50.54327660878708,1358.4391305216627,Female,0,Yes,No,Yes,No,DSL,Yes,No internet service,Yes,No internet service,Yes,Yes,Two year,No,Credit card,0
3683,56,98.12569537828522,3040.2764868379763,Female,0,Yes,No,Yes,No phone service,DSL,Yes,Yes,No,No internet service,No internet service,Yes,Two year,No,Mailed check,1
3684,65,56.591943541357544,5414.909186359949,Female,0,Yes,Yes,No,No,No,Yes,Yes,Yes,Yes,Yes,Yes,One year,Yes,Bank transfer,0
3685,41,44.16024620400399,7404.104735525196,Male,0,No,No,No,No,Fiber optic,Yes,No internet service,No internet service,No internet service,No internet service,Yes,One year,No,Credit card,1
3686,51,87.22006635651123,6550.0660691955245,Male,0,Yes,No,No,No,No,No,No internet service,Yes,No internet service,No internet service,No internet service,Two year,No,Electronic check,0
3687,71,39.67587776716556,2473.0794512837724,Female,0,No,No,Yes,No phone service,No,No internet service,No internet service,No internet service,Yes,No internet service,No,One year,Yes,Credit card,0
3688,29,109.56529195831769,3528.2573429504732,Male,0,Yes,Yes,Yes,No phone service,Fiber optic,No internet service,Yes,No internet service,Yes,Yes,No internet service,One year,No,Mailed check,0
3689,19,30.559839602614097,755.0484136310771,Male,0,No,No,No,Yes,DSL,Yes,Yes,Yes,No,Yes,No internet service,Two year,No,Mailed check,1
3690,66,90.6549802282827,907.161351981088,Male,0,No,No,Yes,No,No,No internet service,No,No internet service,Yes,No,No internet service,One year,No,Electronic check,0
3691,41,69.95487012863751,3814.8200572898495,Male,0,Yes,No,No,No phone service,DSL,Yes,No,No internet service,No internet service,Yes,No,Month-to-month,Yes,Bank transfer,0
3692,45,106.99295623969935,4288.733313855091,Female,0,No,Yes,Yes,Yes,DSL,No internet service,No,No internet service,No,No internet service,No,Month-to-month,No,Mailed check,1
3693,15,32.61950910262366,2185.8140560056204,Female,0,Yes,Yes,No,Yes,DSL,Yes,No internet service,Yes,No internet service,Yes,No internet service,One year,Yes,Mailed check,0
3694,3,87.78949184960878,5177.983244568936,Female,0,No,No,No,No phone service,DSL,No internet service,Yes,No internet service,No,No internet service,No,Month-to-month,Yes,Bank transfer,1
3695,11,77.20546391813815,5656.707416083088,Male,1,No,Yes,Yes,No,No,No internet service,No,No,No internet service,No internet service,No internet service,One year,No,Electronic check,1
3696,53,68.00901422400464,2463.017439734466,Male,0,Yes,No,Yes,Yes,Fiber optic,Yes,No,No internet service,No,Yes,No internet service,Month-to-month,Yes,Credit card,1
3697,46,69.14072634326683,6091.55533308958,Female,0,No,Yes,Yes,Yes,DSL,No internet service,No,No,No,No,Yes,One year,No,Electronic check,0
3698,30,92.19769617985308,1724.2788604091536,Female,0,Yes,No,Yes,No,DSL,Yes,No,Yes,No internet service,Yes,No internet service,Two year,Yes,Electronic check,0
3699,57,113.77416549348222,4399.585880477033,Female,0,Yes,Yes,Yes,No phone service,DSL,No internet service,No internet service,No,No,Yes,No internet service,One year,No,Credit card,0
3700,18,29.12516591190481,6453.820639141169,Male,0,Yes,No,No,No,Fiber optic,No,Yes,No internet service,No internet service,No internet service,No internet service,Two year,Yes,Credit card,1
3701,51,21.950264761052022,4342.371776892187,Female,1,No,No,Yes,No,DSL,No,Yes,No internet service,No internet service,Yes,Yes,One year,No,Electronic check,0
3702,48,100.57047924812035,7272.905476316299,Male,0,Yes,Yes,No,No phone service,Fiber optic,No,Yes,No internet service,No,No,No,One year,No,Bank transfer,1
3703,66,30.81693875507593,562.159739709623,Female,0,Yes,No,Yes,Yes,No,Yes,No,No internet service,Yes,No internet service,Yes,Two year,Yes,Credit card,1
3704,8,118.66967960804239,4747.679379382627,Male,0,Yes,No,No,No,Fiber optic,Yes,No internet service,No internet service,Yes,Yes,No,Month-to-month,No,Mailed check,1
3705,22,81.93482489588372,4537.868075100681,Male,0,Yes,No,No,Yes,DSL,Yes,No internet service,No internet service,Yes,No,Yes,Two year,Yes,Electronic check,1
3706,6,85.08663952541407,5316.791295487209,Female,0,No,Yes,No,Yes,No,No,No internet service,Yes,No internet service,No internet service,No,Month-to-month,No,Mailed check,1
3707,57,39.88917029380174,6683.9140255744305,Male,0,No,No,Yes,Yes,Fiber optic,No internet service,Yes,No internet service,No internet service,No,Yes,One year,Yes,Mailed check,0
3708,36,44.031231029667445,5834.23936627332,Male,0,Yes,No,No,No phone service,DSL,Yes,Yes,No,Yes,No,No internet service,Month-to-month,No,Credit card,1
3709,57,85.93503030992501,6343.23360944545,Female,0,Yes,No,Yes,Yes,No,No,No internet service,No,No internet service,No internet service,No,One year,Yes,Bank transfer,0
3710,49,110.97268379341969,2381.65213316921,Female,0,Yes,Yes,No,No,No,Yes,No,No,Yes,Yes,Yes,Two year,Yes,Mailed check,1
3711,45,118.23905545175666,3161.2292906948205,Female,0,Yes,No,Yes,No,Fiber optic,Yes,Yes,Yes,No internet service,No,Yes,Month-to-month,Yes,Electronic check,1
3712,66,39.80309466310936,5051.53809496522,Male,0,Yes,Yes,No,No,DSL,No internet service,Yes,No,No internet service,No internet service,Yes,One year,No,Credit card,0
3713,45,33.41196227097902,4472.345628206988,Male,0,Yes,No,Yes,No phone service,Fiber optic,Yes,No,No,No internet service,Yes,No,Month-to-month,No,Mailed check,0
3714,20,25.64013577607905,7692.720612267239,Female,0,No,Yes,Yes,No,No,Yes,No,No,Yes,No,No internet service,Two year,No,Electronic check,0
3715,64,106.82970181613278,1575.9925494819129,Female,0,Yes,Yes,No,No phone service,No,No internet service,Yes,Yes,No,No internet service,Yes,One year,No,Electronic check,0
3716,67,49.47148468564687,2875.0991423640194,Male,0,Yes,Yes,No,Yes,DSL,Yes,No,No,No internet service,No,No,Two year,No,Electronic check,0
3717,3,20.181203386925166,4624.766342950353,Female,0,Yes,No,Yes,Yes,No,Yes,No,No,No internet service,Yes,No,One year,No,Mailed check,1
3718,54,42.38180860564289,6956.913782495601,Female,0,Yes,Yes,No,No phone service,DSL,No internet service,No,Yes,Yes,Yes,No internet service,Month-to-month,Yes,Bank transfer,0
3719,64,54.044108009941844,7441.853345058835,Male,1,Yes,Yes,Yes,No phone service,Fiber optic,Yes,No,No internet service,Yes,Yes,No internet service,Month-to-month,Yes,Mailed check,0
3720,40,119.09861694966852,2754.6870135380286,Male,0,Yes,Yes,Yes,No phone service,No,Yes,No,No,No internet service,No internet service,No internet service,Month-to-month,No,Bank transfer,0
3721,59,72.35415938570816,630.156846058178,Female,0,No,Yes,No,Yes,No,No,No internet service,No internet service,No internet service,Yes,No,Month-to-month,Yes,Bank transfer,0
3722,55,40.47139475951013,3430.7956135852623,Male,0,No,Yes,Yes,No phone service,DSL,No internet service,Yes,No,No,Yes,No,Two year,No,Credit card,0
3723,62,53.48183447134511,3215.3187315447058,Male,0,Yes,Yes,No,Yes,DSL,No,No internet service,Yes,No internet service,No internet service,No internet service,One year,No,Credit card,1
3724,4,53.030768755687845,7893.2478366445475,Female,0,No,Yes,Yes,Yes,Fiber optic,No internet service,No internet service,No internet service,No internet service,Yes,Yes,Month-to-month,No,Bank transfer,1
3725,60,21.972574646317547,3505.3838298972364,Female,0,Yes,Yes,Yes,No,DSL,Yes,No internet service,Yes,No internet service,Yes,No internet service,Month-to-month,No,Mailed check,0
3726,30,33.518305417143004,2515.2116944955123,Female,0,No,Yes,Yes,Yes,No,No,Yes,No internet service,No,Yes,No internet service,Month-to-month,Yes,Bank transfer,0
3727,2,89.51964597032112,2986.481258825979,Male,0,Yes,No,Yes,No phone service,Fiber optic,No,Yes,Yes,No internet service,No internet service,No internet service,Month-to-month,Yes,Bank transfer,1
3728,62,32.025098657073464,3235.7176169281292,Female,1,Yes,Yes,No,No phone service,Fiber optic,No,Yes,No internet service,No,Yes,No internet service,One year,No,Bank transfer,1
3729,49,43.07342766061188,6590.169019353266,Male,0,Yes,Yes,Yes,No phone service,Fiber optic,No,No internet service,No internet service,Yes,No,Yes,Month-to-month,Yes,Electronic check,1
3730,9,55.07372984043088,740.017653366987,Female,1,No,Yes,No,Yes,DSL,No internet service,Yes,No internet service,No internet service,No internet service,Yes,One year,Yes,Bank transfer,1
3731,31,95.77349445022938,2600.4056861127106,Male,0,No,Yes,Yes,Yes,DSL,Yes,No internet service,No,No internet service,No,No internet service,Two year,Yes,Electronic check,0
3732,61,78.24009648679399,7733.916086066087,Male,0,Yes,Yes,Yes,No,No,Yes,No,No internet service,No internet service,No internet service,No,Month-to-month,No,Bank transfer,0
3733,48,88.89999849885683,1309.5097879105197,Female,1,Yes,Yes,No,No,Fiber optic,No,Yes,No internet service,No internet service,No internet service,No,Month-to-month,No,Mailed check,1
3734,25,76.70123254201722,5966.55044010746,Male,0,No,Yes,Yes,No phone service,Fiber optic,Yes,No,No,No,No internet service,Yes,Two year,Yes,Credit card,1
3735,36,88.3592425221869,2915.508659466494,Female,0,Yes,No,Yes,Yes,Fiber optic,Yes,No internet service,No,Yes,No,No internet service,Two year,Yes,Credit card,1
3736,8,20.284215366397245,4696.10565693675,Female,0,Yes,No,No,No phone service,No,No internet service,Yes,Yes,Yes,Yes,No,Month-to-month,No,Electronic check,1
3737,58,113.08981443714295,886.4295042201683,Male,0,Yes,No,Yes,No phone service,DSL,Yes,Yes,Yes,No,Yes,Yes,Month-to-month,No,Bank transfer,0
3738,45,31.09202308748065,2520.6521720961778,Male,0,No,Yes,Yes,No phone service,Fiber optic,Yes,No,No,No,Yes,Yes,Two year,No,Mailed check,1
3739,62,60.62490959769048,4056.833039121017,Male,0,No,Yes,Yes,No,DSL,Yes,No internet service,No,No,Yes,Yes,One year,No,Electronic check,0
3740,39,97.10383702448547,1930.4351995892812,Female,0,Yes,No,No,No phone service,DSL,Yes,No internet service,No,No,No internet service,Yes,One year,Yes,Mailed check,0
3741,58,63.52307180094239,4380.772550119902,Female,0,Yes,No,No,No,DSL,No,Yes,No,No internet service,No internet service,No internet service,Two year,No,Bank transfer,0
3742,64,114.68425516675158,1836.098581095459,Female,1,No,Yes,No,Yes,DSL,No internet service,Yes,No,No internet service,No,Yes,Month-to-month,No,Credit card,1
3743,44,66.75889484987667,5235.794365939376,Female,0,Yes,Yes,No,No phone service,DSL,No internet service,Yes,Yes,No,Yes,No,Month-to-month,No,Bank transfer,1
3744,29,107.49394056026713,7244.399287977482,Female,0,Yes,No,No,No,No,No internet service,Yes,No,No internet service,No internet service,No internet service,Month-to-month,No,Bank transfer,0
3745,59,101.0828113362271,775.3602350774142,Female,0,Yes,No,No,Yes,DSL,Yes,Yes,No,No internet service,Yes,Yes,Two year,No,Bank transfer,0
3746,71,118.09863027986832,1811.2666826310822,Male,0,Yes,No,No,No,Fiber optic,No,No internet service,Yes,Yes,Yes,No,Two year,Yes,Credit card,1
3747,9,112.65477807509754,6770.941915356606,Female,0,No,No,No,No phone service,Fiber optic,No internet service,Yes,No internet service,No internet service,No,No,One year,No,Credit card,1
3748,6,109.81238347128787,5089.272534991464,Female,0,Yes,Yes,Yes,Yes,Fiber optic,No,No,Yes,Yes,No internet service,No,Two year,No,Electronic check,1
3749,29,93.16043405194684,721.8004454262652,Female,1,Yes,No,No,Yes,No,No internet service,Yes,Yes,No internet service,Yes,No internet service,Month-to-month,No,Electronic check,0
3750,58,56.699814726822076,3942.1659093650132,Female,0,Yes,No,Yes,Yes,DSL,No,Yes,No,Yes,No,No internet service,Two year,Yes,Electronic check,1
3751,17,30.612541856490243,1757.0922685895466,Male,0,No,Yes,Yes,No,Fiber optic,Yes,No internet service,No internet service,Yes,No,No,Two year,Yes,Credit card,0
3752,16,88.864505226439,1672.861513153551,Male,0,No,No,Yes,No,Fiber optic,Yes,No internet service,Yes,Yes,Yes,No internet service,Month-to-month,No,Credit card,1
3753,3,117.86540813379649,7531.098212548138,Male,0,No,No,Yes,No,Fiber optic,No internet service,No internet service,No internet service,Yes,Yes,Yes,Month-to-month,Yes,Bank transfer,1
3754,21,92.6604437331869,6116.17822980126,Female,0,Yes,No,Yes,Yes,DSL,No internet service,No,Yes,No,No,Yes,Two year,No,Bank transfer,0
3755,64,112.87293692773355,5600.221688840736,Female,0,Yes,Yes,No,No phone service,Fiber optic,No internet service,No internet service,No,No internet service,No,Yes,Two year,Yes,Mailed check,1
3756,36,100.43047129555167,1987.537654915083,Female,1,Yes,Yes,No,No phone service,DSL,Yes,Yes,Yes,No,Yes,No internet service,Month-to-month,No,Mailed check,1
3757,62,36.31146751166788,1036.7301210235087,Male,0,No,No,Yes,Yes,Fiber optic,Yes,No internet service,Yes,No internet service,Yes,No internet service,Month-to-month,No,Electronic check,1
3758,42,44.920377059128725,6979.577708154266,Female,0,No,Yes,No,No phone service,Fiber optic,No internet service,No,Yes,No,No,No internet service,Two year,No,Bank transfer,0
3759,42,54.186560176235034,146.44859780536234,Female,0,Yes,Yes,No,Yes,DSL,No internet service,Yes,No internet service,No internet service,No internet service,No,Two year,Yes,Bank transfer,0
3760,61,36.82604443380041,3165.9617472380546,Male,0,Yes,No,No,No phone service,Fiber optic,Yes,Yes,No internet service,No,No,Yes,One year,No,Mailed check,0
3761,13,78.16513326730067,2293.138773394535,Male,0,No,Yes,No,No phone service,No,No internet service,No,No,No,No,No,Month-to-month,No,Electronic check,0
3762,11,117.54505241349513,4605.971982755706,Female,0,Yes,No,No,No phone service,DSL,No internet service,No internet service,No internet service,Yes,No internet service,No,Two year,Yes,Bank transfer,1
3763,54,96.14588334361586,2079.0166434980943,Male,0,Yes,Yes,Yes,No,Fiber optic,No internet service,No internet service,No internet service,No,Yes,Yes,Month-to-month,Yes,Mailed check,1
3764,16,62.338674906746185,2558.5223386936327,Female,0,Yes,No,Yes,No,No,Yes,No internet service,No internet service,Yes,No,No internet service,Month-to-month,No,Electronic check,0
3765,8,20.450448098028865,6815.314854446229,Female,0,No,Yes,Yes,Yes,No,Yes,No internet service,No,Yes,Yes,No,Month-to-month,No,Electronic check,1
3766,59,51.32760111381787,4865.191704895698,Male,0,Yes,Yes,Yes,No,DSL,No,No,No,No,No internet service,No,Month-to-month,Yes,Electronic check,1
3767,57,72.67592876922153,1250.89196590201,Female,0,No,No,Yes,Yes,Fiber optic,No,No,No,No internet service,No,No internet service,Two year,Yes,Mailed check,1
3768,40,52.42508738519706,5839.125193617069,Male,1,Yes,No,No,No,DSL,No,No internet service,No,No,Yes,No internet service,One year,Yes,Bank transfer,0
3769,59,31.103492302385952,1738.9276916910394,Male,0,No,No,No,No phone service,No,No,No,Yes,Yes,Yes,Yes,One year,Yes,Mailed check,0
3770,2,64.27649568618946,3520.7389478885925,Female,0,No,No,Yes,No,No,No internet service,Yes,No,Yes,Yes,No,Two year,Yes,Bank transfer,0
3771,10,45.32528169657162,5208.197171030417,Male,0,No,Yes,Yes,No,DSL,Yes,No internet service,No,No,Yes,Yes,One year,Yes,Bank transfer,0
3772,44,110.92323764615014,2248.2433459141494,Female,0,Yes,Yes,No,No,DSL,Yes,Yes,Yes,No,Yes,No,Month-to-month,No,Bank transfer,1
3773,11,30.175452850101575,3134.4438359387586,Female,0,Yes,No,No,Yes,Fiber optic,No,Yes,Yes,No,Yes,Yes,Two year,No,Credit card,1
3774,2,24.91526287247104,5899.7818187027915,Male,0,Yes,Yes,Yes,Yes,No,No internet service,Yes,No internet service,No,No,Yes,Two year,No,Credit card,1
3775,50,20.531416915486204,7509.496532052312,Male,0,No,No,Yes,No phone service,DSL,Yes,No internet service,No internet service,No internet service,No,No internet service,Two year,Yes,Credit card,0
3776,12,52.806968448565776,4281.035949979837,Male,0,No,Yes,No,No phone service,No,Yes,No internet service,No,Yes,No internet service,No,Month-to-month,No,Electronic check,0
3777,23,86.03868382008886,178.77067529731966,Female,0,Yes,No,No,No phone service,DSL,No internet service,No internet service,No internet service,No,Yes,Yes,Month-to-month,Yes,Bank transfer,1
3778,18,93.04137528817927,2773.863634810461,Female,0,No,Yes,Yes,No,Fiber optic,No internet service,No,Yes,No,No internet service,No internet service,Month-to-month,No,Electronic check,0
3779,62,65.32616833817231,3249.2112452797223,Female,1,No,No,No,No phone service,No,No,No internet service,No internet service,No,No,No internet service,Two year,No,Mailed check,1
3780,62,88.43286504552667,2779.471598017728,Female,1,Yes,Yes,No,Yes,Fiber optic,No,Yes,No internet service,Yes,No internet service,No internet service,Month-to-month,Yes,Bank transfer,0
3781,38,55.99140362153634,3546.5240028129456,Female,0,No,Yes,Yes,No phone service,Fiber optic,No internet service,No internet service,No,Yes,No,No,Two year,No,Credit card,1
3782,67,86.78062199866169,5098.063405165358,Female,0,Yes,No,No,No phone service,No,Yes,No,Yes,Yes,No,Yes,Month-to-month,No,Mailed check,1
3783,38,24.05959853023734,1056.91141328225,Female,0,Yes,Yes,Yes,No phone service,DSL,No internet service,No internet service,Yes,No,No internet service,No,Month-to-month,No,Credit card,0
3784,67,59.075298456700416,2253.7810200532936,Male,0,No,Yes,No,No phone service,Fiber optic,No internet service,No,No internet service,Yes,No,No,Month-to-month,No,Mailed check,1
3785,61,99.08496776331792,4110.419879539234,Female,0,Yes,No,Yes,No phone service,Fiber optic,Yes,Yes,No internet service,No,No,No internet service,Month-to-month,Yes,Bank transfer,1
3786,1,100.30060304590013,2593.029134621803,Female,0,No,No,No,Yes,No,Yes,Yes,No internet service,No,No internet service,No,One year,Yes,Bank transfer,1
3787,45,91.61487788756946,7929.574171269339,Male,0,Yes,No,No,No,No,No,Yes,No,No internet service,No internet service,No,Month-to-month,No,Electronic check,1
3788,28,40.42386205698644,3508.308589596157,Female,1,Yes,No,Yes,No phone service,No,No internet service,Yes,No internet service,No internet service,Yes,Yes,One year,Yes,Credit card,1
3789,21,44.720511893063325,6971.413313378508,Female,0,Yes,Yes,Yes,No,Fiber optic,No,Yes,No internet service,No internet service,No internet service,No internet service,Two year,Yes,Credit card,1
3790,13,119.60887272645122,7182.427701349529,Male,0,Yes,No,No,No phone service,DSL,No internet service,Yes,No,Yes,No,No internet service,Two year,Yes,Bank transfer,0
3791,27,30.33780072019599,6704.455297806565,Female,0,Yes,No,Yes,No,DSL,No internet service,No,Yes,No internet service,Yes,Yes,One year,No,Electronic check,0
3792,7,38.06626989024094,470.49610346682573,Male,0,Yes,No,Yes,Yes,No,Yes,Yes,No,Yes,No,No,Two year,No,Electronic check,1
3793,22,33.00262556501326,7587.199179745477,Female,0,Yes,Yes,No,No,Fiber optic,No internet service,No internet service,No internet service,No,No internet service,Yes,Month-to-month,Yes,Credit card,1
3794,53,52.76549636836156,1117.0662408520975,Female,0,No,Yes,No,No phone service,Fiber optic,No internet service,No,No internet service,No internet service,No,Yes,One year,No,Bank transfer,1
3795,4,41.01758352339233,371.7886589429266,Male,0,Yes,Yes,No,No,Fiber optic,Yes,No,Yes,No internet service,No internet service,No,One year,No,Credit card,1
3796,23,69.7687959547772,3373.5199024618046,Male,1,Yes,Yes,Yes,No,No,Yes,No internet service,No,Yes,No internet service,No internet service,Two year,Yes,Bank transfer,0
3797,70,67.60207068801199,1637.608858787063,Female,0,No,No,No,No phone service,Fiber optic,Yes,No internet service,No internet service,Yes,No internet service,Yes,Two year,No,Credit card,0
3798,33,110.15056194513032,1555.152584339566,Female,0,No,Yes,No,No,Fiber optic,No internet service,No internet service,Yes,No internet service,Yes,No,One year,Yes,Bank transfer,1
3799,28,23.473994744478148,2373.7749456715896,Male,0,Yes,Yes,Yes,No phone service,DSL,Yes,No internet service,No internet service,Yes,No internet service,No internet service,Two year,Yes,Electronic check,0
3800,8,51.98795766677634,2062.4042814501536,Female,0,No,No,Yes,Yes,No,No internet service,No internet service,Yes,Yes,No,Yes,One year,No,Electronic check,1
3801,1,79.66578919970902,5509.883676986209,Male,1,Yes,No,Yes,No phone service,No,No,Yes,No internet service,Yes,Yes,Yes,One year,No,Credit card,1
3802,37,80.48017618439638,1575.5407224249534,Male,0,Yes,Yes,No,Yes,No,Yes,No,No internet service,No,Yes,No internet service,One year,No,Electronic check,0
3803,63,68.01262290142091,4390.634611058343,Male,0,No,No,Yes,No,Fiber optic,No,No internet service,Yes,No internet service,Yes,Yes,Month-to-month,No,Credit card,1
3804,22,101.56655408146337,7892.769714533885,Female,0,No,Yes,No,No phone service,Fiber optic,No,No internet service,Yes,Yes,No,Yes,Month-to-month,No,Electronic check,1
3805,70,26.27221714144588,3515.821125554682,Female,0,Yes,Yes,No,No,DSL,Yes,No,No internet service,Yes,No internet service,No,Two year,Yes,Credit card,0
3806,21,101.54877655801359,5170.797559483948,Female,0,No,Yes,No,Yes,No,Yes,No,Yes,No,Yes,Yes,One year,Yes,Electronic check,1
3807,35,69.47542404357036,7758.036254066002,Male,0,Yes,No,No,Yes,Fiber optic,No internet service,Yes,No internet service,No,No internet service,Yes,Two year,Yes,Bank transfer,0
3808,5,33.376069507700215,1187.3480845267777,Female,0,Yes,No,Yes,No,DSL,Yes,No,No internet service,No,No internet service,No,Month-to-month,Yes,Electronic check,0
3809,60,108.57019135404776,3406.9953734150904,Male,1,No,Yes,Yes,No phone service,Fiber optic,No,No internet service,No,No,No,No,Two year,No,Bank transfer,0
3810,46,84.92287795409635,6816.519961542507,Male,0,Yes,Yes,Yes,No phone service,Fiber optic,No,No,No internet service,No internet service,Yes,No internet service,One year,No,Electronic check,1
3811,50,36.35456868241393,7465.214893684551,Female,0,No,No,Yes,No phone service,No,No,No internet service,No internet service,No internet service,No,No internet service,One year,No,Electronic check,0
3812,48,23.36497233990266,4849.764857875351,Female,0,No,Yes,No,No phone service,No,No internet service,No,Yes,Yes,Yes,No internet service,Month-to-month,No,Bank transfer,1
3813,6,34.11096483326493,1233.0227600677647,Male,0,No,No,Yes,Yes,Fiber optic,No internet service,No,No,No internet service,Yes,No,One year,Yes,Mailed check,1
3814,56,80.87979601803936,7221.625513186475,Female,0,Yes,No,No,No phone service,Fiber optic,Yes,Yes,Yes,Yes,No internet service,Yes,Two year,No,Credit card,1
3815,59,37.929623526004846,1478.1278729084463,Male,0,Yes,No,Yes,No,Fiber optic,Yes,No internet service,Yes,No internet service,No internet service,Yes,One year,No,Mailed check,0
3816,29,42.57630748750281,2887.7350018237366,Female,1,Yes,No,Yes,Yes,Fiber optic,Yes,Yes,No internet service,No internet service,Yes,Yes,Month-to-month,No,Electronic check,0
3817,71,22.513972575631417,3066.5130243218678,Male,0,No,Yes,No,No,Fiber optic,No,Yes,No internet service,No internet service,Yes,Yes,One year,No,Credit card,1
3818,18,92.29306722386036,3633.6031649937613,Female,0,Yes,No,No,No,No,No,No internet service,No internet service,Yes,No internet service,No,Month-to-month,Yes,Credit card,0
3819,2,101.03643997594371,6342.309945854502,Male,0,No,No,No,No,No,No,No,Yes,Yes,Yes,No internet service,One year,No,Credit card,0
3820,8,99.68481767721232,6436.940587009629,Female,0,No,No,Yes,Yes,Fiber optic,Yes,Yes,Yes,No,Yes,No internet service,Month-to-month,Yes,Credit card,1
3821,54,32.75681513642842,5785.275078897102,Male,0,Yes,Yes,No,No phone service,Fiber optic,Yes,No,No internet service,Yes,Yes,No internet service,Month-to-month,No,Bank transfer,1
3822,38,110.33011273887594,274.8165279304948,Male,0,No,Yes,Yes,No,No,No,No,Yes,No,No,No,One year,Yes,Mailed check,0
3823,48,87.227882947408,4562.276307515497,Male,0,Yes,Yes,No,No,Fiber optic,Yes,Yes,No,Yes,Yes,No internet service,Two year,Yes,Mailed check,0
3824,27,109.75286223768644,6005.194351463059,Male,0,No,Yes,Yes,No phone service,No,No internet service,Yes,No,Yes,Yes,No,Month-to-month,No,Bank transfer,1
3825,20,64.71605045306636,3612.5393964861883,Male,1,Yes,Yes,No,No phone service,No,Yes,Yes,No,No internet service,No internet service,Yes,One year,No,Mailed check,0
3826,12,63.69548610836978,7564.9947583866315,Male,0,No,No,No,No phone service,No,No,No,Yes,Yes,No internet service,No,Two year,Yes,Electronic check,1
3827,43,98.45365186848953,6608.103122854773,Female,0,No,Yes,No,No phone service,No,Yes,No internet service,No,No internet service,No,No,Two year,No,Credit card,0
3828,61,29.32978554767435,5141.425017345963,Male,0,Yes,Yes,No,No,DSL,No internet service,No internet service,No internet service,Yes,No internet service,No internet service,Two year,Yes,Electronic check,0
3829,31,72.08740366348857,593.1589510918557,Male,0,Yes,No,Yes,Yes,Fiber optic,No,Yes,No internet service,No,Yes,Yes,Two year,Yes,Electronic check,1
3830,61,103.63842356312257,5253.535355906792,Female,0,Yes,Yes,Yes,No phone service,Fiber optic,Yes,No,No internet service,Yes,No,No,Month-to-month,Yes,Mailed check,0
3831,67,103.01925630695713,7301.47884989253,Female,0,Yes,Yes,Yes,No phone service,Fiber optic,Yes,Yes,No,No internet service,Yes,No,Month-to-month,No,Bank transfer,1
3832,35,115.6132856342369,3097.6185563595163,Male,0,Yes,No,Yes,No,No,Yes,No,No,No internet service,Yes,No,Month-to-month,Yes,Bank transfer,1
3833,15,89.82725935305464,6721.246952282352,Female,1,No,Yes,No,No phone service,No,Yes,No internet service,Yes,No internet service,Yes,No,Two year,No,Electronic check,0
3834,16,40.77706294397284,2573.973028611214,Female,0,No,Yes,No,No,No,No internet service,No internet service,No internet service,No internet service,No,No internet service,Month-to-month,Yes,Credit card,0
3835,13,22.028031489458083,4603.816003223692,Male,0,Yes,No,Yes,No,Fiber optic,Yes,Yes,Yes,Yes,No internet service,No internet service,One year,No,Electronic check,1
3836,35,67.9415798627102,5222.5529051291805,Male,0,Yes,Yes,Yes,No,No,Yes,Yes,No,No internet service,No internet service,No internet service,Two year,Yes,Credit card,0
3837,59,71.37038656225556,5456.1607967152695,Female,0,No,Yes,Yes,No,DSL,No,No internet service,Yes,No internet service,No internet service,Yes,One year,No,Credit card,1
3838,21,44.02625844989315,7072.1395842683505,Female,0,No,No,Yes,No phone service,Fiber optic,No internet service,No,No internet service,Yes,Yes,No internet service,Two year,Yes,Electronic check,1
3839,54,32.469744712360324,1953.5159093496284,Female,0,Yes,Yes,Yes,Yes,DSL,No,No internet service,Yes,No internet service,No,No,One year,No,Electronic check,1
3840,30,78.6208166190509,2172.7197237829,Female,0,Yes,Yes,No,No phone service,DSL,No internet service,No,Yes,No,No internet service,No,One year,Yes,Mailed check,0
3841,48,96.42556740241413,5661.923847154821,Female,0,Yes,Yes,No,Yes,Fiber optic,Yes,Yes,No,No,No,Yes,One year,No,Credit card,0
3842,35,119.31541035901606,1499.831118623901,Female,0,No,Yes,Yes,No phone service,DSL,No internet service,No internet service,No,No internet service,No,Yes,Month-to-month,No,Electronic check,1
3843,38,95.83026172105185,3767.7361992152864,Male,0,No,Yes,Yes,No,DSL,No,Yes,No,No,Yes,No,Month-to-month,Yes,Mailed check,1
3844,31,99.3632414255581,258.2716342099996,Female,0,No,No,No,No phone service,No,Yes,No internet service,No,No internet service,No,No internet service,Two year,No,Credit card,1
3845,24,81.64608782287975,1213.7367622219015,Male,0,No,Yes,Yes,No,DSL,No,Yes,No internet service,Yes,No internet service,No internet service,Month-to-month,No,Electronic check,1
3846,49,118.59226589700178,5462.886441728005,Male,0,Yes,No,Yes,No phone service,No,No,No internet service,No internet service,No,No internet service,No,Month-to-month,Yes,Credit card,0
3847,32,83.99563851145705,6004.946667505857,Female,0,Yes,Yes,No,No,DSL,No internet service,No internet service,Yes,No,No,Yes,Month-to-month,No,Credit card,1
3848,55,106.02532863997044,1011.020362579227,Male,0,Yes,Yes,No,Yes,Fiber optic,Yes,Yes,No internet service,Yes,No,No,Two year,No,Bank transfer,0
3849,58,114.57846462409557,1898.9054482484564,Female,0,No,No,No,No,Fiber optic,No,No internet service,Yes,No,No,Yes,Two year,No,Mailed check,0
3850,3,112.9858500500561,881.3451276427037,Male,1,No,No,Yes,No phone service,Fiber optic,No,No internet service,No,No internet service,No,No internet service,Month-to-month,No,Bank transfer,1
3851,69,58.14153437833565,3523.961467008423,Female,0,Yes,No,Yes,No,Fiber optic,No internet service,No internet service,Yes,No internet service,No internet service,No internet service,Two year,Yes,Bank transfer,0
3852,10,27.866205831425866,1096.3169588826029,Male,0,Yes,Yes,No,Yes,No,No,No internet service,Yes,No,No internet service,No,Two year,No,Bank transfer,0
3853,25,37.18737025392468,3554.6385356184314,Female,0,No,Yes,Yes,Yes,DSL,Yes,Yes,No internet service,Yes,Yes,No internet service,Two year,No,Electronic check,0
3854,68,25.92233053966075,5883.57622082894,Male,0,Yes,No,Yes,No phone service,DSL,Yes,Yes,Yes,No internet service,No,No,Month-to-month,Yes,Bank transfer,0
3855,61,30.539693482914004,5498.770201832998,Female,0,Yes,Yes,Yes,No,Fiber optic,No internet service,No internet service,No internet service,No internet service,No internet service,No,Month-to-month,Yes,Bank transfer,1
3856,29,38.465124589369765,2315.637846129577,Male,0,No,Yes,Yes,No phone service,No,No,No internet service,Yes,No,No,Yes,One year,No,Credit card,0
3857,19,54.10943165874018,5422.724139050766,Male,0,Yes,Yes,Yes,No,No,No internet service,Yes,No internet service,Yes,No internet service,No,One year,No,Bank transfer,0
3858,43,74.35396465750759,7428.925834106658,Male,0,No,Yes,No,Yes,Fiber optic,No internet service,No internet service,No,No internet service,Yes,No,One year,Yes,Credit card,0
3859,66,91.1682059355086,2845.4426579708324,Female,0,Yes,Yes,Yes,No phone service,DSL,No,No,No internet service,Yes,No internet service,No internet service,Two year,No,Mailed check,0
3860,61,41.092733610651194,2700.041314211092,Female,0,Yes,No,No,Yes,Fiber optic,Yes,Yes,No,No,No internet service,Yes,One year,Yes,Credit card,0
3861,43,87.25224042381393,4614.3653467079375,Female,1,Yes,Yes,No,No,DSL,No internet service,No internet service,No internet service,No,Yes,Yes,One year,No,Electronic check,1
3862,25,90.42590745024197,2039.4643071170274,Female,0,No,No,Yes,Yes,Fiber optic,Yes,No,No,No internet service,No,Yes,Two year,Yes,Bank transfer,0
3863,20,75.86223368661894,5247.47353104399,Female,0,No,Yes,No,No,DSL,Yes,No internet service,No,Yes,No internet service,No internet service,Two year,Yes,Electronic check,0
3864,48,110.36178697987106,6674.8679883126,Male,0,No,Yes,No,No phone service,No,No,No internet service,No internet service,Yes,Yes,Yes,Month-to-month,Yes,Mailed check,1
3865,24,31.099481392181065,3728.6161902791932,Female,0,No,Yes,Yes,No,Fiber optic,No,No internet service,No,No,Yes,No internet service,One year,No,Electronic check,0
3866,11,37.71214576024195,5468.1078669342205,Female,0,Yes,Yes,No,No,DSL,Yes,No,Yes,No,Yes,Yes,Month-to-month,Yes,Credit card,1
3867,55,62.86648243894848,5249.894848675663,Male,0,No,No,Yes,No phone service,DSL,Yes,No,Yes,No,No internet service,No,Two year,No,Bank transfer,0
3868,28,32.671273523423885,405.45793859595716,Female,0,Yes,Yes,Yes,No phone service,DSL,Yes,Yes,No,No,No,Yes,One year,Yes,Credit card,0
3869,69,76.62961437240875,1548.9887318886335,Female,0,Yes,Yes,No,Yes,DSL,No internet service,No internet service,No,No,No internet service,No internet service,One year,No,Electronic check,0
3870,63,59.84004666094244,7158.887014363227,Female,0,Yes,No,Yes,No,No,Yes,No internet service,No,No internet service,No internet service,No internet service,One year,No,Credit card,1
3871,59,48.45957945359184,7517.247964183653,Female,1,Yes,Yes,No,No,DSL,No internet service,No,No internet service,No internet service,No internet service,No,Month-to-month,No,Electronic check,0
3872,5,36.99898130176373,6265.473155298301,Female,0,Yes,Yes,No,Yes,No,No,No internet service,Yes,Yes,Yes,No,One year,No,Electronic check,1
3873,51,53.53382383482103,7377.860371788787,Female,0,Yes,Yes,Yes,No,DSL,No,No internet service,No,No internet service,No,No internet service,Month-to-month,No,Electronic check,0
3874,21,80.7959350832342,2518.5743422567407,Male,0,Yes,No,Yes,No,No,Yes,No internet service,No,No internet service,No internet service,Yes,Month-to-month,No,Electronic check,0
3875,12,77.57852108894116,2056.916677054471,Female,0,No,Yes,Yes,No phone service,No,No,No,No internet service,No internet service,No,No,Two year,Yes,Mailed check,0
3876,50,36.36240002102338,3135.971481728108,Female,0,Yes,No,Yes,No phone service,DSL,Yes,No internet service,Yes,Yes,No internet service,No,One year,No,Bank transfer,0
3877,4,32.49198107406334,537.2017885485775,Female,1,No,No,Yes,No phone service,No,No internet service,No internet service,No,No internet service,No,Yes,Month-to-month,No,Credit card,1
3878,42,22.66767626088725,6497.985790426489,Male,0,Yes,Yes,Yes,Yes,Fiber optic,Yes,Yes,Yes,Yes,Yes,No internet service,One year,Yes,Credit card,0
3879,38,21.242559379393228,7874.98633240911,Male,0,No,Yes,Yes,No phone service,DSL,No,No internet service,No internet service,Yes,No,No,One year,Yes,Credit card,0
3880,25,107.98104357196851,6609.831410249218,Male,1,Yes,Yes,Yes,Yes,Fiber optic,Yes,No,Yes,No internet service,Yes,No,Two year,No,Electronic check,0
3881,14,24.508885600538992,4484.30514533513,Male,1,No,Yes,Yes,No phone service,No,No,No,No,No internet service,Yes,No internet service,Month-to-month,Yes,Electronic check,1
3882,32,93.12211098732463,2432.7275668153034,Female,0,Yes,No,Yes,No,No,No internet service,No internet service,No,No internet service,No,Yes,Month-to-month,Yes,Bank transfer,0
3883,11,107.1985096244957,1661.8133194942868,Male,0,No,Yes,No,No,Fiber optic,No,Yes,Yes,No,No internet service,Yes,Two year,Yes,Bank transfer,0
3884,61,29.805784856245758,2976.096687193614,Female,0,No,Yes,No,No phone service,DSL,No,No internet service,No internet service,Yes,No internet service,No,Month-to-month,No,Bank transfer,0
3885,18,63.63014238330176,5369.05928343083,Female,1,No,Yes,Yes,No phone service,Fiber optic,No,No internet service,No internet service,Yes,No internet service,No internet service,Month-to-month,Yes,Credit card,1
3886,27,116.23029831742767,3631.7862887725064,Female,0,Yes,No,Yes,Yes,No,No,No internet service,No internet service,No,No internet service,Yes,Month-to-month,No,Bank transfer,0
3887,55,103.41386605235851,7479.07257866744,Male,0,Yes,Yes,Yes,No,DSL,No,No,No internet service,No,No,No internet service,Two year,Yes,Electronic check,1
3888,54,68.9704031857855,6848.340709429286,Female,0,No,Yes,Yes,No phone service,Fiber optic,No,No internet service,No,No internet service,No internet service,No,Month-to-month,No,Bank transfer,1
3889,21,96.25711127915528,908.9648661069017,Male,0,No,Yes,Yes,No phone service,Fiber optic,Yes,No,Yes,No,No internet service,Yes,One year,Yes,Mailed check,1
3890,44,103.33776244316638,1139.0492686971088,Female,1,Yes,Yes,No,No,DSL,No internet service,Yes,No,No,Yes,No internet service,Two year,No,Electronic check,0
3891,5,54.80269631887193,5442.289563870876,Male,0,Yes,Yes,Yes,No phone service,Fiber optic,Yes,No internet service,Yes,No,No,No internet service,Two year,No,Mailed check,1
3892,41,109.2152916869961,1923.070280844799,Male,1,Yes,Yes,Yes,No,DSL,No internet service,No,Yes,Yes,Yes,No,Two year,Yes,Bank transfer,0
3893,59,67.04733196771568,6349.136028392834,Female,0,Yes,Yes,No,No phone service,DSL,Yes,No,No internet service,No,Yes,Yes,Month-to-month,Yes,Mailed check,1
3894,54,72.780736355883,4771.72932437819,Female,1,Yes,No,Yes,No,Fiber optic,No internet service,No,No internet service,No internet service,No internet service,No,Two year,No,Electronic check,0
3895,22,119.9707637821831,1915.6611690934649,Female,0,No,No,Yes,Yes,DSL,No internet service,No internet service,Yes,Yes,No internet service,No,Month-to-month,No,Credit card,0
3896,65,104.33029661521613,3881.6257000966702,Male,0,No,Yes,No,No phone service,DSL,Yes,Yes,Yes,Yes,No,Yes,One year,Yes,Electronic check,0
3897,64,56.177000577298,3308.0027096995636,Male,1,No,Yes,Yes,No phone service,No,Yes,No,Yes,No,Yes,No internet service,Two year,Yes,Electronic check,0
3898,71,21.034559647269994,6997.958937596297,Male,0,No,Yes,Yes,No phone service,No,No internet service,No internet service,No,No,No internet service,No internet service,Two year,Yes,Electronic check,0
3899,4,82.61740737938948,354.0835523186971,Female,0,Yes,No,No,Yes,No,No,No,Yes,No,Yes,No internet service,Two year,Yes,Mailed check,1
3900,65,90.39134261281077,7177.16673468764,Male,0,Yes,Yes,Yes,No phone service,Fiber optic,No internet service,No,No,No,No internet service,Yes,One year,Yes,Electronic check,0
3901,15,85.08026901433797,5251.453194749973,Female,0,No,Yes,No,No phone service,Fiber optic,No,No internet service,Yes,No internet service,No internet service,No,Month-to-month,Yes,Electronic check,1
3902,22,116.78623511632131,5926.551681632192,Male,1,Yes,No,Yes,No,Fiber optic,No internet service,No,No internet service,No,No internet service,No internet service,Two year,Yes,Electronic check,0
3903,47,106.29710273321443,120.59896080180651,Male,0,Yes,No,No,No phone service,Fiber optic,No,No,Yes,No internet service,No internet service,No internet service,One year,Yes,Bank transfer,1
3904,46,64.88316931806486,5063.091528894136,Male,0,No,Yes,No,No phone service,DSL,Yes,No internet service,Yes,No,No,Yes,Month-to-month,No,Mailed check,1
3905,14,26.285748747238095,4749.040693317105,Female,0,No,Yes,Yes,No,DSL,Yes,Yes,No,No,Yes,Yes,Two year,Yes,Bank transfer,0
3906,50,67.60587695019969,4343.923895451769,Female,0,Yes,No,No,Yes,No,No,Yes,Yes,No internet service,Yes,No,Month-to-month,No,Electronic check,0
3907,20,88.9244019962023,6308.348167976491,Female,0,No,No,No,Yes,DSL,No,Yes,No,No,No,No,Two year,Yes,Bank transfer,1
3908,50,80.77098082270047,4491.381661532391,Male,0,Yes,No,Yes,No,Fiber optic,No,Yes,No,Yes,No,No internet service,One year,Yes,Credit card,0
3909,33,73.81370677108849,6871.067797522875,Male,0,No,No,No,Yes,DSL,No,No internet service,No internet service,No internet service,No,No internet service,Month-to-month,Yes,Electronic check,0
3910,59,66.88189580152414,1937.788742636143,Male,1,Yes,Yes,No,Yes,No,Yes,No internet service,No internet service,No internet service,No internet service,Yes,One year,Yes,Bank transfer,1
3911,43,49.37618730273863,6467.262452876429,Male,0,No,Yes,Yes,No phone service,Fiber optic,No internet service,Yes,No internet service,Yes,No internet service,No,Two year,No,Electronic check,0
3912,12,47.734676172462926,1516.5709053159653,Female,0,Yes,No,No,No phone service,DSL,Yes,No internet service,No internet service,No internet service,Yes,No internet service,One year,Yes,Credit card,0
3913,40,70.0231478925802,6523.630556554942,Male,0,Yes,Yes,Yes,No phone service,No,No internet service,Yes,No,No,No,Yes,Month-to-month,No,Electronic check,0
3914,20,36.0603146429649,7529.661798745685,Male,0,Yes,Yes,No,Yes,DSL,Yes,No,Yes,No internet service,Yes,No,Month-to-month,No,Electronic check,1
3915,38,54.068542357480155,2751.9837242520343,Female,0,No,No,No,No phone service,No,No,No,No,No internet service,No,No,Two year,Yes,Bank transfer,1
3916,3,52.39792747100996,4286.101880443492,Female,0,Yes,No,No,Yes,No,Yes,No,No internet service,Yes,Yes,No,Month-to-month,No,Electronic check,0
3917,28,78.71328015842009,5300.799281092866,Female,0,Yes,No,No,No phone service,No,Yes,Yes,Yes,No internet service,No,Yes,Two year,No,Credit card,0
3918,56,26.668230036302457,727.8261602505074,Male,1,No,Yes,Yes,Yes,Fiber optic,No,No,No,No,No,No,One year,No,Credit card,1
3919,13,102.96686802650952,4003.23767381255,Female,0,No,Yes,No,No,DSL,No,Yes,Yes,No internet service,No internet service,Yes,One year,No,Bank transfer,1
3920,66,76.23783803844022,2948.621315047149,Male,0,Yes,Yes,Yes,No,DSL,Yes,No internet service,No,No internet service,Yes,Yes,One year,No,Electronic check,0
3921,37,87.08266807759354,6992.399486885334,Female,1,Yes,No,Yes,No phone service,Fiber optic,Yes,No,Yes,Yes,No internet service,Yes,Two year,No,Mailed check,1
3922,49,90.30939037594328,7025.768197795776,Male,0,No,Yes,No,Yes,Fiber optic,No internet service,No,Yes,Yes,No internet service,No,One year,No,Electronic check,1
3923,66,49.14841368425365,5636.158362423171,Male,1,No,No,Yes,No,DSL,No internet service,No,No internet service,No internet service,Yes,No internet service,Two year,No,Mailed check,1
3924,36,67.03715673848666,5280.223349280736,Male,0,Yes,Yes,No,No,Fiber optic,Yes,No internet service,No internet service,No,No internet service,No internet service,One year,No,Electronic check,0
3925,54,115.62459558696672,5896.138828279269,Male,0,Yes,No,Yes,No phone service,Fiber optic,No internet service,Yes,Yes,Yes,No,Yes,One year,No,Credit card,0
3926,26,96.67052379968149,2991.296517922176,Male,0,No,Yes,No,No phone service,DSL,No,No,Yes,Yes,No,Yes,Month-to-month,Yes,Credit card,1
3927,40,116.95568752231853,3295.702049329941,Male,0,Yes,Yes,Yes,Yes,No,Yes,No,No internet service,No,No,No internet service,One year,No,Electronic check,1
3928,43,94.62543451462884,4474.267310820772,Female,0,Yes,No,Yes,No,Fiber optic,Yes,Yes,No,Yes,No,No,One year,Yes,Electronic check,0
3929,22,37.56001397085174,7510.4222061792925,Male,0,Yes,No,No,Yes,DSL,No internet service,No,Yes,No internet service,No internet service,No internet service,Two year,Yes,Credit card,0
3930,20,26.453588384467622,5819.5990055445445,Male,0,No,Yes,No,Yes,DSL,Yes,No,No,Yes,Yes,No internet service,Month-to-month,Yes,Electronic check,1
3931,8,77.76614367196636,4452.815031520165,Male,0,No,Yes,Yes,No phone service,DSL,Yes,No,No internet service,No,No internet service,No,Two year,No,Electronic check,0
3932,29,55.78132797026095,6186.262817684045,Male,0,Yes,No,Yes,Yes,Fiber optic,No,Yes,Yes,No internet service,Yes,Yes,One year,No,Bank transfer,1
3933,40,47.54579101381702,3030.033466683558,Female,0,Yes,Yes,Yes,Yes,No,Yes,No,No,No,Yes,No internet service,One year,Yes,Bank transfer,0
3934,30,100.72109964254174,5870.686939040528,Male,1,Yes,Yes,Yes,No,No,No internet service,No internet service,No internet service,No,No internet service,Yes,Month-to-month,No,Bank transfer,1
3935,55,56.69932670819473,3344.342361433333,Male,0,No,No,Yes,Yes,DSL,No,Yes,Yes,No,No internet service,No,One year,No,Mailed check,0
3936,16,51.70009697343039,2309.32511541839,Female,1,Yes,No,Yes,No,Fiber optic,No internet service,No,No,No,No,No,Two year,Yes,Credit card,0
3937,46,104.99875931690104,4916.81997542611,Male,0,No,Yes,No,No,Fiber optic,Yes,No internet service,Yes,Yes,Yes,No,Two year,Yes,Electronic check,1
3938,62,104.62873364864602,5526.3327212364575,Female,0,Yes,No,No,Yes,No,No internet service,No internet service,No,Yes,Yes,No,Month-to-month,Yes,Credit card,1
3939,7,55.63666377550566,3728.419133318557,Male,0,No,Yes,No,Yes,No,No internet service,No internet service,No,Yes,Yes,No,One year,Yes,Electronic check,0
3940,45,103.24987009859662,4567.455777708462,Male,0,Yes,Yes,Yes,No,Fiber optic,No,No internet service,Yes,Yes,No,Yes,Month-to-month,Yes,Electronic check,1
3941,59,105.07784903326605,5583.121991362059,Female,1,No,No,Yes,Yes,No,Yes,No internet service,No internet service,No internet service,Yes,No,One year,No,Credit card,0
3942,56,62.39305350296662,6164.909407304325,Female,0,No,Yes,No,No,DSL,No,No,Yes,Yes,Yes,Yes,One year,Yes,Mailed check,0
3943,48,26.647313020917156,7175.014684756302,Female,0,Yes,Yes,No,Yes,No,Yes,No internet service,No internet service,No,No,No,One year,No,Mailed check,0
3944,27,20.15846444663401,2900.8992294881923,Male,0,No,Yes,No,No,Fiber optic,No,Yes,No,No internet service,No internet service,Yes,Two year,Yes,Mailed check,0
3945,53,72.3292462888995,7616.670297535489,Female,0,Yes,Yes,No,No,DSL,Yes,No,No,Yes,No,No,Month-to-month,No,Mailed check,0
3946,35,54.40754933703557,5134.510499972392,Female,0,No,Yes,No,No phone service,Fiber optic,No,No,No,Yes,No,No,Two year,Yes,Bank transfer,0
3947,51,119.7131894158366,6322.844873321687,Male,0,Yes,No,No,Yes,No,Yes,No internet service,No internet service,No internet service,No internet service,Yes,Two year,No,Credit card,1
3948,37,97.24109996272843,5628.175443503363,Male,0,No,No,No,No,No,No,No internet service,No,Yes,Yes,No internet service,Two year,No,Mailed check,0
3949,57,96.12754563504124,1724.0166302524124,Male,0,No,Yes,No,No,DSL,No internet service,No,Yes,No,No internet service,No,Month-to-month,Yes,Mailed check,1
3950,8,115.52427682873437,664.3632257697437,Female,0,Yes,Yes,Yes,Yes,DSL,No,Yes,No,No,Yes,Yes,Two year,Yes,Mailed check,1
3951,20,108.77243978933208,5837.66306574315,Male,0,No,No,No,Yes,DSL,No internet service,No,No internet service,No,No,Yes,Two year,Yes,Mailed check,0
3952,53,51.81874794563887,4137.316075577154,Female,0,Yes,Yes,No,Yes,DSL,No,No,No internet service,No,Yes,No internet service,One year,Yes,Bank transfer,0
3953,12,36.59872216038764,5647.485610425764,Female,0,Yes,No,No,No phone service,No,No internet service,No internet service,Yes,Yes,No,No,One year,Yes,Electronic check,0
3954,49,94.58922650654823,3867.058150932132,Female,1,Yes,No,Yes,Yes,Fiber optic,Yes,Yes,Yes,No,Yes,No internet service,Two year,Yes,Mailed check,0
3955,17,57.8273893682873,2566.652711290382,Female,0,No,No,No,No phone service,No,No internet service,No internet service,No internet service,Yes,No,Yes,Month-to-month,Yes,Bank transfer,0
3956,64,67.31726516309564,2351.6414831505895,Male,0,No,Yes,Yes,Yes,No,Yes,No internet service,No internet service,Yes,Yes,No,Two year,No,Bank transfer,1
3957,42,83.03977312748269,5871.203833872954,Male,0,No,Yes,Yes,No phone service,DSL,No internet service,No internet service,Yes,Yes,Yes,No internet service,Month-to-month,No,Bank transfer,1
3958,29,110.78726769352407,2286.5626435796203,Female,0,Yes,Yes,Yes,Yes,DSL,Yes,No internet service,Yes,Yes,Yes,No,One year,No,Electronic check,0
3959,19,61.908775367096595,5745.947280310825,Female,0,Yes,Yes,Yes,No phone service,Fiber optic,No internet service,Yes,Yes,No internet service,No internet service,Yes,Month-to-month,No,Credit card,1
3960,11,98.33168902193613,3133.2849979072903,Male,0,No,No,Yes,No,Fiber optic,No,No internet service,Yes,No internet service,No,No internet service,Two year,Yes,Mailed check,1
3961,50,46.833979127465746,6190.09739411854,Male,0,Yes,Yes,No,No phone service,No,Yes,No internet service,No internet service,No internet service,No,Yes,One year,Yes,Electronic check,0
3962,71,89.79717909236136,1228.19841368309,Female,0,No,Yes,No,No phone service,Fiber optic,Yes,Yes,No,No,No,Yes,Month-to-month,No,Bank transfer,1
3963,58,20.157942107791186,1719.3415513143298,Female,0,No,Yes,Yes,No,DSL,No internet service,No,No internet service,Yes,No internet service,No internet service,Two year,No,Electronic check,0
3964,34,107.15072134906347,5518.701685189292,Female,0,Yes,No,Yes,Yes,DSL,No,No internet service,Yes,Yes,No internet service,No internet service,Two year,No,Credit card,1
3965,20,23.03795799544625,4525.825849566275,Female,1,Yes,Yes,Yes,No,DSL,Yes,No,No internet service,No,No internet service,No internet service,Month-to-month,No,Bank transfer,0
3966,50,91.27537547625842,1710.6389067106338,Female,1,Yes,No,Yes,No,No,Yes,No internet service,Yes,No internet service,No internet service,Yes,Month-to-month,Yes,Credit card,1
3967,10,24.62581892612839,7232.333392641891,Male,0,Yes,Yes,Yes,No,Fiber optic,No,No internet service,No internet service,Yes,Yes,No,Month-to-month,Yes,Credit card,1
3968,32,46.624569939400345,2279.958764559906,Female,0,No,Yes,No,No phone service,DSL,No,Yes,Yes,No,No,No,Two year,Yes,Bank transfer,0
3969,52,69.7202403556553,3426.4640457297073,Male,0,Yes,Yes,Yes,No,No,No,Yes,Yes,No internet service,Yes,No,One year,Yes,Mailed check,0
3970,15,61.99386853482382,1698.0747407930498,Female,0,Yes,Yes,Yes,Yes,No,Yes,No,No internet service,No,No internet service,No,One year,No,Credit card,0
3971,3,39.18361146010106,3165.4181848979624,Male,0,Yes,Yes,Yes,No phone service,No,No internet service,No internet service,Yes,No,No internet service,No,Two year,No,Bank transfer,1
3972,37,53.38149117092374,3984.009325880646,Female,0,No,No,No,No phone service,Fiber optic,No internet service,Yes,No,Yes,Yes,No,Month-to-month,No,Electronic check,0
3973,40,92.7706370060967,2432.451730652061,Male,0,Yes,Yes,No,No,Fiber optic,Yes,No internet service,Yes,No internet service,No,No internet service,Two year,No,Electronic check,0
3974,40,86.92570925796483,6175.840018252218,Male,1,Yes,No,No,No phone service,Fiber optic,Yes,No internet service,Yes,No internet service,No internet service,No,Two year,No,Credit card,0
3975,56,27.181458376391568,3212.0705313053522,Female,1,No,Yes,Yes,Yes,No,Yes,No,Yes,Yes,Yes,Yes,Two year,No,Bank transfer,1
3976,23,94.73158255728863,5863.12899967426,Female,0,No,Yes,Yes,No phone service,No,Yes,No internet service,No,No internet service,Yes,Yes,Two year,Yes,Credit card,0
3977,11,25.304588119702835,1735.8701855829227,Male,1,No,No,No,No,Fiber optic,No,Yes,No internet service,No,Yes,No,One year,No,Mailed check,0
3978,64,74.29263890997845,3078.580424666112,Male,0,Yes,Yes,No,No,DSL,Yes,No,No,No,Yes,Yes,Month-to-month,Yes,Electronic check,1
3979,8,46.00627480421906,163.66048227472785,Male,0,No,No,No,No,Fiber optic,Yes,Yes,No,No,No,Yes,Two year,No,Mailed check,1
3980,56,78.76901275598189,6093.236912918323,Female,0,No,No,Yes,No phone service,No,Yes,No,No,Yes,No,No,Two year,Yes,Credit card,0
3981,60,46.132839594090186,5044.504490210825,Male,0,Yes,Yes,Yes,No,No,No,No,No internet service,No internet service,No internet service,No internet service,Month-to-month,No,Mailed check,0
3982,10,118.4957969625831,6560.804266871603,Female,0,Yes,Yes,No,No phone service,No,No,No internet service,Yes,Yes,No internet service,No internet service,Month-to-month,Yes,Mailed check,1
3983,39,50.97281837275318,3699.325226011435,Female,1,No,Yes,No,No,No,No,No,No,Yes,No,No,Two year,Yes,Credit card,1
3984,28,44.1960635674496,6417.95108533143,Female,0,Yes,Yes,Yes,No,No,Yes,No,Yes,Yes,No,No internet service,Two year,Yes,Credit card,0
3985,49,47.8465290915346,5215.90209974073,Female,0,Yes,Yes,No,No,No,No,No internet service,No,Yes,Yes,No internet service,Month-to-month,Yes,Credit card,0
3986,36,109.64728572592954,128.54216702048546,Female,0,No,No,Yes,Yes,Fiber optic,Yes,No,No,No internet service,Yes,No,Month-to-month,No,Mailed check,1
3987,13,83.62188286693447,2104.1849311992446,Female,0,Yes,No,No,Yes,No,Yes,No,No,No,Yes,Yes,One year,Yes,Bank transfer,0
3988,36,93.06840974207765,4001.7416824293596,Male,0,Yes,Yes,Yes,No,No,No internet service,Yes,No,No,No internet service,No internet service,Two year,No,Bank transfer,0
3989,26,111.80105100943504,4987.630062724573,Male,0,No,Yes,Yes,No,No,No,Yes,No,No,No internet service,No,Month-to-month,No,Bank transfer,1
3990,4,111.18724848450074,618.1678308506334,Female,0,No,No,No,No phone service,No,No internet service,No internet service,No,No internet service,No internet service,Yes,Month-to-month,No,Mailed check,1
3991,64,93.89458465787276,5670.131432651955,Male,0,Yes,No,Yes,No phone service,No,No internet service,No,No internet service,No internet service,No internet service,No internet service,One year,Yes,Electronic check,1
3992,38,39.782442884132294,4393.935171413353,Male,0,No,No,Yes,Yes,DSL,No,No internet service,Yes,No internet service,Yes,No,One year,No,Electronic check,1
3993,22,104.33733206750055,4253.656523864457,Female,0,No,Yes,No,No phone service,Fiber optic,No,No internet service,Yes,No,No internet service,No internet service,Month-to-month,No,Credit card,0
3994,2,40.37760341910637,2407.159908973529,Male,0,Yes,Yes,Yes,No phone service,Fiber optic,No internet service,No internet service,No internet service,No internet service,No internet service,No internet service,Two year,No,Bank transfer,0
3995,31,94.28988140984319,4799.102485975557,Female,0,Yes,No,No,No phone service,DSL,Yes,Yes,No,No,Yes,No,Two year,No,Electronic check,1
3996,11,88.56030665448743,317.1938280910198,Female,0,Yes,No,Yes,No phone service,DSL,No internet service,No internet service,No internet service,No,Yes,Yes,Two year,No,Bank transfer,0
3997,46,95.88888501404466,611.1326109815091,Female,1,No,Yes,No,Yes,No,No,No,No internet service,Yes,No,No,One year,No,Mailed check,0
3998,62,73.26856807138157,5897.573688981448,Female,0,No,No,Yes,Yes,Fiber optic,Yes,Yes,No internet service,No internet service,Yes,Yes,Month-to-month,No,Credit card,1
3999,69,83.87261822492196,2642.941606018315,Male,1,Yes,Yes,Yes,No phone service,Fiber optic,No internet service,Yes,Yes,Yes,No internet service,No,Month-to-month,No,Credit card,1
4000,64,115.33200804342553,2841.039897433422,Male,1,Yes,No,No,No phone service,DSL,No internet service,Yes,No internet service,No internet service,Yes,No,One year,Yes,Credit card,1
4001,10,30.108859417421492,1746.2431057259694,Female,1,Yes,Yes,No,Yes,Fiber optic,No internet service,No,No,No internet service,No internet service,No internet service,Two year,Yes,Credit card,1
4002,40,50.884727478162,3620.403467589464,Male,0,Yes,No,Yes,No,Fiber optic,No,No internet service,No internet service,Yes,No,Yes,Month-to-month,Yes,Credit card,1
4003,24,81.13570130983824,510.7481081492724,Female,0,No,No,No,No phone service,No,No internet service,No internet service,Yes,No internet service,No,Yes,Two year,Yes,Credit card,1
4004,44,116.40541301314893,2472.8694662117978,Female,0,No,No,No,No,No,No,Yes,Yes,No internet service,No,Yes,Month-to-month,No,Credit card,0
4005,60,29.557444766260115,4264.27898204381,Male,0,No,No,Yes,No phone service,No,Yes,Yes,No,No internet service,No internet service,No internet service,One year,Yes,Bank transfer,0
4006,62,22.254922153008643,3778.4921803171824,Male,1,No,Yes,No,Yes,Fiber optic,Yes,No internet service,No internet service,No,No internet service,No,One year,Yes,Electronic check,1
4007,17,25.5749598470328,7997.390180671967,Female,0,No,No,Yes,No phone service,Fiber optic,No internet service,No,No,No,No,No internet service,Two year,No,Bank transfer,1
4008,65,25.240568646119883,3171.2407517235893,Male,1,No,Yes,No,No,No,No,Yes,No internet service,No internet service,No,No,One year,No,Bank transfer,0
4009,57,110.78158577774043,3157.29256810904,Female,0,Yes,No,Yes,Yes,No,No internet service,Yes,No,Yes,No internet service,No,Month-to-month,Yes,Electronic check,1
4010,55,92.12579079338248,4078.2960415742364,Female,0,No,No,No,No phone service,Fiber optic,Yes,No,No,No,No internet service,No,One year,Yes,Bank transfer,1
4011,53,87.71063661962783,1603.3945711427154,Male,0,No,Yes,Yes,No phone service,Fiber optic,No,Yes,No,No,No internet service,No,Two year,Yes,Credit card,1
4012,56,72.25728202618095,7022.804941377347,Female,0,No,No,Yes,Yes,DSL,Yes,No,Yes,No internet service,No internet service,No,One year,Yes,Bank transfer,0
4013,9,98.19526169721519,4620.915532029143,Male,0,No,No,No,No phone service,No,Yes,No internet service,Yes,No,No,No internet service,Month-to-month,Yes,Credit card,1
4014,22,35.56479927615908,1617.6503496754372,Female,0,Yes,Yes,No,Yes,No,No,No internet service,No internet service,Yes,No,Yes,One year,No,Electronic check,1
4015,13,59.19411897884374,6368.188571839845,Female,0,Yes,No,Yes,No phone service,No,No,Yes,Yes,Yes,Yes,No,Month-to-month,Yes,Bank transfer,1
4016,48,69.00042507643435,371.2241520285407,Female,0,No,No,No,Yes,Fiber optic,No,No internet service,No,Yes,Yes,No internet service,Two year,Yes,Mailed check,1
4017,18,31.040949767672625,7862.257184624876,Female,0,Yes,No,Yes,No phone service,Fiber optic,No internet service,No,Yes,Yes,No internet service,No internet service,Month-to-month,Yes,Bank transfer,1
4018,40,61.9513709337517,6934.6797446938335,Female,0,Yes,Yes,Yes,Yes,DSL,No internet service,Yes,Yes,No,No,No internet service,One year,No,Electronic check,0
4019,17,51.65017792626203,4679.151698718757,Male,0,Yes,No,No,Yes,DSL,No,No,No internet service,No,No internet service,No internet service,One year,Yes,Mailed check,1
4020,15,23.558214579346263,979.2357357808252,Female,0,Yes,Yes,No,No phone service,No,No,No internet service,No,Yes,Yes,No internet service,Two year,Yes,Credit card,0
4021,15,33.673540272923525,1800.6549089884043,Male,0,No,Yes,No,Yes,DSL,No internet service,No internet service,Yes,No,No internet service,No,One year,Yes,Mailed check,0
4022,63,96.40368231674718,2307.537845477149,Male,0,No,Yes,Yes,No phone service,Fiber optic,No,No internet service,Yes,No internet service,Yes,Yes,Two year,Yes,Credit card,0
4023,39,21.803790950464446,2004.1507294385267,Male,0,No,Yes,No,No phone service,DSL,Yes,Yes,No internet service,No internet service,Yes,No,Two year,No,Electronic check,1
4024,13,113.42532990963612,4030.408082582221,Female,0,No,No,No,No phone service,DSL,No,No,No internet service,No internet service,No,No,Month-to-month,Yes,Credit card,1
4025,32,28.642463244723743,7562.026925110467,Male,0,No,No,No,Yes,Fiber optic,No internet service,Yes,No,No internet service,No internet service,Yes,One year,Yes,Electronic check,0
4026,9,99.92380942034582,3608.963419665703,Male,0,Yes,Yes,Yes,No phone service,No,No,No internet service,No internet service,No internet service,No,No,Month-to-month,Yes,Bank transfer,1
4027,40,109.86165409434707,5326.360088569903,Male,0,No,No,No,Yes,No,No,No internet service,No,Yes,Yes,Yes,Two year,Yes,Mailed check,0
4028,20,114.1135584850447,5539.807327232703,Female,0,No,No,No,No,DSL,Yes,Yes,No,No,Yes,No,Two year,No,Mailed check,1
4029,63,106.74770234959726,6985.487729510413,Female,0,Yes,No,Yes,No,Fiber optic,No,No,Yes,Yes,No internet service,Yes,Two year,No,Mailed check,1
4030,44,48.75500394254432,367.1881718150021,Female,0,Yes,No,No,No,Fiber optic,No internet service,No internet service,Yes,Yes,No internet service,No internet service,Month-to-month,Yes,Credit card,1
4031,38,53.308713133847704,3294.207468845583,Female,0,No,No,Yes,No phone service,DSL,No internet service,No,Yes,Yes,No internet service,Yes,Month-to-month,No,Electronic check,0
4032,60,62.654569861007595,6299.407401280185,Male,0,Yes,No,No,Yes,No,Yes,No internet service,Yes,No,No internet service,No,Two year,No,Bank transfer,0
4033,71,33.92966894071009,6537.4494182270255,Female,0,No,Yes,Yes,No phone service,No,Yes,Yes,Yes,No internet service,Yes,No,One year,Yes,Electronic check,1
4034,48,22.227245506722387,7425.927659874688,Male,1,Yes,No,Yes,Yes,No,No internet service,No internet service,No,Yes,Yes,Yes,One year,Yes,Mailed check,0
4035,18,106.91216142810346,5652.075442562218,Female,0,No,Yes,Yes,No,Fiber optic,No,Yes,Yes,No,Yes,No internet service,One year,Yes,Credit card,1
4036,16,75.41287162104564,2036.7161742274736,Male,0,No,No,No,No,Fiber optic,No internet service,Yes,Yes,Yes,No,No,Two year,Yes,Bank transfer,0
4037,55,80.87229421782163,4094.7593703665875,Female,0,No,Yes,No,No,Fiber optic,Yes,Yes,Yes,No,No,No internet service,Two year,Yes,Bank transfer,1
4038,39,112.69884748177954,355.52777455929083,Female,0,No,No,Yes,No phone service,No,No internet service,No internet service,No,Yes,No,Yes,One year,Yes,Credit card,1
4039,68,86.51201781136157,5210.73389467615,Female,1,Yes,Yes,No,No phone service,DSL,Yes,No,No internet service,No internet service,No internet service,Yes,Month-to-month,No,Electronic check,1
4040,59,89.08535043398135,4478.932170919178,Female,0,No,Yes,No,Yes,Fiber optic,No internet service,No,No internet service,No,Yes,Yes,One year,No,Credit card,0
4041,62,98.69686484367422,5368.006618014216,Male,1,No,No,No,Yes,Fiber optic,No,No internet service,Yes,Yes,No,No internet service,Month-to-month,Yes,Mailed check,0
4042,13,31.63484498574038,7448.110371762004,Female,0,No,No,Yes,No,DSL,No,Yes,No internet service,No internet service,No internet service,No internet service,One year,No,Mailed check,0
4043,6,56.01621532137915,5529.485232591409,Female,0,No,Yes,No,No phone service,No,Yes,No,No,No internet service,No internet service,Yes,Two year,No,Mailed check,0
4044,60,116.82079277033662,2631.5544499606135,Female,0,Yes,No,Yes,No phone service,Fiber optic,No,No,Yes,No,No internet service,Yes,One year,No,Bank transfer,1
4045,14,112.29300781006066,1670.0196445742383,Male,1,Yes,No,Yes,Yes,No,Yes,No internet service,No,No internet service,Yes,Yes,Month-to-month,Yes,Mailed check,1
4046,54,108.40752963101848,6851.626033867373,Female,0,No,No,No,Yes,Fiber optic,No,Yes,No,No,No internet service,No internet service,Month-to-month,No,Electronic check,1
4047,4,65.20885103389725,1635.2239318627087,Female,0,No,No,No,No phone service,Fiber optic,No internet service,No,Yes,No,No,No internet service,One year,No,Bank transfer,1
4048,39,105.71929535868057,1376.7156867033748,Male,0,Yes,Yes,Yes,No phone service,DSL,No,No internet service,No,No internet service,No internet service,No internet service,Two year,No,Electronic check,0
4049,25,24.83958819457656,1732.2354373797089,Male,0,No,No,No,Yes,DSL,No internet service,No internet service,Yes,No internet service,Yes,Yes,Two year,Yes,Bank transfer,0
4050,32,34.85174242571175,4119.842700231004,Male,0,No,No,No,No phone service,DSL,Yes,Yes,No,No,Yes,No internet service,Month-to-month,No,Electronic check,0
4051,59,61.39676984840541,1081.080800959709,Female,0,Yes,No,Yes,No phone service,DSL,No,No internet service,No internet service,No internet service,No internet service,No,Two year,No,Mailed check,0
4052,63,68.33920666821264,7511.134811713948,Male,0,Yes,No,No,No,No,No,Yes,No internet service,No,Yes,No internet service,One year,Yes,Bank transfer,0
4053,38,46.350715352085686,7733.4042871967085,Female,0,Yes,Yes,Yes,No phone service,No,No internet service,No,No internet service,No internet service,Yes,No internet service,Month-to-month,Yes,Electronic check,1
4054,53,55.647667084778746,7793.034640935691,Male,1,No,No,Yes,No phone service,No,Yes,No internet service,No,No,No,No,Month-to-month,Yes,Bank transfer,0
4055,67,36.277610102536876,409.08595807578644,Female,0,No,No,No,No phone service,DSL,No,No,Yes,No internet service,No,No internet service,One year,Yes,Bank transfer,0
4056,28,68.91340317159072,7574.960459192251,Male,1,No,No,Yes,Yes,Fiber optic,Yes,Yes,No internet service,No internet service,No internet service,Yes,One year,No,Mailed check,0
4057,3,99.38432928678613,7979.577967677659,Male,0,No,Yes,No,No,No,Yes,Yes,Yes,Yes,Yes,No,One year,No,Bank transfer,1
4058,22,86.13603936613057,7545.189963829348,Male,0,Yes,No,No,Yes,DSL,No,Yes,No internet service,Yes,Yes,Yes,Two year,No,Credit card,1
4059,38,30.779224736554127,5400.417355525378,Female,1,Yes,Yes,No,No,DSL,No internet service,No internet service,No internet service,No,Yes,No,Two year,No,Electronic check,0
4060,62,68.7581603396716,5639.718204027156,Male,1,Yes,No,Yes,No,DSL,Yes,No internet service,No,Yes,No,No internet service,Two year,No,Credit card,0
4061,57,89.7646382779725,1065.7982250002365,Female,0,Yes,No,Yes,No phone service,No,Yes,No internet service,No internet service,Yes,Yes,No,One year,Yes,Bank transfer,0
4062,6,72.98952965539412,7006.946908892204,Male,0,No,Yes,Yes,No,Fiber optic,No,No,Yes,No,No,No internet service,Two year,Yes,Electronic check,1
4063,32,59.167559653554896,571.1527185672949,Male,0,No,Yes,No,No,No,Yes,No,Yes,No internet service,Yes,No internet service,Two year,No,Credit card,0
4064,10,82.19144212838782,2610.0713182793543,Male,0,Yes,No,No,No phone service,DSL,No,No internet service,No internet service,No internet service,No,Yes,One year,No,Credit card,1
4065,3,116.86386653002755,7930.097996670677,Female,0,No,No,Yes,No phone service,DSL,Yes,No,Yes,No,No internet service,No,One year,Yes,Mailed check,0
4066,59,29.490790976607798,3436.3902449136626,Female,0,Yes,No,No,No,DSL,No internet service,Yes,Yes,Yes,No internet service,No,One year,No,Credit card,0
4067,49,59.00160607475607,1136.134169325544,Female,1,Yes,No,No,Yes,No,No internet service,No internet service,Yes,No internet service,Yes,No internet service,Month-to-month,No,Bank transfer,1
4068,59,60.66058530460956,7757.427830187733,Male,0,No,No,Yes,No,Fiber optic,No internet service,Yes,Yes,Yes,Yes,Yes,One year,No,Electronic check,1
4069,31,77.6967310468371,7874.703211629715,Female,0,No,Yes,Yes,Yes,No,No internet service,Yes,Yes,No,No,Yes,One year,No,Bank transfer,0
4070,69,35.217460188191794,1577.6372133858436,Female,0,No,No,Yes,Yes,DSL,No,Yes,No internet service,Yes,No,No internet service,Two year,No,Credit card,0
4071,62,37.66430298704695,6931.950089047349,Male,0,No,Yes,No,No,DSL,No,No,Yes,No,No,Yes,Month-to-month,No,Bank transfer,1
4072,52,48.53613859978547,3184.344276931745,Male,0,No,Yes,No,Yes,DSL,No,Yes,Yes,No,Yes,Yes,Two year,No,Credit card,0
4073,41,115.58700432685195,3112.8108694450443,Female,1,No,No,No,No,No,No,No,No internet service,No internet service,No,No internet service,Month-to-month,Yes,Mailed check,1
4074,31,93.41085812309026,2175.311291985523,Female,0,No,No,Yes,Yes,No,No,Yes,No,No,Yes,Yes,One year,Yes,Bank transfer,0
4075,22,86.16933016915031,453.21116898368246,Male,0,No,Yes,Yes,Yes,No,No internet service,No internet service,Yes,No internet service,No,No internet service,Month-to-month,No,Bank transfer,1
4076,4,101.69576873942623,2217.2709711132657,Female,1,Yes,Yes,Yes,No,DSL,Yes,Yes,No,No,Yes,Yes,One year,Yes,Mailed check,1
4077,13,32.757646891669296,524.8375521311109,Male,0,Yes,No,Yes,No phone service,No,Yes,Yes,No,No internet service,No,No internet service,Month-to-month,Yes,Bank transfer,1
4078,45,105.93328197237517,7402.5391662437105,Male,1,No,Yes,No,No phone service,Fiber optic,No internet service,No internet service,No internet service,Yes,No,No,Two year,No,Credit card,1
4079,42,79.48327138875041,5327.593311902555,Female,0,No,Yes,Yes,No,Fiber optic,No internet service,No,No,No,No,Yes,Month-to-month,Yes,Mailed check,0
4080,49,53.53290074589354,7104.318935129493,Female,0,Yes,Yes,No,No,Fiber optic,No,No internet service,No,Yes,Yes,Yes,Month-to-month,Yes,Bank transfer,0
4081,20,101.58552557456903,5766.596383617508,Male,0,Yes,No,Yes,No phone service,No,No,Yes,No,No,No internet service,Yes,One year,No,Credit card,0
4082,54,100.25645343486241,1137.16628155285,Female,1,Yes,No,No,No phone service,DSL,Yes,Yes,No internet service,No,No internet service,Yes,Two year,Yes,Credit card,1
4083,36,104.57085817167271,7530.594140208853,Male,1,Yes,Yes,Yes,Yes,DSL,Yes,No,Yes,No,Yes,Yes,Two year,No,Electronic check,0
4084,1,31.551790010698216,7209.15512369886,Female,0,No,Yes,No,Yes,DSL,No,Yes,No internet service,No internet service,Yes,No internet service,One year,Yes,Electronic check,1
4085,15,116.9361244995776,2849.801015418182,Male,0,Yes,No,No,Yes,DSL,No,Yes,No internet service,No internet service,No internet service,Yes,One year,Yes,Electronic check,0
4086,17,115.96261537897311,981.1133887782444,Female,1,Yes,No,Yes,No phone service,DSL,No internet service,No,No internet service,Yes,No internet service,No internet service,Two year,No,Mailed check,1
4087,24,55.746964550174155,5662.822531232103,Female,0,Yes,Yes,No,No,No,No,No,Yes,Yes,No,No,Month-to-month,No,Credit card,1
4088,58,26.589401821191963,5854.0542916201075,Male,0,Yes,No,Yes,Yes,Fiber optic,No internet service,No,No,No,No,No,Two year,No,Mailed check,0
4089,23,36.70556694687857,7184.949454241586,Female,0,No,No,No,No,No,No,No,Yes,Yes,Yes,No internet service,Two year,No,Mailed check,0
4090,46,119.2830825444697,515.9804996635314,Male,1,Yes,No,Yes,No phone service,DSL,Yes,Yes,No,No,No internet service,No,Two year,No,Mailed check,1
4091,8,76.30129431716631,1219.4603204162377,Female,0,No,No,Yes,Yes,No,No internet service,No,Yes,No,No internet service,No internet service,One year,Yes,Mailed check,1
4092,59,55.6621798826052,4826.16546374554,Female,0,No,No,Yes,No phone service,No,Yes,No,No internet service,No,Yes,Yes,One year,Yes,Mailed check,1
4093,59,48.82026938500388,4991.139251873652,Female,1,No,Yes,No,No,No,No internet service,Yes,No internet service,No internet service,No internet service,No internet service,Month-to-month,No,Bank transfer,1
4094,13,45.69917353109476,365.5163322885496,Female,0,No,Yes,No,Yes,DSL,No internet service,No,No,Yes,No,No,Month-to-month,No,Electronic check,1
4095,39,86.4152765054482,3235.7632033871014,Male,0,No,No,Yes,No,DSL,Yes,Yes,No internet service,No internet service,No internet service,No internet service,Two year,No,Mailed check,0
4096,28,61.93878315196859,4714.877677080788,Male,0,Yes,No,No,No,DSL,Yes,No,No internet service,No,No internet service,No,One year,Yes,Bank transfer,0
4097,61,116.54106993686116,5929.499531898698,Female,1,No,No,Yes,Yes,No,No,No,Yes,No,No,No internet service,Two year,Yes,Bank transfer,0
4098,16,88.38430306453614,2597.5904650487955,Male,0,Yes,No,No,Yes,No,No internet service,No internet service,No,No internet service,No internet service,No,One year,No,Credit card,0
4099,2,99.20445910489612,3922.8375948725475,Male,0,Yes,Yes,Yes,No phone service,Fiber optic,No,Yes,Yes,Yes,No,Yes,Two year,Yes,Mailed check,0
4100,17,49.274154858315995,6531.033491264873,Female,0,No,Yes,Yes,Yes,Fiber optic,No internet service,No,Yes,No internet service,No,No internet service,Month-to-month,Yes,Electronic check,1
4101,30,27.918640910862585,7635.77100479215,Male,0,No,No,Yes,Yes,DSL,No,No internet service,No internet service,No internet service,No,Yes,Two year,Yes,Credit card,0
4102,13,68.78228373818811,1919.4859355797796,Male,1,Yes,No,Yes,Yes,Fiber optic,Yes,No internet service,Yes,Yes,No internet service,Yes,One year,No,Mailed check,1
4103,13,51.45815465462273,2099.0334259771803,Female,0,No,No,Yes,Yes,DSL,Yes,Yes,No,No,No,Yes,One year,No,Credit card,0
4104,43,40.208316500792364,7524.563680727616,Female,0,No,No,No,Yes,DSL,No,No internet service,No internet service,Yes,Yes,No,Two year,No,Electronic check,0
4105,21,115.26421308008614,3227.6980910252,Female,0,No,No,No,No phone service,No,Yes,Yes,No,Yes,No internet service,No,Month-to-month,No,Electronic check,0
4106,55,64.39882143420303,5774.951763713867,Female,0,Yes,Yes,No,No,Fiber optic,No,No internet service,No,No internet service,No,Yes,Two year,Yes,Mailed check,1
4107,40,37.470859204878565,4936.895306966022,Male,1,Yes,Yes,No,No phone service,DSL,No internet service,Yes,No,No,Yes,No internet service,Two year,Yes,Electronic check,0
4108,15,39.86506526811391,2356.142670373045,Female,0,No,No,Yes,No,DSL,No internet service,No,No,No,Yes,No,One year,No,Electronic check,0
4109,52,48.0709742464594,5263.141553468397,Male,0,No,No,Yes,Yes,Fiber optic,Yes,Yes,Yes,No,No,No,One year,Yes,Electronic check,1
4110,53,119.93162681897128,5278.9706175600895,Male,0,No,Yes,Yes,No phone service,Fiber optic,Yes,No internet service,No internet service,No internet service,Yes,Yes,Month-to-month,No,Mailed check,1
4111,52,46.80115005195973,4780.301164731703,Female,0,Yes,Yes,No,No,Fiber optic,Yes,Yes,Yes,No internet service,No,No,Two year,No,Credit card,1
4112,30,52.88018045784536,887.3205163111518,Male,0,No,Yes,Yes,No,Fiber optic,No internet service,No,No internet service,Yes,Yes,No internet service,Month-to-month,No,Credit card,0
4113,33,85.93281279840014,7961.857396754897,Male,1,No,No,No,Yes,Fiber optic,No,No,Yes,Yes,No internet service,No,Two year,Yes,Credit card,0
4114,57,49.396137641029824,3263.2900432495367,Male,0,No,Yes,No,Yes,Fiber optic,Yes,No internet service,No internet service,No internet service,No,No,Month-to-month,No,Credit card,1
4115,52,41.58042510596934,5142.182784636212,Female,0,No,No,No,No,Fiber optic,No,No internet service,No,Yes,Yes,No internet service,Two year,Yes,Credit card,0
4116,9,35.86371866495987,7097.517383489692,Male,0,Yes,No,Yes,No phone service,DSL,Yes,No internet service,No,No internet service,Yes,No internet service,Month-to-month,Yes,Credit card,1
4117,54,51.26826650277922,3443.979058516707,Female,1,No,Yes,No,No,No,Yes,No,Yes,Yes,No,No,Two year,No,Credit card,0
4118,1,30.591568962877353,6214.007948763834,Female,0,No,No,No,No phone service,DSL,Yes,No,Yes,No,No internet service,No internet service,One year,Yes,Electronic check,1
4119,44,21.86465864147829,7777.412954967307,Male,0,Yes,Yes,No,No phone service,DSL,No,No internet service,No,No internet service,No,No,Two year,No,Credit card,1
4120,9,100.46416973346773,2935.5846059990813,Male,0,No,No,No,No,No,No,No,Yes,Yes,Yes,No internet service,Two year,No,Electronic check,1
4121,32,33.78949424145766,3301.62960483862,Female,0,No,Yes,No,No phone service,No,No,No,Yes,No internet service,No,Yes,One year,No,Bank transfer,0
4122,15,97.59768498152422,7254.050866072893,Female,0,Yes,Yes,Yes,No,No,No internet service,No internet service,No internet service,No internet service,No internet service,No,Two year,Yes,Mailed check,0
4123,12,99.75424789866598,1361.1786557399457,Female,1,No,Yes,No,No,Fiber optic,No internet service,No,No internet service,Yes,Yes,Yes,Month-to-month,No,Electronic check,1
4124,57,73.7919526329243,325.89922303959435,Female,0,Yes,Yes,No,Yes,Fiber optic,No internet service,No internet service,No internet service,Yes,No internet service,No,Two year,No,Mailed check,0
4125,8,50.96819583129514,7280.223138307983,Female,0,No,No,No,No,Fiber optic,No,No,Yes,No internet service,No internet service,No internet service,Month-to-month,Yes,Mailed check,1
4126,27,34.503273374988844,6590.573435528884,Male,0,No,Yes,Yes,No,DSL,No internet service,Yes,No,No internet service,Yes,Yes,One year,Yes,Bank transfer,0
4127,62,93.68051067209991,7783.4059571555235,Female,0,No,Yes,No,Yes,No,Yes,Yes,No,Yes,No internet service,No,Month-to-month,Yes,Credit card,1
4128,12,80.13869859817859,560.0784834143583,Male,0,Yes,Yes,Yes,Yes,No,No,No,No,No,Yes,No internet service,One year,Yes,Bank transfer,1
4129,65,85.5453456493564,1333.8009104837993,Female,0,No,Yes,No,No phone service,DSL,Yes,No,No,No,No internet service,No internet service,Month-to-month,Yes,Electronic check,1
4130,42,20.866908984513103,931.9692168094899,Male,0,Yes,No,Yes,No phone service,Fiber optic,Yes,Yes,No internet service,No,No internet service,Yes,One year,No,Electronic check,0
4131,62,112.75170157078246,5498.987445120303,Female,0,Yes,Yes,Yes,Yes,No,No,No internet service,No internet service,No internet service,Yes,No,Two year,No,Electronic check,1
4132,11,26.629018744655024,4887.479582602431,Male,0,Yes,No,Yes,Yes,DSL,Yes,No internet service,Yes,No,No internet service,Yes,Month-to-month,Yes,Mailed check,1
4133,43,56.68058851400057,2938.748075159351,Male,0,Yes,No,No,Yes,Fiber optic,No,Yes,No,No internet service,No internet service,No,One year,Yes,Credit card,1
4134,17,60.27116496517002,553.6454872777356,Female,0,Yes,No,No,No,DSL,No internet service,No internet service,Yes,Yes,No internet service,No internet service,Two year,Yes,Credit card,0
4135,32,20.135552449794886,5153.329673967673,Male,0,Yes,Yes,No,No,Fiber optic,No,No internet service,No,No,No,No internet service,Two year,Yes,Credit card,0
4136,40,69.7089309350797,4603.951832408948,Female,0,No,No,No,No,DSL,No,Yes,No,Yes,No internet service,No internet service,One year,Yes,Bank transfer,0
4137,23,95.28089945110099,991.9353673788644,Female,1,No,Yes,Yes,Yes,Fiber optic,Yes,Yes,Yes,No,No,No,One year,Yes,Bank transfer,1
4138,56,102.32686531147722,7280.386665342341,Male,0,No,Yes,No,No phone service,DSL,Yes,No,No internet service,No,Yes,No,Month-to-month,Yes,Electronic check,0
4139,6,107.93969933058844,1671.7027064087254,Male,0,No,Yes,No,No phone service,DSL,Yes,Yes,Yes,Yes,Yes,No internet service,One year,No,Credit card,1
4140,50,68.77188683153695,5973.722301936466,Female,1,Yes,No,Yes,No,DSL,Yes,Yes,Yes,Yes,Yes,No,Two year,Yes,Credit card,0
4141,37,83.06361905296504,7092.099314089291,Female,0,No,Yes,Yes,No,DSL,Yes,No internet service,No,No internet service,No,No,One year,Yes,Bank transfer,0
4142,64,27.951971329649876,4677.852426480296,Female,0,No,No,Yes,Yes,No,Yes,No internet service,No internet service,Yes,Yes,No internet service,Month-to-month,No,Mailed check,0
4143,54,68.80382242817498,2050.1063518561855,Male,0,Yes,No,Yes,Yes,No,Yes,No,Yes,No internet service,Yes,No internet service,Month-to-month,Yes,Credit card,0
4144,49,35.48157548717353,2543.063289238617,Male,0,No,No,No,No phone service,No,Yes,No internet service,No internet service,No internet service,No internet service,No,Month-to-month,Yes,Electronic check,0
4145,11,56.964311762252144,7097.405516378775,Female,0,Yes,No,No,No phone service,No,Yes,No internet service,No internet service,Yes,No,No,Month-to-month,No,Credit card,1
4146,49,52.93053128645993,2456.2315353742288,Male,0,No,Yes,Yes,Yes,DSL,No,No internet service,No internet service,No,No,Yes,Month-to-month,No,Bank transfer,1
4147,21,62.35405772415082,5994.9048182067045,Male,0,No,Yes,Yes,No phone service,No,Yes,Yes,No internet service,No,No,No,Month-to-month,Yes,Credit card,1
4148,66,77.16366179741325,7922.305176817702,Male,0,Yes,Yes,No,No phone service,No,Yes,No internet service,No,No,Yes,Yes,One year,Yes,Electronic check,0
4149,63,110.28766470629958,7998.552082965155,Female,1,No,Yes,Yes,No,DSL,No,Yes,No,Yes,No,No,Month-to-month,No,Mailed check,1
4150,28,59.44846313475053,4314.490011327718,Female,0,No,Yes,Yes,Yes,No,No internet service,No internet service,No,No,Yes,Yes,One year,No,Mailed check,1
4151,17,118.11311957115507,6629.790794610172,Male,0,No,No,Yes,Yes,No,No internet service,Yes,No,No internet service,Yes,Yes,One year,No,Electronic check,1
4152,6,95.90280480512028,7922.973956577476,Male,0,No,No,No,Yes,Fiber optic,No,No internet service,No,Yes,Yes,No internet service,Two year,Yes,Electronic check,1
4153,19,71.14810467883832,3059.9158297516597,Female,0,Yes,No,No,No,No,No internet service,No,Yes,No internet service,Yes,No,One year,Yes,Credit card,0
4154,56,84.4026437111944,2094.035722055416,Male,0,No,Yes,No,Yes,Fiber optic,Yes,No,No internet service,No,No internet service,No internet service,One year,No,Credit card,1
4155,28,30.22241711319445,1002.4435111532472,Female,0,Yes,No,Yes,No phone service,No,Yes,No,No,No,No,No internet service,One year,No,Bank transfer,1
4156,66,104.45215313136548,1213.1071407776963,Female,0,Yes,Yes,No,No,DSL,Yes,No internet service,No internet service,No,No,No,Month-to-month,No,Mailed check,0
4157,38,78.23574550639658,6843.09527260324,Female,0,No,No,Yes,No,No,No internet service,No,No,No internet service,Yes,No internet service,One year,Yes,Mailed check,0
4158,37,118.60674802096018,4750.912413425885,Female,0,Yes,No,No,Yes,DSL,No,Yes,No,No,Yes,No internet service,Two year,No,Electronic check,0
4159,68,83.6428743752849,7002.302485600638,Female,0,No,No,Yes,No phone service,No,Yes,No,Yes,No internet service,Yes,No internet service,One year,Yes,Bank transfer,0
4160,49,103.4111583266325,6336.69520335413,Female,0,Yes,Yes,Yes,Yes,No,No,No,No internet service,Yes,No internet service,No internet service,Month-to-month,Yes,Credit card,1
4161,43,99.97627427952398,5422.58257737934,Female,0,Yes,Yes,No,No phone service,DSL,No,No,No,Yes,Yes,Yes,One year,No,Electronic check,1
4162,36,54.546115146826885,4913.5663160642,Male,0,Yes,Yes,No,Yes,DSL,Yes,No,No,Yes,No,No,Month-to-month,Yes,Electronic check,0
4163,58,45.96106252332116,481.87734300693427,Female,0,Yes,Yes,Yes,No phone service,DSL,No,Yes,Yes,No,No,No,Month-to-month,Yes,Electronic check,1
4164,13,63.049358343151,6990.974048425219,Male,0,No,No,Yes,No phone service,DSL,No,No,No internet service,No internet service,No internet service,No internet service,Month-to-month,Yes,Mailed check,0
4165,52,66.72413444088372,3400.9522872697426,Male,0,No,Yes,Yes,No phone service,Fiber optic,Yes,No internet service,No internet service,No,Yes,No,One year,No,Credit card,1
4166,58,44.00847019366439,4522.316170863996,Male,1,No,Yes,Yes,No,Fiber optic,No,No,No,Yes,No,Yes,One year,No,Credit card,0
4167,32,109.45978733509719,273.43266482846366,Female,0,No,No,Yes,Yes,DSL,No internet service,No internet service,Yes,Yes,No internet service,No internet service,One year,No,Electronic check,1
4168,60,74.25478623006461,7494.980664716018,Male,0,Yes,No,No,Yes,Fiber optic,Yes,No internet service,Yes,No,No,No internet service,Two year,Yes,Electronic check,1
4169,58,117.84443921535696,7231.649642626811,Female,0,No,No,Yes,Yes,No,Yes,No,No,No,No internet service,No internet service,Two year,Yes,Bank transfer,0
4170,56,101.00177780462633,4391.896436353034,Female,0,No,Yes,No,No,No,Yes,No,No internet service,No,Yes,Yes,Month-to-month,No,Credit card,1
4171,28,75.5704860391946,4660.7619020300235,Male,0,No,No,No,No phone service,No,Yes,No internet service,No,No internet service,No,No,Two year,No,Electronic check,1
4172,1,114.70402781443592,5669.635977987561,Male,0,Yes,No,No,No,Fiber optic,Yes,Yes,No internet service,No,No,Yes,One year,Yes,Bank transfer,1
4173,42,70.48748150953071,2191.089681845586,Male,0,Yes,Yes,No,No,Fiber optic,Yes,Yes,Yes,Yes,Yes,No,One year,Yes,Electronic check,1
4174,48,108.71065125186705,1853.1334194350902,Male,0,Yes,No,Yes,No phone service,No,Yes,No,No,Yes,Yes,Yes,One year,Yes,Mailed check,0
4175,40,55.81447811958055,5424.781278152899,Female,1,Yes,Yes,No,Yes,DSL,No internet service,Yes,No,No internet service,No internet service,Yes,Two year,No,Electronic check,0
4176,63,57.86423834040941,924.9373246553745,Male,0,Yes,Yes,No,No,No,No,Yes,No,No,Yes,No internet service,Month-to-month,No,Mailed check,0
4177,4,61.81306829709312,3687.089837314708,Male,0,No,Yes,No,No phone service,Fiber optic,No internet service,No,No internet service,No internet service,No,No internet service,Two year,No,Credit card,1
4178,38,74.6625645943246,3992.807349592811,Male,0,Yes,No,Yes,No phone service,No,No,No internet service,No internet service,No,No,No internet service,Month-to-month,Yes,Electronic check,1
4179,27,75.3490270198824,3112.5621176298273,Male,0,No,No,No,Yes,No,Yes,No internet service,Yes,Yes,Yes,Yes,One year,No,Credit card,0
4180,9,69.63989216770842,1563.618588012104,Male,0,Yes,No,No,No phone service,Fiber optic,No internet service,Yes,No internet service,No,Yes,Yes,Month-to-month,Yes,Credit card,1
4181,16,50.600097358316745,2906.998488170302,Female,0,Yes,Yes,No,No phone service,Fiber optic,Yes,No internet service,No internet service,No,Yes,No,Two year,No,Credit card,1
4182,56,112.7206464790831,2766.702303127555,Female,0,Yes,No,Yes,No phone service,Fiber optic,No,No,No,Yes,Yes,Yes,Two year,Yes,Mailed check,0
4183,31,78.85860973492542,4044.198829725128,Female,0,Yes,Yes,Yes,Yes,Fiber optic,No internet service,Yes,Yes,Yes,No,No,Two year,Yes,Credit card,1
4184,14,60.773921619159495,5429.978648470303,Male,0,Yes,No,Yes,Yes,No,No internet service,No internet service,Yes,Yes,No internet service,No internet service,One year,Yes,Credit card,0
4185,25,85.11769607436182,7749.057475856747,Male,0,Yes,Yes,No,No phone service,Fiber optic,No,Yes,No,No,No,No internet service,One year,Yes,Mailed check,0
4186,34,96.79667578098052,1238.889755377193,Female,0,No,Yes,Yes,No phone service,DSL,No,No internet service,No internet service,No internet service,No,Yes,Two year,Yes,Electronic check,0
4187,67,116.07280882282431,6996.835168534547,Female,0,Yes,Yes,Yes,Yes,Fiber optic,No internet service,Yes,No internet service,No,No internet service,No,One year,No,Credit card,0
4188,24,69.95491622675826,2345.006203083073,Female,0,Yes,Yes,Yes,Yes,Fiber optic,No internet service,No internet service,No,No internet service,Yes,No,Two year,No,Bank transfer,0
4189,26,31.20985103507588,4771.844883011105,Female,0,No,Yes,No,Yes,No,No internet service,No internet service,No,No,No internet service,No internet service,Month-to-month,No,Mailed check,0
4190,20,64.07658014365413,4419.221889072558,Male,0,Yes,Yes,Yes,No,DSL,No,No,No internet service,No,No,Yes,Month-to-month,No,Mailed check,1
4191,64,67.89705614534714,4499.8925071632775,Male,0,Yes,Yes,No,Yes,DSL,Yes,No,Yes,No,Yes,No,One year,No,Electronic check,0
4192,10,109.6994078185674,5814.533032578622,Male,0,No,Yes,No,No phone service,DSL,No internet service,No,No,No,Yes,No,One year,Yes,Bank transfer,1
4193,67,59.48007684629531,3115.337615417068,Female,0,No,Yes,No,Yes,Fiber optic,No,Yes,No internet service,No internet service,Yes,No,One year,No,Mailed check,0
4194,24,115.33242648871384,2620.8897095711595,Female,0,Yes,Yes,No,No phone service,No,No internet service,Yes,No,No,Yes,No internet service,One year,No,Electronic check,0
4195,5,68.51319077143347,6837.39312816527,Female,0,Yes,Yes,Yes,No phone service,No,No,Yes,Yes,Yes,Yes,Yes,Month-to-month,Yes,Credit card,1
4196,67,117.37805009789288,1838.7508181667354,Male,0,Yes,Yes,Yes,No phone service,Fiber optic,No internet service,No internet service,Yes,Yes,Yes,No,Two year,No,Credit card,1
4197,58,20.81983211309622,1523.9436947580302,Male,0,Yes,No,No,Yes,DSL,No,No internet service,No internet service,No,No internet service,Yes,Two year,No,Mailed check,0
4198,27,109.88153748063466,223.2987495765609,Female,0,Yes,No,No,Yes,DSL,No,No internet service,Yes,No internet service,Yes,No,One year,Yes,Electronic check,0
4199,15,113.11204519433507,1763.5644780305754,Male,0,Yes,Yes,No,Yes,No,No internet service,Yes,No,Yes,No internet service,No internet service,Two year,Yes,Credit card,0
4200,35,116.10209357652133,4196.398323201996,Female,0,No,No,No,Yes,Fiber optic,No,No,Yes,Yes,No internet service,Yes,One year,Yes,Credit card,1
4201,53,21.307653417461484,4354.220096811497,Female,0,No,Yes,Yes,Yes,DSL,No,Yes,No internet service,Yes,No internet service,No,Two year,No,Electronic check,0
4202,44,37.1700836550309,2109.921880444721,Female,0,No,No,Yes,No,Fiber optic,No,Yes,No,No,Yes,No internet service,One year,No,Credit card,0
4203,26,85.37645030932362,670.9659433254787,Male,0,No,Yes,No,Yes,No,No,No,Yes,Yes,Yes,No internet service,One year,Yes,Credit card,1
4204,47,22.547269173510713,5982.662291127129,Female,1,Yes,No,Yes,No,Fiber optic,No,No,Yes,No internet service,Yes,No internet service,Two year,No,Bank transfer,1
4205,34,26.360899617650073,6088.005253642168,Female,0,No,Yes,Yes,No phone service,Fiber optic,No,Yes,Yes,No internet service,Yes,No,One year,No,Electronic check,1
4206,50,42.10788736934419,7982.907530703336,Male,0,Yes,No,Yes,No phone service,Fiber optic,No,No internet service,No internet service,No internet service,No,No internet service,Two year,No,Credit card,0
4207,12,71.24397687438842,7210.23360722427,Female,0,Yes,Yes,Yes,No phone service,Fiber optic,No,No internet service,No internet service,Yes,No,No internet service,Month-to-month,Yes,Bank transfer,0
4208,4,74.59025592668075,7415.8903096893755,Female,0,No,No,No,No phone service,DSL,No internet service,No,Yes,Yes,Yes,No internet service,One year,No,Credit card,0
4209,48,23.426112279350434,6405.810223377141,Male,0,Yes,No,Yes,No,No,No,Yes,No,No internet service,No,No internet service,One year,Yes,Electronic check,0
4210,55,37.03672507815311,4962.472541721743,Female,1,No,No,No,No,DSL,Yes,No internet service,Yes,Yes,Yes,No internet service,Month-to-month,No,Electronic check,0
4211,1,69.97056733346554,1115.5130650756328,Female,0,No,Yes,Yes,No phone service,DSL,No internet service,No internet service,No,No internet service,Yes,No,One year,No,Credit card,0
4212,66,79.39406209434053,5016.275049901434,Female,1,No,No,Yes,Yes,DSL,No internet service,No,No,No,Yes,Yes,Month-to-month,Yes,Mailed check,1
4213,30,34.84016964862154,542.0512972755505,Male,0,No,No,No,No phone service,DSL,Yes,Yes,No internet service,No,Yes,No,Two year,Yes,Bank transfer,0
4214,3,59.884141194697065,7093.862979042419,Female,1,No,Yes,Yes,No phone service,No,No,No,Yes,No,Yes,No,Month-to-month,Yes,Credit card,1
4215,21,110.44014365169524,3906.38854977216,Female,0,Yes,Yes,No,No,No,Yes,Yes,No internet service,Yes,Yes,No,Two year,Yes,Mailed check,0
4216,49,119.8899287046172,5610.0353726088215,Female,0,No,No,Yes,No phone service,DSL,Yes,Yes,Yes,No,Yes,Yes,Month-to-month,No,Bank transfer,1
4217,62,118.72144548311412,512.7249431981156,Male,0,Yes,Yes,No,No,Fiber optic,Yes,Yes,No,No,No internet service,Yes,Month-to-month,No,Bank transfer,0
4218,38,108.16745102868724,4320.56254109032,Male,0,Yes,No,Yes,No,Fiber optic,No internet service,Yes,No internet service,No internet service,No internet service,No internet service,Month-to-month,No,Mailed check,0
4219,15,59.46600879499458,2479.980843041564,Male,0,Yes,No,No,No phone service,Fiber optic,No,Yes,No internet service,No internet service,No,Yes,One year,No,Bank transfer,1
4220,52,88.65742920747842,2351.249299324241,Female,1,Yes,Yes,Yes,Yes,Fiber optic,No internet service,Yes,No internet service,No internet service,No,No,One year,Yes,Bank transfer,0
4221,46,61.65922277841987,3178.2817261551418,Male,0,No,No,No,No,Fiber optic,No,No internet service,No,No,No internet service,No internet service,One year,Yes,Credit card,0
4222,25,84.85270268242029,105.05174079822572,Female,0,Yes,No,Yes,No,No,Yes,No internet service,No internet service,No internet service,No internet service,Yes,One year,No,Mailed check,1
4223,21,50.943247096948326,3786.620965589371,Male,1,No,Yes,No,No,Fiber optic,No internet service,No internet service,Yes,No,No internet service,No,Two year,No,Credit card,0
4224,5,80.62022536103319,3943.8768005027127,Male,1,Yes,Yes,No,No phone service,No,No,No internet service,Yes,Yes,No,No internet service,Month-to-month,Yes,Credit card,1
4225,70,72.37584965528498,6918.734235128606,Male,0,No,No,Yes,No phone service,Fiber optic,No,Yes,No,No,Yes,No internet service,Two year,No,Bank transfer,1
4226,47,22.448026581319994,3643.3523022716113,Male,0,No,No,No,No,Fiber optic,Yes,No internet service,No internet service,No internet service,No,No internet service,Month-to-month,No,Mailed check,0
4227,68,99.07029037461137,2972.0947215546157,Female,1,No,No,No,Yes,DSL,No internet service,Yes,Yes,No internet service,Yes,No,Month-to-month,Yes,Electronic check,1
4228,18,21.189783224515562,7958.50170576346,Male,0,No,Yes,Yes,No phone service,DSL,No internet service,No,No internet service,No internet service,Yes,No internet service,Two year,Yes,Mailed check,0
4229,21,49.31559422533017,4612.585264359721,Female,0,No,No,Yes,Yes,DSL,No internet service,No,Yes,No internet service,No,No,Month-to-month,Yes,Bank transfer,1
4230,23,20.592406545400237,3833.644348209702,Female,1,Yes,No,Yes,Yes,No,No internet service,No internet service,No,Yes,Yes,Yes,One year,Yes,Electronic check,0
4231,64,57.62014132951982,4017.8930929321973,Female,0,Yes,No,No,No phone service,No,No internet service,Yes,Yes,Yes,No,No internet service,One year,No,Credit card,0
4232,67,26.31605281641393,6492.53225031956,Male,0,Yes,Yes,No,No,DSL,No internet service,No internet service,Yes,No,No internet service,Yes,Two year,No,Electronic check,1
4233,40,111.35109668312413,2791.3433148642707,Male,0,Yes,No,Yes,Yes,DSL,No internet service,Yes,Yes,No internet service,No internet service,No internet service,Two year,No,Electronic check,0
4234,10,61.56792951628686,3174.3676552189704,Female,0,No,No,No,No,Fiber optic,Yes,No internet service,No,Yes,No,No internet service,Two year,No,Mailed check,1
4235,52,65.949577486441,6071.399538765976,Male,0,Yes,Yes,Yes,Yes,No,No,No,Yes,Yes,No,No internet service,One year,No,Credit card,0
4236,61,54.98502360908549,676.5715429487789,Female,0,Yes,Yes,No,No,Fiber optic,Yes,No,No,Yes,No,No,Month-to-month,No,Mailed check,1
4237,64,82.75061542017662,6934.836349331744,Male,0,Yes,No,Yes,No phone service,Fiber optic,No,No internet service,No,No internet service,No,Yes,Two year,Yes,Electronic check,0
4238,5,98.44081166182038,3498.6013020969626,Male,0,Yes,Yes,No,Yes,DSL,No,No internet service,Yes,Yes,Yes,No internet service,Month-to-month,Yes,Bank transfer,1
4239,53,84.81467430489779,4692.214506494623,Female,0,Yes,No,Yes,Yes,Fiber optic,No,Yes,No internet service,No internet service,No internet service,No internet service,Month-to-month,No,Bank transfer,1
4240,55,94.82071183951275,6084.061658152697,Male,0,No,No,Yes,Yes,Fiber optic,No internet service,No,Yes,Yes,No,No,Two year,Yes,Electronic check,1
4241,37,110.59736635092605,2201.8101872708244,Female,0,No,Yes,Yes,No,DSL,No internet service,No internet service,No,Yes,No,No internet service,Two year,Yes,Bank transfer,0
4242,56,106.35465316714287,7133.482245733144,Female,0,Yes,No,No,Yes,DSL,No,Yes,No internet service,No internet service,No internet service,No,One year,Yes,Bank transfer,0
4243,59,87.40584527536959,7835.877280827225,Male,0,No,No,No,Yes,Fiber optic,No,No,Yes,No internet service,No,No internet service,Two year,Yes,Mailed check,0
4244,69,41.46379629044286,4004.767455108384,Male,1,Yes,No,No,No,Fiber optic,No internet service,Yes,Yes,No internet service,No internet service,Yes,One year,Yes,Credit card,0
4245,59,83.77028510419288,7501.80518375812,Male,0,No,No,Yes,No,Fiber optic,No internet service,No,Yes,Yes,No internet service,No,One year,Yes,Bank transfer,1
4246,2,70.60830957405109,108.9161179631638,Female,0,No,No,No,No phone service,No,No,No,Yes,No,No,No,Month-to-month,Yes,Credit card,1
4247,65,91.72192310104201,7164.4788541206735,Male,0,Yes,Yes,No,No,Fiber optic,No,Yes,Yes,No,Yes,No internet service,One year,Yes,Credit card,1
4248,60,103.29316483929149,2557.258026035314,Male,0,No,No,Yes,Yes,DSL,Yes,Yes,No internet service,No internet service,No,Yes,Month-to-month,Yes,Mailed check,1
4249,51,94.27214971864174,2560.8138553480553,Male,1,Yes,No,Yes,Yes,Fiber optic,No internet service,No,Yes,No internet service,Yes,No internet service,One year,Yes,Electronic check,1
4250,30,104.65611699612853,1901.9020316825213,Male,0,Yes,Yes,Yes,No phone service,No,No internet service,No,No,No,No,No,Two year,Yes,Bank transfer,0
4251,11,26.386637334102385,2604.409819092125,Female,0,No,Yes,Yes,No phone service,Fiber optic,No,Yes,No,No,Yes,No internet service,Month-to-month,Yes,Bank transfer,1
4252,39,23.162003823746396,1786.5282112192174,Male,0,No,Yes,No,Yes,No,Yes,No internet service,No internet service,No internet service,No internet service,Yes,Two year,No,Mailed check,0
4253,63,45.850056769959394,7256.365939848777,Female,1,No,Yes,Yes,No,No,No internet service,Yes,No,No internet service,No internet service,No,Month-to-month,No,Mailed check,0
4254,64,110.06660841086284,7202.287444985594,Male,0,No,Yes,No,Yes,DSL,Yes,No internet service,No internet service,No internet service,No,Yes,One year,No,Electronic check,1
4255,61,102.36592509839738,907.4693878729179,Male,0,Yes,Yes,Yes,No phone service,Fiber optic,Yes,Yes,No,No,No,Yes,Month-to-month,Yes,Credit card,1
4256,54,88.27272977953116,1228.5815880452906,Male,0,Yes,Yes,No,Yes,No,No internet service,No internet service,No internet service,No,Yes,No,Two year,Yes,Electronic check,0
4257,58,90.07586674397159,6909.947248184266,Female,0,Yes,Yes,Yes,Yes,Fiber optic,No,No internet service,Yes,No,Yes,Yes,Month-to-month,No,Bank transfer,1
4258,56,92.66704692582125,3251.608389894693,Female,0,Yes,No,Yes,Yes,No,Yes,No,No,No internet service,Yes,No internet service,Two year,No,Mailed check,1
4259,34,114.2602700484747,1437.2462509802983,Male,0,Yes,No,Yes,No phone service,DSL,No,Yes,No,Yes,Yes,No,Month-to-month,No,Mailed check,0
4260,31,103.21911523075576,4134.288279248881,Female,0,Yes,Yes,Yes,No phone service,DSL,No internet service,Yes,No internet service,No,Yes,Yes,One year,No,Credit card,0
4261,52,82.33903870270476,3391.6775943687503,Female,0,No,No,Yes,No phone service,Fiber optic,Yes,Yes,No internet service,Yes,No,Yes,Month-to-month,Yes,Bank transfer,0
4262,1,86.57154352571405,1831.376274529925,Male,0,Yes,No,No,No,Fiber optic,No,No internet service,No internet service,Yes,No internet service,No internet service,Two year,No,Mailed check,1
4263,55,41.37402620611219,5793.942524393311,Male,0,Yes,No,No,No phone service,Fiber optic,Yes,No internet service,No,No,Yes,No internet service,One year,Yes,Mailed check,0
4264,22,85.73188251562725,5087.185567428574,Male,0,No,No,No,No,Fiber optic,Yes,No,No internet service,No,No internet service,No internet service,Month-to-month,No,Mailed check,1
4265,40,62.46790124184585,887.3267470879805,Male,0,No,No,No,No,Fiber optic,Yes,No internet service,Yes,No,No internet service,No internet service,One year,Yes,Mailed check,0
4266,1,35.296187060574375,7410.555043170206,Male,0,Yes,Yes,No,No phone service,No,No internet service,Yes,No internet service,No internet service,No,Yes,Two year,No,Bank transfer,1
4267,65,100.64028192465743,4511.912729267546,Male,0,Yes,Yes,Yes,No,Fiber optic,No,No internet service,Yes,Yes,Yes,Yes,One year,Yes,Credit card,1
4268,63,71.02470998031455,2076.6154478019803,Female,0,No,No,Yes,No,No,Yes,No internet service,Yes,Yes,Yes,Yes,Two year,No,Electronic check,0
4269,54,117.74250416894216,1729.7053390716717,Male,1,Yes,Yes,No,Yes,No,No,No,No internet service,Yes,Yes,No,Month-to-month,No,Electronic check,1
4270,42,48.16793544745249,1173.989052840392,Male,0,No,No,No,No,No,No internet service,No internet service,Yes,Yes,Yes,Yes,Two year,No,Credit card,1
4271,21,68.06701123050767,3454.6355104837708,Male,0,No,No,No,No,Fiber optic,Yes,Yes,Yes,No internet service,No,No,Two year,No,Credit card,0
4272,22,64.79954546688681,1170.7740034176104,Male,0,No,No,No,No phone service,DSL,Yes,Yes,Yes,No,No,Yes,Two year,No,Bank transfer,0
4273,38,32.07795224325787,3384.9496595022865,Female,0,Yes,Yes,No,Yes,DSL,Yes,Yes,No internet service,No,Yes,No internet service,Two year,No,Electronic check,0
4274,8,62.61152788307795,1275.2863830495296,Female,0,Yes,No,Yes,No,Fiber optic,No,Yes,No internet service,No internet service,Yes,Yes,Month-to-month,No,Credit card,1
4275,62,48.75534564209249,5288.779420038726,Female,0,No,No,No,No,Fiber optic,No,No,Yes,No,No internet service,No,Two year,Yes,Mailed check,0
4276,47,36.032047136693436,6303.41197132223,Male,0,No,No,Yes,No,Fiber optic,Yes,No,No,Yes,No internet service,No internet service,Two year,No,Bank transfer,0
4277,17,48.215558403613926,4441.229705429793,Male,0,Yes,Yes,No,No phone service,No,No,Yes,Yes,No internet service,Yes,Yes,Month-to-month,No,Credit card,0
4278,17,43.325169126639196,5472.449311353688,Female,0,Yes,No,Yes,No phone service,DSL,No,Yes,No internet service,No internet service,Yes,No,Two year,Yes,Electronic check,0
4279,13,93.4073531005878,7513.192022964082,Female,1,Yes,Yes,No,Yes,DSL,Yes,No internet service,Yes,Yes,No internet service,Yes,Month-to-month,Yes,Mailed check,0
4280,17,23.07751782591601,5143.135083607802,Male,1,No,No,No,No,DSL,Yes,No internet service,Yes,No internet service,No internet service,No internet service,Month-to-month,Yes,Credit card,1
4281,38,81.74627479132212,2976.849765652673,Male,0,No,No,Yes,Yes,DSL,Yes,No internet service,No internet service,Yes,Yes,No,Two year,Yes,Electronic check,0
4282,45,96.06613420236064,3650.8932535318327,Male,0,No,No,Yes,No phone service,No,No internet service,No internet service,No internet service,No internet service,No internet service,No internet service,One year,No,Bank transfer,0
4283,6,68.07234564689732,6898.149285969092,Male,0,Yes,Yes,Yes,No,Fiber optic,Yes,No internet service,No,No,No,No,Month-to-month,No,Electronic check,1
4284,35,113.15649800079184,1132.6905197057615,Male,0,No,No,No,No,No,Yes,Yes,Yes,Yes,No internet service,No internet service,Month-to-month,Yes,Electronic check,1
4285,14,90.78806952365353,2673.3224773584184,Female,1,No,No,No,Yes,Fiber optic,Yes,No internet service,Yes,No,Yes,No,One year,Yes,Electronic check,1
4286,61,94.79236513114172,4660.512544866824,Male,0,No,No,No,No,Fiber optic,Yes,No internet service,Yes,No internet service,No,No,One year,No,Bank transfer,1
4287,15,39.693348744087025,5443.477598326632,Female,0,Yes,No,No,No phone service,DSL,Yes,No internet service,No,No internet service,No,Yes,Two year,No,Credit card,1
4288,54,97.72955758390735,6131.642695910472,Male,0,No,No,Yes,Yes,DSL,Yes,No,No,No internet service,No internet service,No internet service,One year,No,Credit card,1
4289,27,103.20947360831148,2613.8336883690886,Female,0,No,No,Yes,Yes,Fiber optic,Yes,No,Yes,No internet service,Yes,Yes,Month-to-month,Yes,Mailed check,1
4290,13,56.12663884059896,1252.2871586722872,Female,0,Yes,Yes,Yes,No,Fiber optic,Yes,No,No internet service,No internet service,No internet service,No internet service,One year,Yes,Credit card,0
4291,31,41.33630680329712,7643.229756444823,Female,1,No,No,Yes,No phone service,DSL,No internet service,Yes,Yes,No,No internet service,No internet service,Month-to-month,Yes,Bank transfer,1
4292,35,58.50506792036167,703.4985153431119,Male,0,Yes,Yes,Yes,No,DSL,No,No,Yes,Yes,No internet service,Yes,Two year,No,Electronic check,1
4293,60,93.96079690001372,856.8623107163949,Male,0,Yes,No,Yes,Yes,DSL,No internet service,No internet service,Yes,No internet service,No,No,One year,Yes,Bank transfer,0
4294,6,61.76390058687027,4010.046081025554,Male,0,No,Yes,Yes,Yes,DSL,No internet service,No internet service,No internet service,No internet service,No internet service,No internet service,One year,Yes,Electronic check,1
4295,69,93.66518752247879,6572.241122334427,Female,0,Yes,No,No,No phone service,DSL,Yes,No internet service,No,No internet service,No internet service,No,Two year,No,Credit card,0
4296,58,31.356454097753765,6218.582440207081,Female,1,No,Yes,No,Yes,No,Yes,Yes,No,No,No internet service,No internet service,Two year,Yes,Mailed check,1
4297,49,100.60117104884844,7507.824202933325,Male,0,Yes,No,Yes,No phone service,No,Yes,No,Yes,No internet service,No internet service,Yes,One year,No,Mailed check,1
4298,23,45.32074816423574,1218.6603473426082,Female,0,No,Yes,Yes,No,No,Yes,No,Yes,No internet service,Yes,No,One year,No,Credit card,0
4299,34,44.89289877145937,3068.2453307932446,Female,0,Yes,No,No,No phone service,DSL,No,No internet service,Yes,No internet service,Yes,Yes,One year,No,Electronic check,1
4300,26,79.03809652038608,2328.9228169015096,Female,0,Yes,Yes,Yes,No,Fiber optic,No,No internet service,No internet service,Yes,Yes,No internet service,One year,Yes,Credit card,0
4301,47,27.011804574698964,6900.873976081909,Female,0,Yes,No,No,No,Fiber optic,No internet service,No,Yes,Yes,No,Yes,Month-to-month,No,Bank transfer,0
4302,5,22.629772668466856,3958.0015002214827,Male,0,No,No,No,Yes,DSL,No,No,No internet service,No internet service,Yes,No internet service,One year,No,Credit card,0
4303,20,46.10286652934492,312.0986818837642,Female,0,No,No,Yes,No,No,No internet service,No internet service,Yes,Yes,No internet service,No,Month-to-month,No,Credit card,1
4304,6,73.80675507348226,5692.918814023333,Male,0,No,Yes,No,Yes,Fiber optic,Yes,No,Yes,No internet service,No internet service,No,Two year,No,Electronic check,1
4305,70,110.76163862252272,3170.7149728301606,Female,0,Yes,Yes,No,No phone service,DSL,No internet service,No,Yes,No internet service,Yes,Yes,Month-to-month,No,Credit card,1
4306,59,104.64351763073068,4296.059430630997,Female,0,Yes,Yes,No,No phone service,No,No internet service,Yes,No,Yes,No,Yes,Two year,Yes,Bank transfer,1
4307,64,69.04464599209754,7160.920673378984,Male,0,No,No,Yes,No,No,No,No internet service,Yes,Yes,No,No,One year,Yes,Credit card,0
4308,18,23.705199369349277,2128.2284195992124,Female,0,No,Yes,Yes,No phone service,No,No internet service,No,Yes,No internet service,No,Yes,Two year,Yes,Bank transfer,0
4309,4,73.52527346293091,1998.0909373361992,Male,0,Yes,No,No,No,No,Yes,Yes,Yes,Yes,No internet service,Yes,Two year,No,Credit card,1
4310,17,90.47955999252954,2179.2207830227057,Male,0,Yes,No,Yes,No phone service,No,Yes,Yes,Yes,Yes,Yes,No,Month-to-month,No,Electronic check,1
4311,14,53.91645325250337,2771.0531309516514,Male,0,Yes,No,No,No,No,Yes,Yes,No internet service,Yes,No,No internet service,Two year,Yes,Mailed check,0
4312,13,31.10633032816547,948.0963997041871,Male,1,No,No,No,No,No,Yes,Yes,No internet service,No,No internet service,Yes,One year,No,Mailed check,1
4313,7,47.856795320565936,5608.035320387857,Male,0,Yes,No,Yes,No phone service,No,No,Yes,Yes,No,No,Yes,One year,Yes,Bank transfer,1
4314,44,97.1588864467814,1738.4498708501787,Male,0,No,No,No,No phone service,No,No internet service,Yes,No internet service,No,No,No,Two year,No,Credit card,0
4315,15,55.12438322833283,7416.551403437627,Male,0,Yes,No,No,No phone service,No,No internet service,Yes,Yes,No,Yes,No internet service,Two year,No,Electronic check,1
4316,19,101.19814906857101,1803.9218798879785,Female,0,No,Yes,No,No phone service,DSL,No internet service,No internet service,Yes,No,No internet service,No internet service,One year,Yes,Credit card,0
4317,63,51.95214518074758,2119.5720315393237,Male,0,Yes,Yes,No,No,Fiber optic,No internet service,No internet service,No internet service,No internet service,No,Yes,One year,Yes,Electronic check,0
4318,35,36.35550384138182,2446.459807605449,Female,0,Yes,No,No,No,DSL,Yes,No internet service,No internet service,Yes,No internet service,Yes,One year,Yes,Electronic check,0
4319,35,63.58483595136082,6171.450966390186,Female,0,No,No,No,No phone service,Fiber optic,No,Yes,Yes,No,No,No internet service,Month-to-month,No,Credit card,1
4320,19,65.22745122891389,3478.091250792035,Female,0,Yes,Yes,No,No phone service,DSL,No internet service,No,No,Yes,Yes,Yes,Month-to-month,No,Credit card,0
4321,20,21.610821854933697,6572.743529841887,Male,0,Yes,No,Yes,Yes,Fiber optic,No internet service,Yes,Yes,No internet service,No,No internet service,One year,No,Mailed check,1
4322,35,31.704507270632615,6300.344327610729,Male,0,Yes,Yes,Yes,No,Fiber optic,No,No internet service,Yes,Yes,Yes,Yes,One year,No,Credit card,1
4323,32,38.49260187728174,7442.974339862985,Female,1,No,No,No,No,Fiber optic,No internet service,No internet service,No,Yes,No,Yes,Month-to-month,Yes,Mailed check,1
4324,48,31.358731737867487,6077.172825322033,Male,0,Yes,No,Yes,No phone service,DSL,No,Yes,No internet service,No internet service,Yes,No,One year,No,Bank transfer,1
4325,44,54.15260754213638,510.09824038559645,Female,0,No,Yes,No,Yes,Fiber optic,No internet service,No internet service,No,No internet service,No,No internet service,One year,No,Mailed check,1
4326,24,116.4622855617018,6714.522062222561,Female,0,Yes,Yes,No,No phone service,No,No,No,Yes,Yes,No,No internet service,Month-to-month,Yes,Mailed check,1
4327,61,70.9222538327078,7510.773513972748,Female,0,Yes,No,No,No,Fiber optic,No internet service,No,No internet service,Yes,No,Yes,Month-to-month,Yes,Electronic check,1
4328,17,82.75560238706464,7950.144621142385,Male,0,No,No,No,No,DSL,Yes,No,No,No internet service,No internet service,No,Month-to-month,Yes,Electronic check,0
4329,71,55.63864785230282,1089.6139936464747,Female,0,No,Yes,Yes,Yes,DSL,No internet service,Yes,No,No,No internet service,No internet service,One year,No,Mailed check,0
4330,50,52.34877616431461,4944.858827679624,Male,0,No,Yes,No,No phone service,No,Yes,No internet service,Yes,No,No,Yes,One year,No,Bank transfer,0
4331,65,22.314677191500834,1675.7234604848593,Female,0,No,Yes,No,Yes,Fiber optic,No,No internet service,No,No,No internet service,Yes,One year,No,Electronic check,1
4332,32,70.03336556760223,2173.826163209532,Male,0,No,No,Yes,No phone service,DSL,Yes,No,Yes,No,No internet service,No,One year,Yes,Bank transfer,0
4333,36,68.36090067516663,5990.116271960578,Female,0,No,Yes,Yes,Yes,Fiber optic,No internet service,No internet service,No internet service,Yes,No,No internet service,Month-to-month,Yes,Mailed check,0
4334,13,35.7830726181123,7823.574969822577,Male,0,Yes,No,Yes,No phone service,No,Yes,Yes,No,No,No,No internet service,Two year,No,Credit card,0
4335,70,96.43240002067037,4799.358461557881,Female,0,Yes,Yes,Yes,No phone service,No,Yes,No,No internet service,No,No,Yes,One year,No,Mailed check,0
4336,58,69.2674330311003,6819.617311595754,Male,0,Yes,Yes,Yes,No phone service,DSL,No internet service,Yes,No internet service,No internet service,No internet service,Yes,One year,No,Credit card,0
4337,14,53.89939701615733,170.18205024774056,Male,0,Yes,Yes,Yes,No,Fiber optic,No,Yes,Yes,No internet service,No internet service,No,One year,No,Electronic check,0
4338,37,34.69089090229269,389.38995481199214,Male,0,No,Yes,No,No phone service,No,Yes,No internet service,No,No internet service,No internet service,No internet service,Month-to-month,No,Electronic check,1
4339,68,75.21608269710124,4814.1222648743205,Female,0,Yes,No,No,No,No,No internet service,Yes,No internet service,No internet service,No,No internet service,Two year,Yes,Electronic check,0
4340,40,95.28170260888098,3172.966502643469,Female,0,Yes,No,Yes,Yes,DSL,Yes,No,No,Yes,No internet service,No,One year,No,Electronic check,0
4341,59,48.19993526849717,7129.086738287916,Female,0,Yes,Yes,Yes,No phone service,No,No,Yes,No,Yes,No internet service,No internet service,Month-to-month,Yes,Mailed check,1
4342,16,41.879435157672255,2485.6571133772964,Male,0,No,No,No,No,DSL,No,No internet service,No,Yes,Yes,No,One year,No,Mailed check,0
4343,62,72.1934964064577,3513.2031172819748,Male,0,No,No,Yes,Yes,No,No,Yes,No,No,Yes,No internet service,One year,No,Electronic check,0
4344,4,35.53433025100169,4270.482662869389,Female,0,Yes,No,Yes,No phone service,No,Yes,Yes,No internet service,No,No,No,One year,Yes,Bank transfer,0
4345,45,86.6613386594285,2257.0067798013556,Female,0,No,Yes,Yes,Yes,DSL,No internet service,No internet service,No,Yes,No,No,Two year,No,Credit card,0
4346,28,80.53436279442305,7277.109452881025,Male,0,Yes,Yes,No,No,DSL,No,No internet service,Yes,No,No internet service,Yes,Month-to-month,No,Electronic check,1
4347,66,28.70820495914286,3769.8153187989674,Female,1,No,No,Yes,No,Fiber optic,No internet service,No internet service,Yes,No,Yes,No internet service,Two year,Yes,Electronic check,0
4348,31,23.652037938137386,3450.829312040234,Male,0,Yes,Yes,No,No phone service,No,No,No internet service,No,No,Yes,Yes,Month-to-month,No,Electronic check,0
4349,3,82.02886525885849,6813.049086581227,Male,0,No,Yes,No,No,Fiber optic,Yes,No internet service,No,No,No,No,Month-to-month,Yes,Bank transfer,1
4350,8,49.42937739887408,2564.629373018398,Male,0,Yes,Yes,No,No,Fiber optic,Yes,No internet service,Yes,No,No internet service,No,One year,Yes,Electronic check,1
4351,24,28.644575317339854,6557.976221636592,Female,0,Yes,Yes,Yes,Yes,DSL,No,No internet service,No,No internet service,No,No,One year,No,Credit card,1
4352,15,95.94287049564865,1065.9555364986609,Male,0,No,No,Yes,No phone service,No,No internet service,Yes,No internet service,Yes,No internet service,No internet service,Two year,No,Credit card,1
4353,43,51.40440030176441,1544.029413582707,Female,0,No,No,No,No phone service,DSL,No internet service,Yes,No,Yes,Yes,Yes,Month-to-month,Yes,Mailed check,1
4354,31,65.95995496382236,7611.649162756704,Male,0,No,Yes,No,No phone service,No,No,Yes,No,No,No internet service,No,Two year,Yes,Bank transfer,0
4355,45,43.68129274537692,6755.335177380893,Female,1,No,No,Yes,Yes,DSL,Yes,No,No internet service,No,Yes,No internet service,One year,No,Mailed check,0
4356,66,82.73170783579646,3164.4013215056093,Female,0,Yes,No,No,No,No,No internet service,No internet service,No,No internet service,Yes,No,Two year,Yes,Bank transfer,0
4357,8,50.14884153543595,5143.805944864533,Male,1,Yes,No,Yes,No phone service,Fiber optic,No internet service,Yes,No internet service,Yes,Yes,No,One year,Yes,Bank transfer,0
4358,71,116.80209612276283,7549.464496504551,Male,0,Yes,No,No,No phone service,No,Yes,No internet service,No internet service,No internet service,No,No,Two year,Yes,Credit card,1
4359,57,90.29475486169065,1773.6853326262658,Male,0,Yes,No,Yes,Yes,No,No internet service,No,Yes,No internet service,No,No,Two year,Yes,Electronic check,0
4360,30,33.67222763734658,566.1827147617053,Male,0,Yes,Yes,Yes,Yes,DSL,No,No internet service,Yes,Yes,No,Yes,Two year,No,Credit card,0
4361,18,61.66948396734668,4345.997709591911,Female,0,Yes,No,No,No phone service,No,Yes,Yes,No,No internet service,No internet service,No,Two year,No,Mailed check,0
4362,69,58.54210997298786,1226.515341442387,Female,0,Yes,No,No,No phone service,No,No,No,Yes,No internet service,No,No,Month-to-month,No,Bank transfer,0
4363,39,73.42471107203832,1579.8208324198636,Female,0,Yes,Yes,Yes,Yes,No,Yes,No internet service,No,Yes,Yes,Yes,Two year,Yes,Mailed check,0
4364,60,104.19306744792533,7143.159598879477,Female,0,No,Yes,No,Yes,No,No,No,No,Yes,No,Yes,One year,No,Credit card,1
4365,43,78.34220151830017,158.48732329464156,Female,1,Yes,Yes,No,Yes,Fiber optic,No,No internet service,Yes,Yes,Yes,No,Month-to-month,Yes,Bank transfer,1
4366,45,26.15566775999993,6552.878209064562,Male,0,No,No,No,Yes,DSL,No,No,Yes,No internet service,No,Yes,Month-to-month,Yes,Electronic check,0
4367,23,85.5415696802855,4183.911133051301,Male,0,No,No,Yes,No,No,No internet service,Yes,No,No,No internet service,Yes,Month-to-month,No,Bank transfer,0
4368,69,20.826529794585838,4518.425662397873,Female,0,No,Yes,No,No,DSL,No internet service,No internet service,No,No,No internet service,Yes,Month-to-month,Yes,Mailed check,0
4369,6,97.9960460540393,5406.966887605264,Male,1,No,No,No,No phone service,Fiber optic,No,No internet service,No,No,Yes,Yes,Month-to-month,Yes,Mailed check,1
4370,56,86.6636072411242,3508.415439233282,Male,0,Yes,Yes,No,No,Fiber optic,No,No internet service,No internet service,No internet service,No,No,Two year,No,Mailed check,0
4371,4,50.8785658352586,1013.3339167200764,Male,0,No,Yes,No,Yes,No,Yes,Yes,No,No internet service,No,No internet service,Two year,No,Mailed check,0
4372,23,49.244180458951575,912.2797680581081,Male,0,Yes,No,Yes,No phone service,DSL,No internet service,No,No,No,Yes,No internet service,Two year,Yes,Bank transfer,0
4373,6,99.82729965463055,6059.461373553146,Male,0,Yes,Yes,No,Yes,DSL,No,Yes,No,Yes,No internet service,No,One year,No,Bank transfer,0
4374,32,98.33366919246205,1846.1776318115508,Male,0,No,No,Yes,No,DSL,No internet service,No,Yes,Yes,No,No internet service,One year,No,Credit card,0
4375,18,55.230235437675994,322.0033005793892,Female,0,Yes,Yes,Yes,Yes,Fiber optic,Yes,No internet service,Yes,No internet service,No,Yes,Two year,Yes,Credit card,0
4376,15,49.89477280797803,7838.949723881635,Male,0,Yes,Yes,No,No phone service,Fiber optic,No,No,No internet service,No,No,No internet service,Two year,No,Bank transfer,0
4377,40,75.98247888827899,7845.0930029494775,Male,0,No,Yes,No,No,No,No internet service,No,No,No internet service,No internet service,No,Month-to-month,Yes,Credit card,1
4378,6,20.836565998414418,3087.3165650158608,Female,0,No,No,Yes,No phone service,DSL,Yes,No internet service,No,No internet service,No,No internet service,Two year,Yes,Bank transfer,1
4379,63,28.266703798654227,301.63837200119434,Female,0,Yes,Yes,No,No,DSL,No,No internet service,No,No,No internet service,No,One year,No,Electronic check,0
4380,67,32.61695901487367,5845.390802882723,Female,1,Yes,Yes,No,Yes,Fiber optic,No internet service,No,No,No internet service,No,No internet service,Month-to-month,Yes,Bank transfer,1
4381,11,38.541181782717416,6664.995277836787,Male,0,Yes,Yes,Yes,No phone service,No,Yes,No internet service,No,Yes,No internet service,Yes,Two year,Yes,Credit card,0
4382,43,71.2018126675469,1087.608151914897,Female,0,Yes,No,No,No,No,Yes,No internet service,No,Yes,Yes,Yes,Month-to-month,No,Electronic check,1
4383,17,119.2241914861122,1170.1230577829665,Male,0,No,No,No,No,No,No internet service,No,Yes,No,No internet service,Yes,Two year,Yes,Credit card,1
4384,4,85.26134017473535,6595.569597604645,Female,0,No,No,No,No,Fiber optic,No,Yes,No internet service,No internet service,Yes,No internet service,Two year,Yes,Bank transfer,1
4385,63,26.12987944492236,7383.068370850355,Male,1,No,No,Yes,No,DSL,No internet service,Yes,Yes,Yes,No,No internet service,Month-to-month,No,Credit card,0
4386,68,72.55793740622417,6346.963209725782,Male,0,No,No,No,Yes,No,Yes,No internet service,Yes,No,No,No internet service,Month-to-month,No,Bank transfer,1
4387,41,69.66452123895044,1685.8850984392836,Female,0,Yes,Yes,Yes,Yes,No,Yes,No,Yes,No,No,Yes,One year,No,Credit card,0
4388,5,34.41678158180495,3351.0176335303454,Male,0,No,Yes,Yes,No,DSL,No,No internet service,No internet service,No,Yes,No internet service,Two year,No,Credit card,0
4389,32,112.02723688024076,4846.655164340721,Male,0,Yes,Yes,Yes,Yes,No,No internet service,Yes,No,No internet service,No,No internet service,One year,Yes,Bank transfer,0
4390,70,64.0765247675369,1366.3184431845468,Male,0,Yes,Yes,No,Yes,Fiber optic,No,Yes,No internet service,No,No internet service,No,One year,Yes,Electronic check,1
4391,35,119.45591406097397,1763.7596917968156,Male,0,No,No,No,No,No,No,No,Yes,No internet service,No internet service,Yes,Two year,Yes,Bank transfer,0
4392,22,62.00722952521643,2334.7999693415845,Female,0,Yes,Yes,Yes,Yes,DSL,Yes,No,Yes,No,Yes,No internet service,Two year,Yes,Bank transfer,0
4393,65,80.79577026836093,4125.154835297608,Female,0,Yes,No,Yes,No phone service,Fiber optic,No internet service,Yes,Yes,No internet service,No internet service,No,One year,No,Bank transfer,1
4394,22,30.476253645144006,4135.358608702626,Female,0,Yes,No,No,No phone service,No,No internet service,No,Yes,Yes,Yes,No,One year,Yes,Mailed check,0
4395,11,65.42278238068693,6532.926702845665,Male,1,No,No,No,Yes,DSL,Yes,Yes,No,No internet service,Yes,No,One year,Yes,Mailed check,0
4396,3,43.87658940039733,6048.780585432242,Female,0,Yes,Yes,Yes,No,DSL,Yes,No internet service,Yes,Yes,No,Yes,Two year,No,Credit card,0
4397,9,103.5564798571235,7318.511833368542,Female,0,Yes,No,No,No phone service,DSL,No internet service,Yes,Yes,Yes,Yes,No,Month-to-month,Yes,Mailed check,1
4398,60,98.39195848675399,6679.923610314311,Male,0,Yes,Yes,Yes,Yes,DSL,No,Yes,No,No,No internet service,Yes,Two year,Yes,Electronic check,0
4399,14,102.41799996253584,2105.632631614672,Female,0,Yes,No,Yes,Yes,No,No,No,Yes,Yes,No internet service,No,One year,Yes,Bank transfer,0
4400,18,92.36094377579514,2717.244477501599,Female,1,No,Yes,No,No,No,No internet service,No,No,No internet service,No,No internet service,Month-to-month,Yes,Electronic check,1
4401,23,103.26832236200512,4053.343624697017,Female,0,No,Yes,No,No,Fiber optic,No,No,No internet service,Yes,Yes,Yes,Two year,No,Bank transfer,0
4402,47,40.082875017492086,212.7419630527923,Male,1,Yes,No,No,Yes,Fiber optic,No,No internet service,No,No internet service,No,Yes,Month-to-month,Yes,Electronic check,1
4403,69,65.20437765798016,7240.825849641399,Female,0,Yes,No,Yes,No,DSL,Yes,No,Yes,No internet service,No,No internet service,Month-to-month,Yes,Mailed check,1
4404,47,89.18468799459681,450.31927924247987,Female,0,Yes,Yes,No,No phone service,DSL,No,No internet service,No,No internet service,No,No,One year,No,Bank transfer,1
4405,30,83.7392497935135,2647.286039451427,Female,0,No,Yes,No,No phone service,Fiber optic,Yes,No,Yes,No,No,Yes,Two year,Yes,Mailed check,1
4406,25,91.63544828740869,4596.480850451613,Male,0,No,No,Yes,Yes,No,No,No,Yes,No internet service,No,Yes,Two year,No,Mailed check,0
4407,28,42.42583831512317,4190.94696999424,Male,0,Yes,No,Yes,Yes,No,No internet service,Yes,No internet service,No,Yes,Yes,Month-to-month,No,Bank transfer,1
4408,25,29.843470904498975,5270.23315332441,Female,1,Yes,No,No,No,No,Yes,Yes,Yes,Yes,No internet service,Yes,Two year,Yes,Electronic check,0
4409,58,111.68065780747764,4267.409384824251,Female,0,No,Yes,No,No phone service,DSL,No internet service,Yes,Yes,Yes,Yes,Yes,Two year,No,Credit card,0
4410,41,76.01718955673584,1909.1112630539717,Female,1,Yes,No,Yes,No,Fiber optic,Yes,No internet service,Yes,No,Yes,No internet service,Two year,Yes,Mailed check,1
4411,25,35.38259245074109,1688.517683571588,Male,0,No,Yes,Yes,Yes,Fiber optic,No,No,No,Yes,No,Yes,Two year,Yes,Mailed check,1
4412,48,99.34365818873616,7267.251845696439,Male,0,Yes,No,No,Yes,Fiber optic,No internet service,Yes,Yes,Yes,No internet service,Yes,One year,Yes,Bank transfer,1
4413,10,111.49299366292826,2185.3372202111814,Female,0,Yes,No,No,Yes,No,Yes,No,Yes,Yes,Yes,No internet service,One year,No,Bank transfer,0
4414,11,36.9563518571109,2319.7201476481564,Female,0,Yes,No,Yes,Yes,Fiber optic,No internet service,Yes,Yes,Yes,Yes,No,Two year,Yes,Electronic check,0
4415,21,101.74124552691106,3362.3278791927223,Male,1,Yes,Yes,No,Yes,Fiber optic,No internet service,No,No internet service,No internet service,No internet service,Yes,Two year,No,Mailed check,0
4416,45,113.32250613191283,1201.5627844847943,Male,0,No,Yes,Yes,Yes,No,No,Yes,No internet service,Yes,Yes,No internet service,Two year,Yes,Credit card,0
4417,7,113.83616002960173,4107.4554709436,Female,0,No,Yes,Yes,No,DSL,Yes,Yes,No,No internet service,No internet service,No internet service,Two year,No,Mailed check,0
4418,64,111.41564616535011,5353.750917446838,Male,0,No,Yes,No,No,DSL,No,Yes,No internet service,Yes,Yes,No,Two year,Yes,Electronic check,0
4419,64,74.64210123601028,6309.403887411198,Female,1,Yes,No,No,No,No,No internet service,Yes,No internet service,No,No,Yes,One year,No,Credit card,0
4420,2,55.621131725386924,5720.48851072741,Female,0,Yes,No,Yes,No phone service,Fiber optic,Yes,Yes,No,No,No internet service,Yes,Month-to-month,No,Bank transfer,1
4421,42,20.727280769400927,1266.3241162340832,Male,0,No,No,Yes,No,DSL,No internet service,No,No internet service,No internet service,Yes,No,Month-to-month,Yes,Bank transfer,1
4422,54,26.091222687152708,3702.930445270299,Female,0,No,Yes,Yes,Yes,DSL,No internet service,Yes,Yes,No,Yes,No internet service,Month-to-month,No,Bank transfer,0
4423,16,62.88390152973906,404.83098638460956,Female,0,Yes,Yes,No,No,DSL,Yes,No,Yes,No internet service,No internet service,No internet service,One year,No,Electronic check,1
4424,18,59.93261463915103,240.60417409549933,Female,0,No,No,Yes,No,No,No internet service,Yes,Yes,Yes,No internet service,No internet service,One year,No,Bank transfer,0
4425,59,38.471390956988316,3577.0303043630247,Female,0,Yes,No,Yes,No phone service,DSL,Yes,No,No internet service,No,No internet service,No,Two year,No,Credit card,0
4426,16,59.54800280316568,2098.387906215269,Female,0,No,Yes,Yes,Yes,Fiber optic,Yes,Yes,No,No internet service,No internet service,No,One year,Yes,Bank transfer,0
4427,6,37.46500654553681,5498.5502794995655,Female,0,Yes,Yes,No,No phone service,No,Yes,Yes,No internet service,No internet service,No internet service,No internet service,One year,No,Electronic check,1
4428,57,104.87912527758405,5821.502215825959,Female,1,Yes,Yes,Yes,No phone service,No,No internet service,Yes,No,Yes,No internet service,Yes,Two year,No,Mailed check,1
4429,47,49.81948778755988,7173.68942401022,Male,0,No,Yes,No,No phone service,DSL,No,No internet service,Yes,Yes,No,Yes,Two year,No,Mailed check,1
4430,48,79.856435015831,6109.391856958406,Male,1,No,No,No,No,Fiber optic,No internet service,No,No,No,No,No internet service,Two year,No,Credit card,0
4431,42,70.28430619990868,481.12857277867937,Female,0,Yes,Yes,Yes,Yes,No,No internet service,No,Yes,No internet service,No internet service,Yes,Month-to-month,Yes,Electronic check,1
4432,60,25.18820775939922,3035.8217818263647,Male,0,Yes,No,Yes,Yes,DSL,Yes,Yes,No internet service,Yes,Yes,No internet service,Month-to-month,Yes,Bank transfer,1
4433,4,114.22337194911663,2256.8844788417646,Female,0,No,No,Yes,No phone service,Fiber optic,No,Yes,No internet service,No,No,No internet service,Two year,No,Bank transfer,0
4434,2,72.72259782504833,3150.446353634574,Female,0,Yes,No,No,Yes,Fiber optic,Yes,Yes,No,No internet service,No,Yes,Two year,No,Mailed check,1
4435,59,52.50576433918153,1364.5977058527424,Male,1,No,Yes,Yes,Yes,No,No internet service,No internet service,No internet service,Yes,Yes,Yes,Month-to-month,No,Bank transfer,1
4436,27,35.81265696330682,871.8624191556884,Female,1,Yes,No,No,No phone service,DSL,No,Yes,No,No,No,No,Two year,Yes,Mailed check,0
4437,27,53.852663472683574,4215.777885816365,Female,0,No,No,No,No,Fiber optic,Yes,Yes,No internet service,No,No,Yes,Two year,No,Mailed check,1
4438,7,22.05116030233895,5791.012355844516,Male,1,Yes,No,No,No phone service,No,No internet service,No,No internet service,Yes,No internet service,Yes,Month-to-month,Yes,Bank transfer,1
4439,63,56.35581553482977,5645.096125262348,Male,0,Yes,Yes,No,No phone service,No,No internet service,No internet service,No internet service,Yes,No,Yes,One year,No,Mailed check,0
4440,46,73.14859273045047,3662.4601451921944,Male,1,Yes,No,No,No,No,No,No,No,No internet service,No,Yes,Two year,No,Mailed check,0
4441,63,107.18662458509448,4226.0039916826745,Male,0,Yes,No,No,No,No,No internet service,No internet service,No,No internet service,No,No internet service,Month-to-month,No,Electronic check,1
4442,12,88.73744176977976,4178.996907818267,Male,1,Yes,No,Yes,No,No,No internet service,No internet service,No,Yes,No internet service,Yes,Month-to-month,No,Bank transfer,1
4443,13,31.15823131332414,5563.405984367644,Male,1,Yes,Yes,Yes,No,Fiber optic,No internet service,No,No internet service,No,Yes,No internet service,Month-to-month,Yes,Electronic check,1
4444,43,34.77463244379611,478.60889005259025,Female,0,Yes,Yes,No,No phone service,No,No internet service,No,Yes,Yes,Yes,No internet service,One year,Yes,Bank transfer,1
4445,17,62.812336781837466,5708.179260082668,Male,0,No,No,No,No,DSL,No,No internet service,No,No internet service,Yes,No,Two year,No,Bank transfer,0
4446,63,39.570775163878785,4699.387115982571,Male,0,No,No,Yes,Yes,DSL,No internet service,No internet service,Yes,No internet service,Yes,No internet service,Two year,No,Bank transfer,1
4447,36,22.784977758275573,1665.058845905436,Female,0,Yes,Yes,Yes,No phone service,Fiber optic,No internet service,Yes,No,Yes,No,Yes,Two year,Yes,Bank transfer,1
4448,8,100.50148801180703,487.56494459548964,Female,0,No,Yes,Yes,No phone service,No,No internet service,Yes,No,No internet service,No internet service,No,One year,Yes,Credit card,0
4449,69,21.952257069799412,957.3695454073185,Male,0,No,Yes,Yes,No,No,No,No,Yes,No,No internet service,No,Month-to-month,No,Credit card,1
4450,36,103.06896051980141,4245.0615972122305,Female,0,Yes,No,No,No,Fiber optic,No,No internet service,Yes,No internet service,No,No,Month-to-month,No,Mailed check,0
4451,28,34.4103963032966,6091.427387721134,Female,0,No,Yes,Yes,Yes,No,Yes,No,No internet service,No,Yes,No internet service,Two year,No,Electronic check,0
4452,47,117.46784108071161,2743.792568283559,Female,0,Yes,Yes,No,No,No,No,Yes,Yes,No internet service,No internet service,No internet service,One year,No,Electronic check,0
4453,30,80.38739118261901,3095.078894571251,Female,0,No,Yes,No,No phone service,DSL,No internet service,Yes,No,No,No,No internet service,Month-to-month,Yes,Mailed check,1
4454,23,93.49829716298954,7479.756678864288,Female,0,No,Yes,Yes,No,No,No,Yes,Yes,Yes,No,No,One year,Yes,Electronic check,0
4455,16,31.048362796806487,1782.8033638573506,Female,0,No,No,Yes,Yes,Fiber optic,No,No internet service,Yes,No,No,No internet service,Two year,Yes,Credit card,0
4456,14,106.21040734514801,919.6204541452779,Female,0,Yes,Yes,No,No phone service,DSL,No,No,Yes,Yes,No,No internet service,One year,Yes,Electronic check,0
4457,71,103.91923428715384,2812.9398990201416,Male,0,No,No,No,No phone service,Fiber optic,No internet service,No internet service,Yes,No internet service,No internet service,No,Two year,Yes,Bank transfer,0
4458,52,85.29927315417177,5992.784743988962,Female,0,Yes,Yes,No,No,Fiber optic,Yes,No internet service,No internet service,No,No,No,One year,Yes,Bank transfer,1
4459,37,70.22748645953874,5046.010599343442,Male,0,Yes,No,No,Yes,No,Yes,Yes,No,No,No internet service,Yes,One year,No,Bank transfer,0
4460,29,92.14891731316725,3384.7839710195967,Female,0,No,No,Yes,Yes,No,Yes,Yes,No,No internet service,No,No,Month-to-month,No,Bank transfer,1
4461,67,20.592821533687815,7721.545009371461,Female,1,Yes,No,Yes,No,DSL,Yes,No,No,No internet service,No,No,Month-to-month,No,Mailed check,1
4462,15,79.24407553984594,5906.471862527129,Male,0,Yes,No,Yes,No phone service,Fiber optic,No,No internet service,No internet service,No,No internet service,No,One year,No,Mailed check,0
4463,47,104.74061349292366,588.7052526280208,Female,1,No,Yes,Yes,No phone service,Fiber optic,Yes,No,Yes,Yes,No,Yes,Month-to-month,Yes,Credit card,1
4464,46,55.68998871747549,5982.588406446982,Female,0,Yes,No,Yes,No phone service,No,No,No,No,No internet service,Yes,Yes,Two year,No,Credit card,0
4465,52,30.828935648291683,289.90459165628096,Male,1,No,No,No,No,Fiber optic,No,No,No,No,No internet service,Yes,Two year,No,Credit card,1
4466,19,62.087724974320615,5237.554252627503,Female,0,No,No,No,No phone service,Fiber optic,Yes,No,Yes,No internet service,No internet service,No,Month-to-month,Yes,Mailed check,1
4467,21,92.7104449058507,1762.814406712004,Female,0,Yes,No,Yes,No phone service,Fiber optic,No internet service,Yes,No,No internet service,No,Yes,Month-to-month,Yes,Electronic check,1
4468,64,30.730121037067253,5601.893451396706,Male,1,No,No,Yes,No,Fiber optic,Yes,No,Yes,Yes,No internet service,No,Month-to-month,Yes,Bank transfer,1
4469,37,40.604856021288995,2547.2585765175895,Male,0,No,Yes,No,No phone service,Fiber optic,Yes,Yes,No internet service,Yes,No internet service,No internet service,One year,Yes,Electronic check,0
4470,27,34.755184682869995,6996.749832848963,Female,1,Yes,No,No,No,DSL,No,No,No,Yes,Yes,Yes,One year,Yes,Bank transfer,0
4471,55,99.69477555752249,2761.619309072538,Male,0,Yes,No,Yes,Yes,Fiber optic,No,Yes,No,No,No internet service,No internet service,Two year,Yes,Credit card,1
4472,29,26.289262245248683,4995.597257693946,Female,0,Yes,No,Yes,Yes,Fiber optic,Yes,No,Yes,No internet service,Yes,No,One year,Yes,Bank transfer,0
4473,20,88.6586502114433,2358.8277212665075,Female,0,Yes,No,No,No,DSL,Yes,No internet service,No internet service,Yes,No internet service,No internet service,Month-to-month,Yes,Electronic check,0
4474,25,56.64569207531913,7346.050206623208,Male,1,No,No,Yes,No,No,No internet service,No internet service,No,No,Yes,Yes,One year,No,Electronic check,1
4475,70,95.57912428853022,6269.868250122561,Male,0,No,Yes,Yes,No,No,No internet service,Yes,Yes,Yes,No internet service,Yes,One year,No,Credit card,0
4476,63,116.43834187840376,2022.0927231223648,Male,0,No,Yes,No,No phone service,DSL,No internet service,Yes,No internet service,Yes,No internet service,No,One year,No,Credit card,1
4477,36,31.45452995864823,7595.494029213411,Male,0,No,Yes,No,No phone service,DSL,No,No,Yes,No internet service,Yes,Yes,Month-to-month,No,Electronic check,1
4478,2,51.438504106745846,2921.544957652203,Female,1,No,No,No,No,No,No internet service,No internet service,No,No,Yes,No internet service,One year,No,Credit card,1
4479,22,101.0125427718857,5249.733086570781,Male,0,Yes,No,Yes,No,Fiber optic,No,No,No,No internet service,Yes,No internet service,One year,No,Mailed check,1
4480,16,46.615838605117645,5968.540525803732,Male,1,No,Yes,No,No phone service,Fiber optic,No,Yes,No,Yes,No internet service,Yes,One year,Yes,Credit card,1
4481,18,41.51205970460409,280.9270755728072,Female,0,No,No,Yes,No phone service,DSL,Yes,No,Yes,No internet service,No,Yes,Month-to-month,Yes,Electronic check,1
4482,69,102.53779778689717,7675.842034642245,Female,0,No,Yes,No,No,Fiber optic,No internet service,No internet service,No internet service,No,No,No,One year,No,Mailed check,0
4483,54,118.70823640059703,2821.086318090183,Female,0,No,No,Yes,No phone service,DSL,Yes,No internet service,No,Yes,No internet service,No internet service,Two year,No,Electronic check,0
4484,30,75.68805901479658,1599.2532581066714,Female,0,Yes,No,Yes,No phone service,No,Yes,No internet service,No,Yes,No internet service,Yes,Two year,No,Mailed check,1
4485,45,47.804874833333926,6820.591554655135,Female,0,Yes,No,No,Yes,Fiber optic,No,No internet service,Yes,Yes,Yes,No internet service,Month-to-month,No,Credit card,1
4486,19,59.856596160005395,5652.904334304973,Female,0,Yes,Yes,Yes,No,No,No internet service,No internet service,No,Yes,Yes,No,Month-to-month,Yes,Credit card,1
4487,34,37.0130327383609,785.2718537244854,Female,0,No,Yes,Yes,No,Fiber optic,Yes,Yes,Yes,No,Yes,No internet service,One year,Yes,Electronic check,0
4488,13,96.18872788907525,1024.6521928764794,Female,0,No,Yes,No,No phone service,Fiber optic,No,No,No,No internet service,No,No,Month-to-month,No,Mailed check,1
4489,43,97.34740178227679,5750.015778163827,Female,0,No,Yes,Yes,Yes,Fiber optic,Yes,No,No internet service,No,No internet service,No internet service,One year,No,Electronic check,1
4490,62,107.51209923824945,690.7877220767634,Male,0,Yes,Yes,No,No,DSL,No internet service,No,No,Yes,No internet service,No,One year,No,Bank transfer,0
4491,22,22.660256359656387,7345.685937480114,Male,0,No,Yes,Yes,No,No,No,Yes,Yes,No,No,Yes,One year,No,Credit card,0
4492,52,76.19813416263793,5958.167081886302,Female,0,Yes,No,No,No phone service,DSL,No internet service,Yes,No,Yes,Yes,Yes,One year,No,Electronic check,1
4493,52,41.42554343431844,2750.3884271392117,Male,0,No,Yes,No,No,DSL,Yes,Yes,Yes,Yes,Yes,No,Month-to-month,No,Electronic check,0
4494,36,54.08830154923571,2967.216355880172,Female,0,Yes,Yes,Yes,No phone service,No,No,Yes,Yes,No internet service,Yes,No internet service,Two year,Yes,Bank transfer,0
4495,19,98.49556152865075,4101.319160012401,Female,1,Yes,Yes,No,Yes,No,Yes,No,Yes,Yes,Yes,No internet service,Month-to-month,No,Bank transfer,1
4496,38,39.203365236149615,2951.6583678234674,Female,0,No,Yes,No,Yes,DSL,Yes,No internet service,No internet service,No,No,No internet service,One year,No,Mailed check,0
4497,70,83.83417505810897,6289.4015563626945,Female,1,No,No,Yes,No,DSL,No internet service,No internet service,No internet service,No,Yes,Yes,Two year,Yes,Bank transfer,0
4498,57,85.45661912235981,7800.421858402764,Male,0,Yes,Yes,No,No phone service,DSL,No,Yes,No,No internet service,Yes,Yes,One year,Yes,Mailed check,0
4499,20,115.40939149023006,4717.719971961726,Male,1,Yes,Yes,No,Yes,No,Yes,No,Yes,No internet service,No,No internet service,One year,Yes,Electronic check,0
4500,9,97.5160928528937,3623.6948885734782,Female,0,Yes,Yes,No,No,DSL,No internet service,No,No internet service,Yes,Yes,Yes,One year,Yes,Bank transfer,1
4501,32,100.36351471536935,1859.9157081189157,Male,0,Yes,Yes,No,No,No,No internet service,Yes,Yes,Yes,No,Yes,One year,Yes,Mailed check,1
4502,4,73.16007490178934,5262.124012057621,Male,0,Yes,No,Yes,No,DSL,No,No,No,Yes,Yes,Yes,Two year,Yes,Electronic check,1
4503,50,38.67808071623706,5516.057208341637,Female,0,No,No,No,No phone service,No,Yes,No internet service,Yes,Yes,No internet service,No,Month-to-month,No,Mailed check,1
4504,5,62.55633657183516,5513.005795413474,Female,0,Yes,No,No,No phone service,DSL,No,Yes,No internet service,No,Yes,No,Month-to-month,No,Electronic check,1
4505,20,74.94895735118203,313.1817833610894,Male,0,No,Yes,No,Yes,Fiber optic,No,No,No internet service,Yes,No internet service,Yes,Month-to-month,Yes,Mailed check,1
4506,37,87.84192517137123,7203.06459521772,Male,0,No,Yes,Yes,No phone service,Fiber optic,Yes,No,Yes,No internet service,No,Yes,Two year,No,Credit card,0
4507,22,80.77091118319272,2771.0418510904956,Female,1,No,Yes,Yes,No phone service,No,No,No,Yes,No,Yes,Yes,Two year,No,Electronic check,1
4508,58,59.397782891724354,5978.9095236047115,Female,1,No,No,No,No,No,No,Yes,Yes,No,Yes,No internet service,Month-to-month,Yes,Electronic check,1
4509,68,46.53131069958414,6102.474566092526,Male,0,No,No,No,No,Fiber optic,No,No internet service,Yes,Yes,Yes,No,Two year,Yes,Mailed check,0
4510,44,36.82308432036831,5239.3843326166925,Female,0,Yes,Yes,Yes,Yes,No,No internet service,No,Yes,Yes,No internet service,No internet service,One year,No,Electronic check,0
4511,34,89.38453862722663,3219.445532839908,Female,1,No,Yes,No,No,No,Yes,Yes,Yes,No,Yes,Yes,Month-to-month,No,Mailed check,1
4512,42,84.5398674312485,4906.235312850552,Female,1,Yes,Yes,No,No,Fiber optic,No,Yes,No,No internet service,No,Yes,One year,Yes,Electronic check,0
4513,9,88.73724657578066,417.56966093722485,Male,0,No,No,No,No,DSL,No internet service,No,No,Yes,Yes,No internet service,Two year,Yes,Bank transfer,1
4514,7,57.252745280279484,6118.97675828446,Male,0,Yes,Yes,No,No phone service,No,No internet service,Yes,No internet service,No,No,Yes,One year,No,Bank transfer,1
4515,68,46.2407822570745,886.7503217938774,Female,0,No,No,Yes,No,No,No,No internet service,Yes,No,No internet service,No,Two year,No,Mailed check,0
4516,19,95.97213286809253,3234.3323138168535,Male,1,Yes,No,Yes,Yes,DSL,Yes,No internet service,No,Yes,No,No,Month-to-month,No,Credit card,0
4517,31,97.36473950553341,918.5884225532359,Female,0,Yes,No,Yes,Yes,DSL,No internet service,Yes,Yes,No internet service,No internet service,Yes,Month-to-month,Yes,Bank transfer,0
4518,35,65.56163739668406,6712.888121970846,Male,0,Yes,No,Yes,No,No,No,No,No internet service,No,No internet service,No,Month-to-month,No,Bank transfer,0
4519,57,81.19040847673242,4447.3889081440775,Male,0,No,Yes,Yes,No,No,Yes,No internet service,No,No,No internet service,Yes,Two year,Yes,Electronic check,0
4520,61,57.35196642317412,5558.545449337252,Male,1,Yes,No,No,Yes,DSL,Yes,No,Yes,No,No,Yes,One year,No,Credit card,0
4521,31,90.19472001198068,5492.399141756643,Female,0,No,Yes,Yes,No phone service,No,No,Yes,Yes,Yes,No,Yes,Two year,No,Credit card,0
4522,53,103.57215966478712,6748.689230102185,Female,0,No,No,No,No,DSL,No internet service,No internet service,Yes,No,No,No,One year,No,Credit card,0
4523,32,88.82332773356494,1147.298286426564,Female,0,Yes,Yes,Yes,Yes,DSL,Yes,No,Yes,No,Yes,No internet service,Two year,No,Credit card,0
4524,66,71.25826268471366,5311.852309198584,Male,1,No,No,No,No phone service,No,Yes,Yes,Yes,Yes,No,No,One year,No,Credit card,0
4525,59,65.86579594923703,4643.559029788893,Female,0,No,No,Yes,Yes,No,Yes,No,Yes,No internet service,No internet service,No,Month-to-month,No,Credit card,0
4526,10,84.23196509757443,344.0872683133915,Female,0,No,No,Yes,No phone service,DSL,Yes,No internet service,No internet service,No,No,No internet service,One year,Yes,Bank transfer,1
4527,2,87.98108916013302,1691.2409797001403,Female,0,No,Yes,No,Yes,No,No internet service,Yes,Yes,Yes,No internet service,No,One year,No,Mailed check,0
4528,66,75.8729443524539,2213.8151768879443,Female,0,Yes,No,No,Yes,DSL,No internet service,Yes,Yes,No internet service,No,Yes,Month-to-month,No,Mailed check,0
4529,60,82.4942275107395,673.1953658904126,Male,0,No,No,No,No phone service,Fiber optic,No,No,No,Yes,No,No,Two year,Yes,Credit card,0
4530,17,29.65886824945322,2902.2864666005316,Female,0,Yes,No,Yes,No,Fiber optic,No,No,Yes,No internet service,No internet service,Yes,One year,Yes,Electronic check,0
4531,16,115.17655161423268,314.89981885225797,Female,0,No,No,Yes,Yes,DSL,No internet service,Yes,Yes,Yes,No,Yes,Two year,Yes,Bank transfer,0
4532,16,99.0773063732034,4470.149588836063,Male,1,Yes,Yes,No,No,DSL,No,No internet service,No,No internet service,Yes,No,One year,No,Electronic check,1
4533,46,57.39278697067838,1770.8575885803195,Female,0,Yes,Yes,Yes,Yes,No,Yes,No internet service,No,No internet service,Yes,No internet service,One year,No,Bank transfer,0
4534,39,76.28126109536299,2367.324533522669,Male,0,No,Yes,No,No phone service,DSL,No internet service,No,Yes,Yes,No internet service,No,Two year,No,Bank transfer,0
4535,31,24.732453013642136,7292.725846753145,Male,0,No,Yes,Yes,No,DSL,Yes,No,No internet service,No,No internet service,No,One year,No,Bank transfer,0
4536,1,24.12278139990604,4072.253108075851,Male,0,No,No,No,No phone service,No,No internet service,No,No,No internet service,No internet service,No,One year,No,Electronic check,0
4537,11,45.07983351119627,2225.210056830885,Female,0,No,No,No,No phone service,No,No internet service,No internet service,No,Yes,Yes,Yes,Two year,Yes,Electronic check,0
4538,4,88.97016423646232,4827.847890159724,Male,0,No,No,Yes,No,Fiber optic,No,No internet service,Yes,No,No internet service,Yes,Two year,No,Credit card,1
4539,71,105.21477478000116,1693.2043354532154,Male,0,Yes,Yes,No,No,DSL,No internet service,No,No,No,No internet service,No internet service,Two year,Yes,Bank transfer,0
4540,26,75.91858799798484,687.7259175370605,Male,0,Yes,No,Yes,No,DSL,No,No,Yes,Yes,Yes,No internet service,Two year,No,Mailed check,0
4541,50,73.21327395823525,265.1601997621225,Female,0,Yes,Yes,Yes,No phone service,Fiber optic,No internet service,Yes,No internet service,Yes,No internet service,No,One year,No,Bank transfer,0
4542,12,60.2309533791466,7617.079458472424,Male,0,No,Yes,Yes,No phone service,DSL,Yes,Yes,No internet service,No internet service,No,No internet service,Month-to-month,Yes,Mailed check,1
4543,65,36.159795595802116,5824.425510730619,Male,0,No,Yes,No,No phone service,No,Yes,Yes,Yes,Yes,No,No,Two year,No,Credit card,1
4544,47,31.83541013265875,6419.590371509821,Male,0,No,No,No,No,DSL,Yes,Yes,No internet service,No,No,Yes,Two year,Yes,Credit card,0
4545,53,96.06797612209661,7849.250052612772,Female,0,Yes,No,No,Yes,No,Yes,No,Yes,Yes,No,No,One year,No,Credit card,0
4546,71,112.75035512965756,7459.866756966172,Male,0,No,No,Yes,No,DSL,Yes,No internet service,No,No,Yes,No,Month-to-month,Yes,Bank transfer,0
4547,2,65.82832163862732,5921.614269236376,Male,0,Yes,Yes,Yes,Yes,Fiber optic,Yes,No internet service,No,No,No,No,Month-to-month,No,Bank transfer,1
4548,24,85.94456587156382,5582.4978515726225,Female,0,Yes,No,No,No phone service,No,No internet service,Yes,Yes,Yes,No,No,Two year,Yes,Mailed check,0
4549,4,111.44576508809412,2761.1149757894755,Female,0,No,No,Yes,Yes,No,No,No internet service,Yes,No,Yes,No internet service,Two year,Yes,Mailed check,1
4550,19,29.011363293414455,921.7362891813068,Female,1,Yes,Yes,Yes,No,Fiber optic,No internet service,Yes,No,No,Yes,No,Month-to-month,No,Electronic check,0
4551,26,97.04814531190299,4632.40813210385,Male,0,Yes,No,Yes,No,No,Yes,No,Yes,No internet service,Yes,Yes,Month-to-month,No,Mailed check,0
4552,40,81.68168843755751,4652.401031199879,Male,0,Yes,No,No,No,Fiber optic,Yes,Yes,No,No,No,No,Two year,No,Credit card,0
4553,50,79.86371788298614,7622.6745547843775,Male,1,No,Yes,No,Yes,DSL,No internet service,No internet service,Yes,No internet service,No internet service,Yes,Month-to-month,No,Bank transfer,1
4554,43,49.254042848156985,3596.3093726275038,Male,0,Yes,Yes,No,No,Fiber optic,No,No internet service,No,No internet service,No internet service,No internet service,One year,No,Electronic check,0
4555,67,88.38933547776769,5557.38023201794,Female,0,No,No,Yes,Yes,DSL,No,No internet service,No internet service,No internet service,No,No,Month-to-month,No,Bank transfer,1
4556,12,99.47977548207766,4642.267956434102,Male,1,No,Yes,Yes,No phone service,No,No,No,No internet service,No internet service,No internet service,Yes,Month-to-month,Yes,Credit card,1
4557,67,31.285816494369715,1496.4058098982891,Female,0,Yes,No,No,Yes,No,No,Yes,No,No,No internet service,No,Month-to-month,Yes,Credit card,1
4558,27,73.35214309809838,4777.308031263842,Male,0,No,No,No,No phone service,Fiber optic,Yes,No,No,No,Yes,No,Month-to-month,No,Credit card,0
4559,54,30.126518098740966,4366.922003966279,Male,0,Yes,Yes,No,Yes,DSL,Yes,No,No,Yes,No,No internet service,One year,Yes,Electronic check,0
4560,66,107.25740192976446,4001.8573518839084,Male,0,No,Yes,Yes,No phone service,Fiber optic,No,Yes,No,No internet service,No,Yes,One year,Yes,Bank transfer,1
4561,49,70.76367226563474,4156.041175822951,Female,0,No,Yes,No,No,No,No internet service,No internet service,No,No,No internet service,Yes,Month-to-month,Yes,Mailed check,1
4562,16,100.79656892607574,1395.504978475077,Female,0,No,Yes,No,Yes,No,No internet service,No internet service,No internet service,No internet service,No,Yes,Month-to-month,No,Bank transfer,0
4563,2,56.808563766621425,3761.4740767222756,Female,0,No,No,No,No phone service,DSL,Yes,No internet service,No,No internet service,Yes,No,Month-to-month,Yes,Bank transfer,1
4564,60,32.50782268163254,4884.660847390614,Female,0,No,Yes,Yes,No,DSL,No internet service,No internet service,Yes,Yes,No internet service,No internet service,One year,Yes,Electronic check,1
4565,54,24.149930438571147,3966.6486696157613,Male,0,No,Yes,No,No,No,Yes,No,No internet service,No internet service,Yes,No,Two year,No,Mailed check,0
4566,30,48.15096207723755,3960.620941496564,Male,1,No,Yes,Yes,No phone service,No,Yes,Yes,No,No,No internet service,No internet service,Month-to-month,No,Mailed check,1
4567,38,44.42337003640785,712.3899073645877,Male,0,Yes,Yes,No,No phone service,DSL,No,Yes,Yes,No,No,No internet service,Two year,No,Bank transfer,0
4568,28,76.03519740199619,1607.1158009320852,Male,0,Yes,No,Yes,Yes,Fiber optic,No,Yes,No internet service,No,Yes,Yes,One year,Yes,Credit card,1
4569,25,22.173883806370736,2635.6842729264554,Male,0,Yes,Yes,No,No phone service,Fiber optic,No,No,Yes,No,Yes,No internet service,Month-to-month,No,Bank transfer,0
4570,10,72.05705442991734,3412.841252014662,Female,0,No,Yes,No,No phone service,DSL,No,No internet service,No,No internet service,Yes,Yes,One year,No,Electronic check,0
4571,60,59.177174201200316,4792.105806482974,Female,0,Yes,No,Yes,No,DSL,No,No internet service,Yes,No,No internet service,No,Month-to-month,No,Credit card,1
4572,42,77.71222699144423,6920.426325732179,Male,0,No,Yes,No,No phone service,DSL,No,Yes,Yes,Yes,No internet service,No,Two year,No,Electronic check,1
4573,40,90.24175281503646,1357.4014309003662,Male,0,No,No,No,No phone service,No,No internet service,No internet service,No internet service,No internet service,Yes,No internet service,Two year,Yes,Credit card,0
4574,42,83.4091945079839,219.19543866448998,Male,1,No,No,No,No phone service,Fiber optic,No,No,Yes,No,Yes,Yes,Month-to-month,Yes,Credit card,1
4575,47,118.46443693733663,3648.9733331297343,Male,0,No,No,No,No,DSL,No,No internet service,Yes,No,No internet service,Yes,Month-to-month,No,Credit card,1
4576,37,33.826534387687104,3513.612889551862,Female,0,No,No,Yes,No,Fiber optic,Yes,No internet service,No internet service,Yes,No,No,Two year,Yes,Mailed check,0
4577,22,62.97370089297785,4460.019626111862,Male,0,No,Yes,Yes,No,No,Yes,No internet service,No,No internet service,No,No internet service,One year,Yes,Credit card,1
4578,57,62.483073664331116,6682.451993834854,Male,0,No,No,Yes,No,No,No,Yes,Yes,Yes,Yes,Yes,Month-to-month,No,Mailed check,1
4579,27,61.705320370292064,6438.648352761576,Male,1,No,Yes,Yes,Yes,DSL,Yes,No,No,Yes,No,Yes,One year,No,Electronic check,0
4580,41,86.37983920426683,890.3419469970885,Male,0,Yes,No,Yes,No,DSL,No internet service,Yes,No internet service,No,No internet service,No internet service,Month-to-month,No,Credit card,1
4581,34,68.98280605467224,7478.5633967457225,Female,1,No,No,Yes,No,DSL,No internet service,No,No,No,No,No,Month-to-month,Yes,Credit card,0
4582,32,71.7432559812963,972.2737179281131,Male,0,Yes,Yes,Yes,Yes,DSL,No internet service,Yes,Yes,Yes,No internet service,Yes,Month-to-month,Yes,Credit card,0
4583,66,63.23559921467647,5113.107017420465,Female,0,Yes,Yes,Yes,Yes,Fiber optic,No internet service,No,Yes,No internet service,Yes,Yes,Two year,Yes,Electronic check,0
4584,12,119.16994610185625,5412.009719405048,Female,0,No,No,No,Yes,DSL,No,No,No,No internet service,No,No internet service,Two year,No,Bank transfer,0
4585,40,112.75613488190422,5471.0321490623965,Male,0,Yes,Yes,No,No phone service,Fiber optic,No internet service,Yes,No,No internet service,No,No internet service,Month-to-month,Yes,Bank transfer,1
4586,10,50.77241893643709,2196.2742562355884,Male,0,No,No,Yes,No,No,No internet service,Yes,Yes,Yes,No internet service,Yes,One year,Yes,Electronic check,1
4587,48,31.159392476666717,2709.726224943436,Male,0,Yes,Yes,Yes,No phone service,No,No internet service,No internet service,No internet service,No internet service,No internet service,Yes,Month-to-month,Yes,Electronic check,1
4588,20,103.97647240386028,4434.547313680236,Male,0,No,No,Yes,Yes,Fiber optic,No internet service,No,Yes,No,Yes,No internet service,One year,No,Electronic check,1
4589,39,119.71702514257245,1676.7412168207773,Male,1,Yes,Yes,No,Yes,Fiber optic,Yes,No,Yes,Yes,Yes,No internet service,Month-to-month,No,Bank transfer,1
4590,60,49.260889403964555,260.45269588347463,Female,1,No,Yes,Yes,Yes,DSL,No internet service,No,No,Yes,No internet service,Yes,One year,Yes,Mailed check,1
4591,66,55.778492584176625,4540.941190617747,Female,0,Yes,No,Yes,Yes,DSL,No internet service,No,Yes,Yes,No internet service,No internet service,One year,Yes,Electronic check,0
4592,65,114.16331814852029,3775.7007188948573,Female,1,No,No,Yes,No phone service,DSL,Yes,No,No,No internet service,Yes,Yes,Month-to-month,No,Bank transfer,1
4593,51,91.11295180030899,5288.17652916535,Female,0,No,No,Yes,Yes,No,Yes,No internet service,No internet service,No internet service,No internet service,No internet service,Month-to-month,Yes,Mailed check,0
4594,36,49.563833177963616,1258.9345490859134,Female,0,Yes,Yes,No,No,Fiber optic,No,No internet service,Yes,No,No,Yes,Month-to-month,No,Credit card,0
4595,24,78.10464912839151,6743.306667259826,Male,0,Yes,Yes,Yes,No,Fiber optic,Yes,No internet service,No internet service,No internet service,Yes,Yes,Two year,Yes,Credit card,0
4596,27,114.4229579364256,1255.1497588381656,Male,0,Yes,No,No,No,Fiber optic,Yes,No,No internet service,No internet service,No,No internet service,One year,Yes,Electronic check,1
4597,2,101.18131069457786,7141.614478552186,Female,1,Yes,Yes,No,No phone service,Fiber optic,Yes,Yes,Yes,No internet service,No internet service,No,Month-to-month,Yes,Mailed check,1
4598,31,94.18327137286596,3651.2172635060538,Male,0,No,No,No,Yes,DSL,No internet service,Yes,No,No internet service,Yes,Yes,Two year,Yes,Bank transfer,1
4599,57,93.69963117270224,4443.461549044288,Male,0,Yes,Yes,Yes,No phone service,DSL,No,No,No,No,Yes,No,Month-to-month,Yes,Credit card,0
4600,66,37.80203242922703,7182.992554115511,Female,0,Yes,Yes,No,No,Fiber optic,No,No internet service,Yes,No,Yes,No,Two year,No,Credit card,0
4601,29,102.46812392279365,2469.3130829688293,Female,0,No,Yes,Yes,Yes,DSL,No internet service,Yes,No,No,No internet service,No internet service,Two year,Yes,Bank transfer,1
4602,15,47.61186324434581,1536.4332703050968,Female,0,No,No,Yes,No phone service,No,No,Yes,No,No internet service,Yes,Yes,One year,No,Credit card,0
4603,12,113.03666579015295,3621.4378044736836,Male,0,No,Yes,Yes,Yes,DSL,No internet service,No internet service,No internet service,No internet service,Yes,No,Month-to-month,No,Credit card,1
4604,28,56.4639991013783,2030.5011053688834,Female,0,Yes,Yes,Yes,Yes,No,Yes,No,No,Yes,Yes,Yes,Two year,No,Electronic check,0
4605,24,105.76603970422565,4269.966901168505,Female,0,Yes,Yes,Yes,No phone service,No,No internet service,No,No,Yes,Yes,Yes,Month-to-month,Yes,Mailed check,0
4606,21,46.62334945178014,2274.5371291101,Male,0,Yes,Yes,Yes,No,Fiber optic,No internet service,No,Yes,No internet service,No internet service,No,One year,Yes,Mailed check,1
4607,10,71.45269365822405,6929.4673312041095,Male,0,Yes,No,Yes,No phone service,Fiber optic,Yes,No,No internet service,Yes,Yes,No,Two year,No,Mailed check,0
4608,18,30.688529548906054,4897.864278836035,Female,0,No,Yes,Yes,No phone service,DSL,Yes,No,No,No,Yes,Yes,Month-to-month,No,Mailed check,0
4609,14,86.0118902996174,101.90129096892791,Male,1,Yes,Yes,No,No,Fiber optic,No,Yes,Yes,No,No internet service,No,One year,No,Bank transfer,1
4610,34,103.60792751668383,6463.242503970616,Female,0,Yes,Yes,Yes,No phone service,No,No internet service,No internet service,No,No,Yes,No,One year,No,Mailed check,0
4611,58,91.8447281302416,2708.677460136553,Male,0,No,Yes,No,Yes,No,Yes,Yes,No internet service,Yes,No,Yes,Two year,No,Electronic check,1
4612,22,72.32585129386572,2629.643074824161,Female,0,No,No,Yes,No,DSL,No,Yes,No internet service,No,Yes,No,One year,No,Bank transfer,1
4613,70,24.51158786014595,3126.1962158622923,Male,0,No,Yes,No,No phone service,No,No internet service,Yes,No internet service,No,Yes,No,Two year,No,Electronic check,0
4614,36,113.34410071708584,5079.073971864237,Male,0,Yes,Yes,No,Yes,Fiber optic,Yes,No internet service,No internet service,No,No,Yes,One year,No,Credit card,1
4615,45,90.54895485786346,3592.279612114362,Male,1,Yes,Yes,Yes,No,DSL,Yes,Yes,No internet service,No internet service,No internet service,No,Month-to-month,No,Mailed check,1
4616,36,94.5864238365333,5066.220817900649,Female,0,No,Yes,No,No phone service,DSL,No internet service,Yes,No internet service,No internet service,Yes,No internet service,Month-to-month,No,Mailed check,0
4617,22,99.46805755108072,1259.5677009227597,Female,1,Yes,No,Yes,No,DSL,Yes,No,Yes,No,No,Yes,One year,Yes,Bank transfer,0
4618,61,94.77434259276107,7764.299269740278,Female,1,Yes,Yes,No,Yes,Fiber optic,No internet service,No internet service,No internet service,No,No internet service,No internet service,Month-to-month,No,Mailed check,1
4619,56,64.11161640983337,5863.889667962525,Male,1,No,Yes,Yes,Yes,No,No internet service,No,No,No internet service,No internet service,Yes,One year,Yes,Electronic check,1
4620,33,93.36218292879468,2076.6361467092256,Male,0,No,No,No,No,Fiber optic,No internet service,No,No,No internet service,No,No internet service,One year,No,Bank transfer,0
4621,45,82.5026787810329,5820.94227379073,Male,1,No,Yes,No,Yes,DSL,Yes,Yes,No,Yes,No internet service,No internet service,One year,No,Mailed check,0
4622,36,105.40163336687866,4642.701104466951,Female,0,Yes,No,Yes,Yes,No,Yes,No,No,No internet service,No internet service,No,One year,Yes,Electronic check,0
4623,20,100.24598153373704,962.5930715877657,Male,0,Yes,Yes,No,No,DSL,No internet service,Yes,No internet service,No,No,Yes,Two year,Yes,Credit card,0
4624,18,24.13743824672599,1507.7517716261962,Female,0,Yes,Yes,Yes,No,Fiber optic,No,No,No internet service,No internet service,No internet service,Yes,Month-to-month,No,Mailed check,1
4625,38,57.888709033260525,426.33432117957204,Female,0,No,Yes,Yes,No phone service,DSL,No internet service,No internet service,Yes,No,No,No,Month-to-month,No,Mailed check,0
4626,67,23.471615218389456,6492.980766229981,Female,0,Yes,Yes,No,No phone service,Fiber optic,No internet service,No internet service,No internet service,Yes,No internet service,No,Month-to-month,No,Mailed check,1
4627,23,30.207492476609794,4458.467545502356,Female,0,Yes,Yes,No,No,DSL,No internet service,No,No,No internet service,No,No internet service,Two year,No,Credit card,0
4628,16,80.14107220036114,2602.314324336674,Female,1,No,Yes,No,Yes,DSL,No,Yes,Yes,Yes,No internet service,Yes,One year,Yes,Mailed check,0
4629,59,107.38218211622534,1098.1247260227801,Male,0,Yes,Yes,Yes,Yes,DSL,Yes,Yes,Yes,No,No,No,Two year,Yes,Credit card,0
4630,69,31.982475870926724,3923.9624200869957,Male,0,Yes,Yes,Yes,No,Fiber optic,Yes,Yes,Yes,No,Yes,No,Month-to-month,No,Electronic check,1
4631,68,65.10892874668315,4249.564639071717,Male,0,No,Yes,Yes,No,Fiber optic,No internet service,No,Yes,No,No internet service,No internet service,One year,No,Bank transfer,0
4632,21,111.08789048064438,5645.393157745992,Male,1,No,Yes,Yes,No,Fiber optic,No internet service,Yes,No internet service,No,No,No internet service,One year,No,Electronic check,1
4633,70,101.43009836715878,7762.503962532022,Male,0,No,Yes,No,Yes,Fiber optic,Yes,No,Yes,Yes,No internet service,No,One year,No,Electronic check,1
4634,12,71.96678964659299,3536.0696902182603,Male,0,No,Yes,Yes,No phone service,Fiber optic,No internet service,No internet service,No internet service,No internet service,No internet service,No internet service,Month-to-month,Yes,Bank transfer,0
4635,16,97.1571439328831,3307.6702320955173,Female,0,No,No,Yes,No phone service,No,Yes,Yes,Yes,No internet service,Yes,Yes,Month-to-month,No,Bank transfer,1
4636,14,72.2693774044537,3022.4470362619677,Male,0,Yes,Yes,No,Yes,DSL,No,No,No internet service,No,No internet service,No internet service,Two year,No,Mailed check,0
4637,61,35.80923372828488,6632.698880838202,Female,0,No,No,No,No phone service,Fiber optic,No internet service,Yes,No internet service,No,No internet service,Yes,Month-to-month,Yes,Credit card,1
4638,71,32.47361132216791,1334.9060490539791,Female,0,No,No,No,No,No,Yes,No,No,Yes,Yes,No,One year,No,Mailed check,0
4639,46,38.83682320670698,2816.1219387172064,Female,0,No,Yes,Yes,No,No,Yes,Yes,No internet service,Yes,No,No,One year,No,Electronic check,0
4640,32,55.092209496567946,5827.2693585155885,Female,0,Yes,No,No,Yes,DSL,No,No internet service,Yes,No,No,No internet service,Month-to-month,No,Credit card,0
4641,15,113.05292676740187,223.98998920532722,Female,1,Yes,Yes,No,Yes,DSL,No internet service,No,Yes,No,No,No,One year,Yes,Mailed check,1
4642,44,99.96784136536014,2386.107716484988,Male,0,No,Yes,Yes,No,DSL,No,No,No internet service,No internet service,No,No internet service,One year,Yes,Bank transfer,1
4643,17,63.28015612263175,5167.432585762207,Male,0,Yes,No,Yes,No,Fiber optic,Yes,No internet service,No internet service,No internet service,No,No internet service,Two year,No,Bank transfer,1
4644,41,69.3076709787574,1569.0215742063572,Male,0,Yes,No,Yes,Yes,DSL,Yes,No internet service,No internet service,No internet service,No,No internet service,One year,Yes,Mailed check,1
4645,54,46.56094576664148,2491.4134960817423,Female,0,Yes,No,Yes,Yes,DSL,No,Yes,No internet service,No,Yes,No internet service,One year,No,Credit card,0
4646,44,90.43529564721301,3939.756088417511,Male,1,No,Yes,No,No,DSL,No,No,No,Yes,No,Yes,Month-to-month,Yes,Electronic check,0
4647,5,100.2765671462038,3433.9861711605286,Male,0,Yes,No,Yes,No,No,No,No,No,Yes,Yes,Yes,Month-to-month,No,Credit card,1
4648,27,43.89046956675766,937.614800647493,Female,0,Yes,No,No,No phone service,Fiber optic,No internet service,Yes,No,Yes,No internet service,No,One year,No,Mailed check,1
4649,43,24.182162378646538,7512.059045819497,Female,0,No,No,No,No phone service,DSL,Yes,Yes,No,No,Yes,No internet service,Two year,No,Bank transfer,0
4650,31,82.38889431629704,449.9124925985329,Male,0,No,Yes,Yes,No,No,No internet service,No,No,No,Yes,No,Two year,No,Bank transfer,0
4651,17,76.25121191353166,6022.9677757402615,Female,0,Yes,Yes,Yes,Yes,Fiber optic,No internet service,No internet service,No internet service,Yes,Yes,No internet service,One year,No,Electronic check,0
4652,54,60.21311550288764,664.239891620144,Female,1,No,No,Yes,No phone service,DSL,No,Yes,No,Yes,Yes,No,One year,No,Bank transfer,0
4653,62,84.38939417732101,3791.6368438981267,Female,1,No,No,Yes,No phone service,No,No internet service,No,No,Yes,No,Yes,One year,Yes,Electronic check,0
4654,32,75.06132979851435,1485.7492040777472,Male,0,No,No,No,No,Fiber optic,No internet service,Yes,No internet service,No,No internet service,No,One year,Yes,Electronic check,0
4655,40,45.05815765941928,1214.6725917885096,Female,0,No,No,Yes,Yes,DSL,No,No internet service,No internet service,No internet service,No internet service,No internet service,Two year,No,Credit card,0
4656,13,59.772897562272234,1094.5940146796281,Female,0,Yes,No,Yes,Yes,DSL,No,No,Yes,No internet service,No internet service,No internet service,Two year,Yes,Credit card,0
4657,35,62.81135697472417,3677.0144298932046,Female,0,No,No,No,No,No,No,No,Yes,No,Yes,No,Two year,Yes,Mailed check,0
4658,5,108.02479944755636,4172.330784159609,Female,0,No,No,No,Yes,DSL,Yes,No,Yes,No internet service,Yes,No,Two year,No,Mailed check,1
4659,29,116.09041541289595,1153.737498988435,Female,0,Yes,Yes,No,No,No,Yes,No internet service,No,Yes,No,No internet service,One year,Yes,Electronic check,0
4660,70,109.3001362396497,7837.226269103292,Male,0,No,No,Yes,Yes,No,No internet service,Yes,No internet service,No internet service,No,No,Two year,Yes,Mailed check,0
4661,25,91.91780240519796,2136.350506211563,Male,0,Yes,No,No,No,No,No internet service,No internet service,Yes,Yes,No internet service,Yes,Two year,No,Bank transfer,1
4662,22,78.49927336058218,3724.846582861987,Female,0,No,Yes,No,Yes,Fiber optic,Yes,No internet service,Yes,No,Yes,No internet service,Two year,Yes,Electronic check,0
4663,66,88.9261635465955,1808.5295050550733,Female,0,Yes,No,No,No,No,No internet service,No internet service,No,No,Yes,No internet service,Month-to-month,Yes,Electronic check,1
4664,45,113.91092207326889,4001.98889905141,Male,0,No,Yes,Yes,No,Fiber optic,No,No,Yes,Yes,Yes,Yes,One year,Yes,Mailed check,1
4665,69,44.999873522383176,6072.5310014749375,Male,0,No,No,No,Yes,DSL,Yes,No internet service,No internet service,Yes,No internet service,No,Two year,Yes,Credit card,0
4666,1,73.5120507673405,4216.705912926512,Female,0,Yes,Yes,Yes,No,Fiber optic,No internet service,No,No internet service,No internet service,No internet service,Yes,One year,Yes,Electronic check,1
4667,44,88.96080190004079,2356.626078672636,Female,0,Yes,No,No,No phone service,No,No internet service,No,Yes,Yes,Yes,No internet service,One year,No,Electronic check,1
4668,39,87.92470013242746,2062.333208998111,Male,0,Yes,No,No,Yes,DSL,No internet service,Yes,No internet service,No,Yes,Yes,One year,Yes,Credit card,0
4669,54,45.22789595768364,6095.581809193722,Female,0,Yes,Yes,No,No,No,Yes,Yes,Yes,No,No internet service,No,Month-to-month,No,Credit card,1
4670,29,78.67315273897519,1034.08158823748,Female,0,Yes,Yes,No,Yes,No,Yes,No internet service,Yes,No internet service,No internet service,No,Month-to-month,No,Electronic check,1
4671,54,99.59131424201564,3022.735305806369,Male,1,No,Yes,No,Yes,DSL,Yes,No,No internet service,Yes,No,No internet service,Two year,No,Mailed check,1
4672,16,67.50789800502439,1296.7134615656944,Male,0,Yes,No,No,No,No,No,No,No internet service,Yes,No,No internet service,One year,Yes,Electronic check,0
4673,20,99.3298076698735,2138.0090514264075,Male,0,No,No,Yes,No phone service,Fiber optic,No internet service,Yes,No,No internet service,No,Yes,Month-to-month,No,Electronic check,1
4674,46,55.988259775455475,1306.1975366311224,Male,0,Yes,No,Yes,Yes,DSL,No internet service,No,No,No,Yes,No,One year,Yes,Electronic check,0
4675,67,113.8760127163759,7105.502817485171,Female,0,Yes,No,Yes,No phone service,DSL,No,No internet service,Yes,Yes,Yes,Yes,Two year,No,Mailed check,1
4676,65,73.39284404991011,5882.043172202952,Female,0,No,No,No,No phone service,DSL,Yes,No,No internet service,No internet service,Yes,No internet service,One year,Yes,Credit card,1
4677,58,79.59479507926143,4531.325243749665,Female,1,No,Yes,Yes,No,No,Yes,No internet service,Yes,No internet service,No internet service,Yes,Month-to-month,Yes,Electronic check,1
4678,53,23.13615688045884,1872.9592577147114,Female,0,No,No,No,No,No,Yes,Yes,No,No internet service,No,No,One year,No,Credit card,0
4679,1,37.026913712859425,4130.79193487364,Male,1,No,Yes,Yes,Yes,DSL,No,Yes,Yes,No internet service,No internet service,No internet service,Two year,Yes,Electronic check,1
4680,66,83.29338804710447,4214.582330935822,Male,0,Yes,Yes,No,No,Fiber optic,No internet service,No,No internet service,Yes,No internet service,Yes,Two year,No,Mailed check,1
4681,29,61.987037178227126,4764.189432665859,Female,0,No,No,Yes,Yes,No,No,No,No internet service,No internet service,No internet service,Yes,Month-to-month,No,Electronic check,0
4682,70,70.81637904581747,574.6727420595785,Female,0,Yes,No,No,Yes,No,No internet service,Yes,No,Yes,Yes,No,One year,No,Electronic check,0
4683,8,26.297140873370044,7785.92557245398,Female,0,Yes,Yes,No,No phone service,No,No internet service,No internet service,Yes,No,Yes,No,Month-to-month,No,Credit card,1
4684,29,103.41352384103843,3776.9678677425527,Male,0,Yes,No,Yes,No,Fiber optic,No internet service,No internet service,Yes,No internet service,No internet service,Yes,Month-to-month,No,Electronic check,1
4685,51,98.45056022962173,7419.601015382916,Male,0,No,Yes,No,No,No,No,No internet service,No internet service,No internet service,No,No,Month-to-month,No,Electronic check,1
4686,33,38.53539757218495,177.4841062404132,Male,0,No,No,Yes,Yes,No,Yes,Yes,No,No,Yes,No internet service,Month-to-month,No,Electronic check,0
4687,3,83.43293572573793,2055.7113255189406,Female,0,No,Yes,Yes,No phone service,Fiber optic,Yes,Yes,No internet service,No internet service,Yes,Yes,Month-to-month,Yes,Credit card,0
4688,60,101.83152116542716,921.5650054753514,Female,0,No,No,Yes,No,Fiber optic,No,Yes,No internet service,Yes,No internet service,Yes,Month-to-month,No,Bank transfer,1
4689,35,84.08541364156,6179.967801102695,Female,0,No,No,Yes,No phone service,No,No internet service,No,No,No,Yes,No internet service,One year,No,Credit card,0
4690,69,51.03980952958449,2628.9878917982187,Male,1,No,No,No,No phone service,DSL,No,Yes,No internet service,No,No,No,Month-to-month,No,Electronic check,1
4691,20,85.61111504781671,6739.890816484401,Female,0,Yes,Yes,Yes,Yes,DSL,Yes,No internet service,Yes,Yes,No internet service,No internet service,Month-to-month,No,Bank transfer,1
4692,39,41.04617476832122,6675.84438915527,Male,0,No,No,No,No,Fiber optic,No,No internet service,Yes,Yes,Yes,No internet service,One year,No,Credit card,1
4693,4,51.82549972794209,5375.5788631719015,Female,0,Yes,Yes,No,No,No,No internet service,Yes,Yes,No,No internet service,Yes,Two year,Yes,Credit card,0
4694,19,44.00696531071787,5359.676247997419,Female,0,Yes,No,No,No,Fiber optic,Yes,Yes,No internet service,No internet service,No internet service,No internet service,One year,No,Bank transfer,1
4695,45,75.69251023902066,5631.261567377766,Male,0,No,No,Yes,No phone service,Fiber optic,No internet service,No internet service,No,Yes,No,No,One year,Yes,Bank transfer,0
4696,43,30.82266467655486,5422.7342935752185,Male,0,No,Yes,No,No,DSL,No,Yes,No,Yes,No,Yes,Two year,No,Bank transfer,1
4697,13,113.33103803483387,3156.5760257063575,Female,0,No,Yes,No,Yes,Fiber optic,No internet service,No,No,Yes,Yes,No,One year,No,Bank transfer,0
4698,13,53.35123536628668,5494.338392091513,Male,0,No,Yes,Yes,No phone service,Fiber optic,No,Yes,No,No,No internet service,No internet service,Two year,Yes,Mailed check,1
4699,60,41.89701271058013,7189.5150566196335,Male,0,Yes,No,No,No,No,Yes,No internet service,No,No internet service,Yes,No internet service,Month-to-month,Yes,Mailed check,0
4700,57,69.65498136018313,2727.330585825327,Male,1,No,No,No,No phone service,No,Yes,No internet service,No internet service,Yes,Yes,No,One year,No,Mailed check,0
4701,52,47.699781845471605,7564.623307098133,Male,1,No,No,No,No phone service,Fiber optic,Yes,Yes,No,No,Yes,Yes,Two year,No,Bank transfer,1
4702,53,73.49040863826443,207.29454440028087,Male,1,Yes,No,No,No phone service,Fiber optic,No internet service,No internet service,Yes,No,No,No internet service,Month-to-month,Yes,Electronic check,1
4703,43,54.85091497820855,2857.7520522953737,Female,0,Yes,No,No,Yes,No,No,Yes,No internet service,No internet service,No internet service,No internet service,Two year,No,Electronic check,0
4704,42,33.20668107690408,1143.5773736570477,Female,0,No,No,Yes,No,DSL,No,No internet service,Yes,No,No internet service,No internet service,Two year,Yes,Electronic check,0
4705,26,46.589524202726196,1100.296649455687,Female,0,Yes,No,Yes,No,No,No,No internet service,No,No,No,Yes,Two year,No,Credit card,0
4706,23,63.84398449615252,6541.8930026913895,Female,0,No,Yes,Yes,No phone service,No,No internet service,No internet service,No,Yes,No,Yes,One year,Yes,Electronic check,0
4707,43,23.029322647962562,7355.1096865259715,Male,0,No,No,Yes,No,No,No,Yes,Yes,Yes,Yes,No internet service,Month-to-month,No,Mailed check,1
4708,28,97.06425270147619,6244.290208440586,Female,0,Yes,Yes,Yes,No phone service,No,Yes,Yes,Yes,Yes,Yes,Yes,Two year,No,Bank transfer,1
4709,9,82.18245645904159,7815.264180041223,Male,1,Yes,No,No,No phone service,No,No,Yes,No internet service,No,No,No,Month-to-month,Yes,Credit card,0
4710,20,80.13596072783542,1808.9988643135387,Female,0,No,Yes,Yes,No phone service,DSL,No internet service,No,No,No internet service,No,No internet service,Two year,Yes,Mailed check,0
4711,56,74.6049931882766,1212.3193064565546,Female,0,No,Yes,No,Yes,No,Yes,No,No,No internet service,No internet service,No,Two year,No,Electronic check,0
4712,39,79.03131723250685,4213.5598781129465,Male,0,No,Yes,No,No,No,Yes,No,No,No internet service,No internet service,Yes,One year,Yes,Bank transfer,0
4713,51,113.46519527072206,6649.397156466682,Female,0,Yes,No,Yes,No phone service,DSL,No internet service,No internet service,Yes,No,No internet service,Yes,Month-to-month,No,Electronic check,1
4714,12,20.85692108107407,414.72881762067163,Female,0,Yes,Yes,Yes,No,Fiber optic,Yes,No internet service,No,Yes,No,No,Two year,Yes,Mailed check,1
4715,55,24.77997096577493,7964.9687218990675,Female,0,No,Yes,No,Yes,DSL,No,Yes,No internet service,No,Yes,Yes,Two year,Yes,Mailed check,0
4716,11,39.14934099308023,4857.7428407220505,Female,0,No,Yes,No,Yes,No,No internet service,No internet service,No internet service,Yes,No internet service,No internet service,Month-to-month,No,Mailed check,1
4717,26,36.730137999315005,7833.640316232882,Female,0,Yes,Yes,Yes,No phone service,Fiber optic,No,No,Yes,No,No,No,Two year,Yes,Electronic check,1
4718,42,38.11944594691826,2984.144902546838,Female,0,No,No,Yes,Yes,DSL,No internet service,No,Yes,No,No,No,One year,No,Bank transfer,0
4719,27,87.19438858486501,3718.3881822153553,Female,0,Yes,No,No,Yes,Fiber optic,No internet service,Yes,No internet service,No internet service,Yes,No internet service,One year,No,Bank transfer,0
4720,11,65.94833010501654,6043.655394939397,Male,0,No,No,No,Yes,DSL,No internet service,No internet service,Yes,No,No internet service,Yes,One year,Yes,Credit card,0
4721,38,119.17788783346931,6362.333559434417,Female,0,Yes,No,Yes,Yes,DSL,No,No internet service,Yes,No internet service,No internet service,No,Two year,No,Credit card,1
4722,43,42.688591480294484,1940.9611214668982,Female,0,No,Yes,Yes,Yes,Fiber optic,No internet service,No,No,No,No,No,One year,Yes,Credit card,0
4723,19,51.08301010274947,7445.42858183101,Female,0,No,No,Yes,Yes,Fiber optic,Yes,Yes,No internet service,No internet service,No internet service,No internet service,Two year,No,Mailed check,1
4724,64,118.4240716801649,6952.642662494356,Female,0,No,Yes,No,No,Fiber optic,No,No,No,No,Yes,Yes,One year,Yes,Bank transfer,1
4725,6,103.1758140802247,243.82189451526867,Female,0,Yes,No,No,Yes,Fiber optic,No internet service,No internet service,No internet service,No,No internet service,No,Month-to-month,Yes,Electronic check,1
4726,46,66.97992206785327,1115.6880362559464,Female,1,No,Yes,No,No,No,No internet service,No,No,Yes,Yes,Yes,One year,Yes,Bank transfer,0
4727,42,75.45968855459898,4019.1671406158325,Male,0,No,Yes,No,No phone service,DSL,No,No,No internet service,Yes,No,No,Month-to-month,No,Electronic check,1
4728,65,104.31779206528405,3741.548561494143,Female,0,No,Yes,Yes,Yes,No,Yes,No internet service,No internet service,Yes,Yes,Yes,One year,Yes,Credit card,1
4729,59,68.0980246046328,5696.2877547752,Female,0,No,Yes,Yes,Yes,DSL,Yes,No internet service,No internet service,No,Yes,No,Two year,Yes,Mailed check,0
4730,52,40.60237235820843,808.7198708189688,Male,0,No,No,No,No,No,No internet service,No internet service,Yes,Yes,Yes,Yes,Month-to-month,No,Mailed check,1
4731,47,102.84445385543854,5194.3569229073,Male,0,No,No,No,Yes,No,No internet service,No,No,Yes,Yes,Yes,Month-to-month,Yes,Credit card,0
4732,7,73.77724912756435,4969.322455963201,Female,0,Yes,Yes,Yes,No,DSL,Yes,No,Yes,No,No,No,Two year,No,Mailed check,0
4733,11,35.30425971638213,1945.5948279765505,Female,0,Yes,Yes,No,No,No,No internet service,No,Yes,No,Yes,Yes,Month-to-month,Yes,Credit card,1
4734,61,70.55858311843976,4384.9123177203555,Female,0,No,No,Yes,Yes,Fiber optic,Yes,Yes,No internet service,Yes,No,Yes,Month-to-month,No,Bank transfer,1
4735,68,61.32033805968588,1855.4369352682575,Male,0,No,No,Yes,No phone service,Fiber optic,Yes,Yes,No internet service,Yes,No internet service,No internet service,Two year,Yes,Electronic check,1
4736,25,107.6842531881758,1260.69191409479,Male,0,Yes,No,No,No phone service,No,Yes,No internet service,Yes,No,No internet service,No internet service,Month-to-month,No,Mailed check,1
4737,12,32.60554313607034,4627.765983767157,Female,0,Yes,Yes,No,No phone service,No,Yes,Yes,Yes,No,No internet service,No internet service,Month-to-month,Yes,Credit card,1
4738,26,107.52098044480256,7822.046798574505,Female,0,No,Yes,Yes,No,DSL,No internet service,No internet service,Yes,No internet service,No internet service,No internet service,Two year,Yes,Electronic check,0
4739,12,71.22110168102847,1971.7734584567856,Male,0,Yes,Yes,Yes,No,DSL,No,No,No internet service,No internet service,No,Yes,Month-to-month,Yes,Credit card,1
4740,43,60.436442998114764,2907.1555799057,Male,1,No,Yes,No,Yes,No,No,No internet service,No internet service,No,No,No,Two year,Yes,Mailed check,0
4741,51,36.196718440294035,2126.9284853213694,Male,0,No,No,No,No,DSL,Yes,No,No internet service,No,No internet service,No,Month-to-month,Yes,Electronic check,1
4742,37,90.08179626386793,2205.0325910073084,Male,0,Yes,Yes,No,No phone service,Fiber optic,No internet service,No internet service,No,Yes,Yes,No internet service,Two year,No,Mailed check,0
4743,46,112.68067091100404,3293.117860074777,Female,0,No,No,Yes,Yes,Fiber optic,No,Yes,Yes,No internet service,No internet service,No,One year,No,Electronic check,1
4744,53,57.53773538993198,5644.658534139899,Male,0,No,Yes,No,No phone service,Fiber optic,No,No,Yes,Yes,No internet service,No,Month-to-month,No,Electronic check,1
4745,13,44.158500067083345,406.55573984446664,Male,0,No,No,Yes,Yes,DSL,Yes,No,No,No internet service,No internet service,Yes,Month-to-month,Yes,Credit card,1
4746,54,75.4866916999157,7661.281145915926,Female,0,No,Yes,Yes,No phone service,DSL,Yes,No,Yes,Yes,No,Yes,One year,No,Electronic check,0
4747,57,99.61859484338703,465.61104796505526,Male,0,Yes,No,No,Yes,DSL,No internet service,Yes,Yes,No internet service,No internet service,No,One year,No,Bank transfer,0
4748,4,20.376769455053307,7061.900137362021,Female,0,Yes,No,Yes,No phone service,DSL,No,Yes,Yes,No,No internet service,Yes,Two year,No,Mailed check,1
4749,49,83.13774363954292,7165.586980219791,Male,0,Yes,Yes,No,No,No,Yes,Yes,No,No,No internet service,No internet service,Month-to-month,Yes,Credit card,1
4750,7,79.6516000698631,4243.464581973034,Female,1,No,No,No,No phone service,No,Yes,No,No,No,No,No internet service,Month-to-month,No,Electronic check,1
4751,11,51.815218580416,1182.2749460898428,Male,1,Yes,No,No,Yes,No,No internet service,No internet service,Yes,Yes,No internet service,No,Two year,No,Bank transfer,0
4752,54,65.14230036049703,4564.653167399856,Female,0,Yes,No,No,No phone service,No,Yes,No internet service,No internet service,No internet service,No internet service,No,One year,No,Bank transfer,0
4753,45,44.69632241618209,5066.194063232513,Female,0,Yes,Yes,No,No,Fiber optic,Yes,Yes,Yes,Yes,Yes,No internet service,Month-to-month,Yes,Bank transfer,0
4754,23,98.98857379518428,6876.2957666761795,Male,1,No,Yes,Yes,Yes,DSL,Yes,No internet service,Yes,No,No internet service,No,One year,Yes,Credit card,1
4755,28,83.45349333661076,4452.073468579601,Female,0,No,Yes,No,No,Fiber optic,Yes,No,No internet service,No internet service,No,No,Two year,No,Electronic check,0
4756,57,73.27116220389853,3344.604227636372,Female,0,No,Yes,Yes,No phone service,DSL,Yes,No,Yes,No internet service,Yes,Yes,Month-to-month,No,Electronic check,1
4757,26,59.25261984178272,6722.5004314475,Male,0,No,No,No,Yes,No,No internet service,Yes,Yes,Yes,No internet service,Yes,Two year,No,Bank transfer,1
4758,25,49.138438602073215,7849.519199085689,Female,0,No,No,No,No phone service,Fiber optic,Yes,Yes,No,No,No,No internet service,Two year,Yes,Credit card,0
4759,54,102.27364860434314,5196.315320747673,Female,0,Yes,Yes,No,Yes,DSL,No,No internet service,Yes,Yes,Yes,No internet service,Month-to-month,Yes,Mailed check,1
4760,29,65.1407670433569,7007.657594692196,Male,1,Yes,No,No,No,No,Yes,No internet service,No internet service,Yes,No,No internet service,One year,Yes,Electronic check,0
4761,36,70.14474198416727,4830.007391349607,Male,0,Yes,Yes,Yes,No,DSL,Yes,No internet service,No,No,Yes,No internet service,One year,No,Electronic check,0
4762,14,72.08287305407416,5549.3251321414145,Female,0,No,Yes,No,No,DSL,No,Yes,No,No,No,No internet service,Two year,Yes,Mailed check,0
4763,35,64.83669354315765,5536.520228636458,Female,0,Yes,No,No,No phone service,No,No,Yes,No internet service,Yes,Yes,Yes,Two year,Yes,Electronic check,0
4764,30,45.60884262384238,5667.817196038096,Female,0,Yes,Yes,No,Yes,Fiber optic,Yes,Yes,No internet service,No internet service,No internet service,No,One year,Yes,Mailed check,0
4765,17,32.0340440243052,2636.0062070362055,Female,1,No,No,Yes,No,DSL,No internet service,No,No,No,No internet service,No internet service,Two year,No,Mailed check,0
4766,67,29.85372671677407,4647.725030546528,Female,0,No,Yes,No,No phone service,No,No,No internet service,Yes,No,No internet service,No internet service,Two year,Yes,Electronic check,0
4767,30,95.74625233406887,4793.671113392984,Male,0,No,Yes,Yes,No phone service,DSL,No internet service,Yes,Yes,No,No internet service,Yes,Month-to-month,No,Bank transfer,1
4768,45,42.352782230151135,2589.0658510345324,Female,0,No,Yes,No,Yes,DSL,Yes,Yes,No,No,Yes,Yes,Two year,No,Electronic check,1
4769,51,25.56728149539756,2863.8337048589433,Male,0,Yes,No,No,No,DSL,Yes,Yes,Yes,No internet service,Yes,Yes,Two year,Yes,Bank transfer,0
4770,47,99.7517406695886,6121.749443632047,Male,0,No,Yes,No,No phone service,Fiber optic,No,No internet service,No,No internet service,Yes,Yes,Month-to-month,Yes,Electronic check,1
4771,53,35.4061652860648,4703.518340876268,Male,0,No,No,No,No,Fiber optic,No,No internet service,No internet service,Yes,Yes,No,One year,No,Credit card,0
4772,64,82.5146091733354,1278.7680689090319,Male,0,No,Yes,No,Yes,Fiber optic,No internet service,No,Yes,Yes,Yes,No,Month-to-month,No,Bank transfer,1
4773,38,53.86432714478632,6717.332210594691,Female,0,Yes,Yes,No,No,Fiber optic,Yes,No,Yes,No,Yes,Yes,One year,Yes,Mailed check,1
4774,64,32.648025669130945,7076.602867887126,Female,0,Yes,No,No,No,No,No,No,No,Yes,No internet service,Yes,Month-to-month,Yes,Bank transfer,1
4775,7,61.44809792543599,3782.515068866732,Female,0,Yes,No,Yes,No phone service,Fiber optic,No,No,No,No internet service,Yes,No internet service,Two year,No,Bank transfer,0
4776,22,21.480886113262514,1750.3687129811228,Male,0,Yes,No,No,No phone service,DSL,No,Yes,Yes,No,No,No,One year,Yes,Electronic check,1
4777,41,104.10449825125603,7586.091313698752,Male,0,Yes,No,No,Yes,No,No internet service,No,Yes,No,No,No internet service,Month-to-month,No,Credit card,1
4778,10,71.34979613418572,7069.929559704653,Female,1,No,No,Yes,Yes,DSL,Yes,Yes,Yes,No,No,Yes,Month-to-month,No,Mailed check,1
4779,57,33.916001090796186,2030.6157961005242,Male,1,No,No,No,Yes,Fiber optic,No,Yes,No internet service,Yes,Yes,No internet service,One year,No,Credit card,0
4780,7,43.69803183889847,855.1905167913095,Female,0,No,Yes,No,No phone service,DSL,No,No internet service,Yes,No,No internet service,Yes,One year,Yes,Bank transfer,1
4781,50,64.79751921385267,3581.1634996379435,Male,0,Yes,No,Yes,Yes,DSL,No,Yes,Yes,No,No,No,One year,Yes,Credit card,0
4782,52,38.88693828155486,5443.536193300542,Male,0,No,Yes,No,Yes,DSL,Yes,No internet service,No,No internet service,Yes,No internet service,One year,No,Credit card,1
4783,33,46.85991615010859,1485.569823237558,Male,0,Yes,Yes,No,No phone service,DSL,No internet service,No,No internet service,No,Yes,No internet service,Month-to-month,No,Credit card,0
4784,1,73.43855642352631,4154.380001610809,Male,0,Yes,Yes,Yes,Yes,Fiber optic,No internet service,No,No,Yes,No internet service,No internet service,One year,Yes,Bank transfer,0
4785,53,103.26090130383855,3460.7824047528816,Male,0,No,No,Yes,No phone service,DSL,Yes,No internet service,Yes,No,Yes,No,One year,No,Credit card,0
4786,60,60.18396856899208,7135.3540752787785,Male,1,No,Yes,No,Yes,DSL,No internet service,No internet service,No internet service,Yes,Yes,No,One year,No,Credit card,1
4787,34,91.69752735535482,3493.576399176316,Male,0,No,Yes,Yes,No phone service,DSL,No internet service,No,Yes,No internet service,No,No internet service,Two year,No,Electronic check,1
4788,4,107.66842134606485,4316.833510506797,Female,0,No,Yes,Yes,No,DSL,No,Yes,No internet service,No internet service,No,No internet service,One year,No,Mailed check,1
4789,17,41.6300940296162,7646.760948414396,Female,0,Yes,No,Yes,No phone service,Fiber optic,No internet service,Yes,No internet service,No,No,No internet service,Two year,Yes,Bank transfer,1
4790,4,100.719197040216,2467.56495040906,Male,0,Yes,Yes,No,No phone service,DSL,No,No internet service,No internet service,No internet service,No,Yes,One year,No,Credit card,1
4791,43,95.74021983310274,2383.0283623413366,Male,0,Yes,No,No,No phone service,No,No internet service,Yes,No internet service,No,No,Yes,One year,Yes,Credit card,0
4792,4,55.6937297948135,6416.801131542137,Female,1,No,Yes,Yes,Yes,No,No,Yes,No internet service,No internet service,Yes,Yes,Month-to-month,Yes,Electronic check,0
4793,1,118.95199595008671,2292.5579905373525,Male,0,Yes,No,Yes,No phone service,DSL,Yes,No,No internet service,No internet service,Yes,No,Month-to-month,No,Mailed check,0
4794,71,46.2572371435957,6671.740373578319,Female,0,No,No,Yes,No phone service,DSL,Yes,No internet service,No,Yes,No internet service,No internet service,Month-to-month,No,Bank transfer,0
4795,50,45.48032660316956,854.7313139569951,Female,0,Yes,Yes,Yes,Yes,Fiber optic,No internet service,No,No,Yes,No,Yes,Month-to-month,Yes,Credit card,1
4796,61,97.22591646531978,978.9638537448004,Female,1,No,Yes,No,No,No,No,Yes,Yes,No,No,No internet service,One year,Yes,Bank transfer,0
4797,35,63.46573180510842,7220.4546558858965,Female,0,Yes,No,No,No phone service,Fiber optic,Yes,Yes,No internet service,No,No,No,Two year,No,Credit card,1
4798,8,53.079499478104324,4372.417031611239,Female,0,No,No,No,Yes,DSL,Yes,No,No internet service,Yes,No,Yes,One year,No,Credit card,1
4799,24,37.8662805339103,5778.632706884486,Male,0,No,No,No,No,No,No internet service,Yes,No,No internet service,No,No internet service,One year,No,Bank transfer,0
4800,36,96.5332430934544,1879.7822457141,Male,0,Yes,Yes,Yes,No phone service,No,No,Yes,Yes,No,Yes,No,One year,No,Bank transfer,0
4801,50,98.6321806136077,1413.5675102186556,Female,0,No,Yes,No,No,Fiber optic,No,No,Yes,No internet service,Yes,No,Month-to-month,Yes,Credit card,1
4802,43,76.65640032301405,6696.138671637857,Male,0,Yes,Yes,Yes,No phone service,DSL,Yes,Yes,No,Yes,No,Yes,One year,Yes,Bank transfer,0
4803,27,115.73136131913729,2933.1249154836655,Female,0,No,Yes,Yes,No phone service,No,No internet service,No,No,No internet service,Yes,No,One year,Yes,Mailed check,0
4804,32,51.81632704226543,3694.7576910637563,Male,1,Yes,Yes,Yes,No,Fiber optic,Yes,No internet service,No internet service,No internet service,No,No,Two year,No,Bank transfer,0
4805,18,41.96190454793372,320.97798847533596,Male,0,No,No,Yes,No,No,Yes,Yes,No,No,No internet service,Yes,Month-to-month,Yes,Bank transfer,1
4806,28,87.74667689344619,3148.457800124435,Male,0,Yes,No,No,No,DSL,No internet service,Yes,No internet service,No internet service,No,No internet service,Two year,Yes,Bank transfer,0
4807,29,95.84086407997047,6186.45868418733,Male,0,Yes,No,Yes,No phone service,DSL,No internet service,No,Yes,Yes,No internet service,No,Two year,No,Bank transfer,0
4808,16,42.490597055182235,6588.073900560738,Male,0,Yes,No,Yes,No phone service,DSL,No internet service,No internet service,No internet service,No internet service,No internet service,No internet service,One year,Yes,Credit card,1
4809,47,27.661076426111322,5620.162832172081,Male,0,Yes,No,Yes,Yes,Fiber optic,No,Yes,No,Yes,No,No internet service,Two year,Yes,Electronic check,0
4810,59,101.0516486586372,5568.219894995564,Male,0,No,No,Yes,Yes,DSL,No internet service,Yes,No internet service,Yes,No,No internet service,Two year,No,Credit card,0
4811,31,117.65019736460124,4099.290206117547,Male,0,No,Yes,No,Yes,Fiber optic,No internet service,No internet service,No internet service,No,No,Yes,One year,Yes,Credit card,1
4812,4,84.46722860722844,4352.801701152602,Female,0,Yes,No,Yes,No phone service,No,Yes,Yes,No,Yes,No,No,Month-to-month,Yes,Mailed check,1
4813,37,47.786690014389414,5966.790799823833,Female,0,Yes,Yes,No,No,DSL,No internet service,No,No internet service,Yes,Yes,Yes,One year,No,Credit card,1
4814,17,119.66726085527921,2053.6842107390103,Male,0,No,Yes,Yes,Yes,Fiber optic,No internet service,No internet service,Yes,No,Yes,No internet service,Month-to-month,No,Credit card,1
4815,39,109.32666362670774,1928.9848391438425,Male,0,Yes,Yes,No,No phone service,Fiber optic,Yes,No internet service,No internet service,No,No internet service,No,Two year,Yes,Mailed check,0
4816,48,71.33806462802939,7604.406108921032,Male,0,Yes,Yes,Yes,No,Fiber optic,No,Yes,No,No,No,No internet service,Month-to-month,No,Mailed check,0
4817,46,102.53212848418337,318.75010539432543,Female,0,Yes,No,Yes,Yes,DSL,No internet service,No internet service,No,Yes,Yes,No internet service,One year,No,Bank transfer,0
4818,48,101.58205232629669,1201.777162954934,Male,0,No,No,No,No,Fiber optic,Yes,No internet service,No,No,Yes,Yes,Month-to-month,Yes,Credit card,1
4819,39,113.47989696734996,4605.6261669898595,Male,0,Yes,Yes,No,No,DSL,No,No internet service,No internet service,Yes,Yes,Yes,One year,Yes,Mailed check,0
4820,4,104.09238437734601,5928.895225716953,Female,0,No,Yes,No,Yes,DSL,No,Yes,Yes,Yes,No internet service,No,One year,Yes,Credit card,1
4821,30,84.36792359571645,4349.339555581593,Female,1,No,No,Yes,Yes,No,No internet service,No internet service,No,Yes,Yes,No,One year,No,Credit card,0
4822,30,80.93037189565074,2905.005569702585,Female,0,No,No,No,No phone service,No,No,Yes,No,No,No,No internet service,Month-to-month,Yes,Credit card,1
4823,22,66.73572883316118,7826.011342888444,Male,1,Yes,No,No,No,DSL,No internet service,No internet service,Yes,Yes,Yes,No internet service,Two year,No,Bank transfer,0
4824,66,82.64856399707574,5660.436212549482,Female,0,Yes,Yes,Yes,Yes,No,No,No,No,Yes,No,No internet service,Two year,No,Bank transfer,0
4825,12,99.52165865303827,6667.987644429924,Male,0,Yes,No,No,Yes,Fiber optic,No,No internet service,No internet service,No,Yes,Yes,Two year,No,Credit card,0
4826,36,116.90376263025533,417.950306086812,Female,0,No,No,Yes,No,DSL,No,No internet service,No,No,No,No,Month-to-month,No,Electronic check,0
4827,18,66.72873581821202,1963.768872739731,Male,0,Yes,Yes,Yes,No,No,No internet service,No internet service,No,Yes,No internet service,Yes,Month-to-month,Yes,Credit card,0
4828,53,77.3653202988757,3055.9516393734825,Male,0,Yes,Yes,No,No,Fiber optic,No,No,No internet service,Yes,Yes,Yes,Month-to-month,Yes,Bank transfer,0
4829,71,64.48054950587817,1542.5510448499965,Male,0,No,No,Yes,Yes,DSL,Yes,No internet service,Yes,Yes,Yes,No internet service,Month-to-month,No,Mailed check,0
4830,1,86.8488620983404,675.9042544022628,Female,0,No,Yes,Yes,Yes,Fiber optic,Yes,No,Yes,No,No internet service,No internet service,One year,No,Credit card,0
4831,58,82.99205040612595,1878.2241502979737,Male,0,No,Yes,Yes,No phone service,DSL,No,No,No,No,No internet service,No internet service,One year,No,Bank transfer,1
4832,6,21.78337901936233,4315.721486772637,Male,0,Yes,Yes,Yes,No,No,No internet service,No,No internet service,No internet service,No internet service,Yes,Two year,No,Mailed check,1
4833,70,74.11615591006584,5596.387462017971,Male,0,Yes,Yes,No,Yes,Fiber optic,Yes,Yes,No internet service,No,No,No internet service,Month-to-month,No,Bank transfer,1
4834,44,28.848689569901403,6214.76529142414,Female,0,Yes,Yes,No,Yes,No,No,Yes,Yes,Yes,No,Yes,Two year,Yes,Electronic check,0
4835,24,22.638361800553835,439.19562345496485,Male,0,No,No,Yes,No,Fiber optic,Yes,No,Yes,No,Yes,Yes,One year,Yes,Bank transfer,1
4836,19,99.11971620846982,3481.09076047947,Male,0,Yes,No,No,Yes,Fiber optic,Yes,Yes,Yes,No,No,Yes,Month-to-month,No,Credit card,1
4837,18,45.86498621593005,1065.4715103244018,Male,0,No,No,Yes,No,Fiber optic,Yes,No,No internet service,No internet service,Yes,No,Two year,Yes,Mailed check,0
4838,30,54.065507728729926,3506.4830529129076,Male,0,Yes,No,No,Yes,Fiber optic,Yes,Yes,No internet service,No internet service,No internet service,Yes,Month-to-month,No,Credit card,1
4839,42,26.40845876040662,3528.409208050331,Female,0,Yes,No,No,No,No,Yes,Yes,No internet service,Yes,Yes,No internet service,Two year,Yes,Credit card,1
4840,33,37.95002604943507,4035.8723250267253,Male,0,Yes,Yes,Yes,No,Fiber optic,No,No internet service,No,No internet service,No internet service,No internet service,Month-to-month,Yes,Electronic check,1
4841,12,96.56048182577923,7153.361947479591,Female,0,Yes,No,Yes,Yes,No,Yes,Yes,No,Yes,No internet service,No,Two year,No,Bank transfer,0
4842,27,69.35308302326209,6460.254470730307,Female,1,Yes,No,Yes,No,Fiber optic,No,Yes,Yes,Yes,Yes,No internet service,Month-to-month,Yes,Electronic check,1
4843,39,108.06684625501484,5130.094676577495,Male,0,No,Yes,Yes,No phone service,DSL,Yes,No internet service,Yes,Yes,No,No internet service,Two year,Yes,Bank transfer,1
4844,9,59.72421314668352,7094.7178511748925,Female,0,No,No,No,No phone service,DSL,No internet service,No,No,Yes,No,No internet service,One year,No,Electronic check,0
4845,21,46.87007357542682,5459.902070386524,Female,0,Yes,No,Yes,No,Fiber optic,No,No internet service,No,No internet service,Yes,No,Two year,Yes,Bank transfer,1
4846,29,54.759981445865094,6568.954190028294,Female,0,Yes,No,No,No phone service,DSL,No internet service,Yes,No,Yes,No,Yes,Two year,No,Mailed check,0
4847,33,91.27717935169045,4553.8485777746,Male,0,No,No,No,Yes,Fiber optic,No internet service,Yes,No,Yes,No internet service,No,One year,No,Credit card,0
4848,62,75.5005672334486,4249.224187884115,Female,0,Yes,Yes,Yes,Yes,No,Yes,No,Yes,No,No internet service,No,One year,No,Bank transfer,0
4849,15,110.41912075524279,5820.36821790184,Female,0,No,Yes,No,No,DSL,Yes,Yes,No,Yes,No,No internet service,Two year,Yes,Mailed check,0
4850,2,80.21687693888833,255.54556460843352,Male,0,Yes,Yes,Yes,Yes,Fiber optic,Yes,No internet service,No,No,No,No internet service,Month-to-month,No,Bank transfer,1
4851,52,69.30182084815031,5553.982815888246,Male,0,Yes,Yes,Yes,Yes,Fiber optic,Yes,No,No internet service,No internet service,No internet service,No,One year,No,Bank transfer,1
4852,44,98.57527238867328,7482.693925394481,Female,0,No,No,No,No phone service,No,Yes,No internet service,Yes,No,Yes,Yes,Month-to-month,No,Credit card,0
4853,54,114.75338507334452,5740.1424306313575,Female,0,No,No,Yes,Yes,No,No internet service,Yes,Yes,No internet service,No,No,One year,No,Credit card,1
4854,18,55.58459112449705,390.67042194802616,Female,0,Yes,No,Yes,Yes,Fiber optic,No internet service,No,No internet service,No internet service,No,Yes,Two year,No,Mailed check,0
4855,3,44.98762101654776,3085.2965621045187,Male,0,No,No,Yes,No phone service,Fiber optic,Yes,Yes,Yes,No,Yes,No internet service,Two year,Yes,Credit card,0
4856,7,81.62173962941392,6495.69228794316,Female,0,No,No,No,No,Fiber optic,Yes,Yes,Yes,No internet service,No internet service,No,One year,No,Credit card,1
4857,43,69.8872821153881,7673.007545350918,Male,0,Yes,No,No,No,Fiber optic,No,No internet service,No,No internet service,Yes,Yes,Two year,No,Mailed check,1
4858,38,118.91855748647835,3024.2905095273804,Female,0,Yes,No,Yes,No phone service,Fiber optic,No,Yes,No,No internet service,Yes,No,Month-to-month,Yes,Credit card,1
4859,37,66.23617841477333,6745.433041427574,Female,0,Yes,Yes,Yes,No phone service,Fiber optic,No internet service,No internet service,Yes,No,Yes,No,Two year,Yes,Mailed check,0
4860,58,27.433155136034586,6924.098014881953,Male,0,Yes,Yes,No,Yes,No,No internet service,Yes,No internet service,No internet service,No,No internet service,Two year,No,Mailed check,0
4861,33,117.73690607776359,1073.9625546757952,Female,0,No,Yes,No,Yes,DSL,No internet service,No internet service,No internet service,Yes,No internet service,Yes,Two year,No,Credit card,1
4862,59,104.358694559354,6781.72888707763,Male,1,Yes,Yes,Yes,No,Fiber optic,Yes,No internet service,Yes,No,No internet service,Yes,One year,Yes,Bank transfer,1
4863,11,37.82501439579633,2661.574175545059,Female,0,Yes,Yes,No,No,Fiber optic,No internet service,No,Yes,Yes,No,Yes,One year,No,Credit card,1
4864,68,110.46052531128693,4786.578000366797,Male,0,No,Yes,Yes,No phone service,No,No internet service,No,Yes,No,Yes,Yes,Two year,Yes,Credit card,1
4865,68,54.06668208217446,4357.800742915726,Male,0,No,Yes,Yes,Yes,DSL,No internet service,Yes,Yes,Yes,No,Yes,One year,Yes,Bank transfer,1
4866,22,57.71119845344445,5338.125523515353,Female,1,Yes,No,Yes,No phone service,No,No,Yes,No,No internet service,Yes,No internet service,Month-to-month,No,Credit card,1
4867,66,110.63914823621593,5949.670742463369,Male,0,Yes,No,No,No,No,No internet service,No,No,Yes,Yes,No,Month-to-month,Yes,Credit card,0
4868,44,73.01155650353152,3582.9606711867827,Female,0,No,No,No,No,Fiber optic,No internet service,No internet service,Yes,Yes,Yes,No internet service,Month-to-month,No,Bank transfer,1
4869,6,33.77629293985196,7117.655494978146,Male,0,Yes,No,No,No phone service,Fiber optic,No,No internet service,No internet service,Yes,Yes,No,Month-to-month,Yes,Mailed check,1
4870,42,56.9056159341804,6495.037530336334,Male,0,No,Yes,Yes,Yes,No,No internet service,No,No,No,No,Yes,Two year,No,Bank transfer,0
4871,25,92.20974462678808,6304.826631918092,Male,0,No,Yes,No,Yes,Fiber optic,Yes,No,Yes,No internet service,Yes,No internet service,One year,Yes,Bank transfer,0
4872,57,37.41841880680167,3720.150051280905,Female,0,No,Yes,No,No phone service,Fiber optic,No,Yes,No internet service,No internet service,No,No,Month-to-month,Yes,Electronic check,1
4873,55,79.02311974063588,396.82579817242026,Male,0,Yes,Yes,Yes,No,Fiber optic,No internet service,No internet service,No,Yes,Yes,No,Two year,Yes,Electronic check,0
4874,16,89.52741329444169,3988.825610393661,Male,0,Yes,No,No,No phone service,DSL,No,No,No,Yes,No,No,Month-to-month,Yes,Mailed check,1
4875,14,54.385357554257936,7197.719719739045,Male,0,No,No,Yes,No phone service,DSL,No internet service,No internet service,Yes,No,No internet service,Yes,One year,Yes,Credit card,0
4876,39,89.38806887083223,1604.556229299399,Female,0,Yes,No,Yes,Yes,Fiber optic,No internet service,No internet service,No internet service,Yes,No,No internet service,One year,Yes,Mailed check,1
4877,28,108.42073518293186,7862.480528883644,Female,0,No,No,No,No,No,No,No,Yes,Yes,No internet service,No,One year,Yes,Credit card,0
4878,51,67.2116744233241,6480.755898104054,Male,0,Yes,Yes,No,No,DSL,Yes,No internet service,No,Yes,No,Yes,Month-to-month,Yes,Electronic check,1
4879,49,58.290932817978565,5707.655359028312,Male,0,Yes,Yes,Yes,Yes,No,No,Yes,No internet service,No,No internet service,No internet service,Month-to-month,Yes,Bank transfer,0
4880,9,45.11584013582857,5449.563667586334,Female,0,No,No,No,No,Fiber optic,Yes,No,No,Yes,No,No,Month-to-month,Yes,Bank transfer,1
4881,58,80.42054798633042,4737.504467276724,Male,0,Yes,No,No,No,No,Yes,No internet service,Yes,Yes,Yes,Yes,Two year,Yes,Mailed check,1
4882,45,107.9852048038716,5793.295553668143,Male,0,Yes,No,No,Yes,No,No,No,Yes,Yes,No internet service,No,Two year,Yes,Bank transfer,1
4883,22,52.466126718519405,3433.0538941326317,Male,0,Yes,No,Yes,No,DSL,No internet service,No,No,No,Yes,Yes,One year,No,Bank transfer,0
4884,32,59.62355245373035,6777.776053359024,Male,1,No,No,Yes,No,No,Yes,No internet service,Yes,No,No internet service,No internet service,One year,No,Electronic check,1
4885,69,60.66255175499839,5601.133053152718,Male,0,Yes,No,No,No phone service,No,No,Yes,Yes,No internet service,Yes,No,Month-to-month,Yes,Electronic check,0
4886,69,76.08123417775172,6192.899587798438,Male,0,No,Yes,Yes,No,DSL,No internet service,No,No,No,Yes,Yes,One year,Yes,Mailed check,0
4887,42,42.84089615674387,6360.650635111238,Female,0,Yes,Yes,No,No phone service,Fiber optic,No internet service,No internet service,No internet service,No internet service,No,Yes,One year,No,Credit card,0
4888,53,102.22111553077043,827.3533611003301,Male,1,Yes,No,No,No phone service,No,No internet service,No,No,No internet service,Yes,Yes,Two year,Yes,Mailed check,1
4889,59,49.56022775042213,539.5621042331296,Male,0,Yes,Yes,No,No phone service,Fiber optic,No,No,No,Yes,No internet service,No internet service,One year,Yes,Electronic check,0
4890,39,90.5362690896682,6427.788361029413,Female,1,No,Yes,No,Yes,Fiber optic,No,No internet service,No internet service,No internet service,No internet service,Yes,Month-to-month,Yes,Bank transfer,1
4891,15,71.3215741779552,2149.133766202145,Female,0,No,Yes,Yes,Yes,Fiber optic,No internet service,Yes,Yes,Yes,No internet service,No,Two year,No,Credit card,1
4892,71,78.58976033527568,4697.561479343332,Female,0,No,No,No,No,DSL,No internet service,No internet service,No internet service,No,No,No internet service,Month-to-month,Yes,Electronic check,1
4893,29,37.96087388273029,3605.315756229991,Female,0,Yes,Yes,Yes,No phone service,Fiber optic,No internet service,No,No,No,No,No,Month-to-month,No,Electronic check,1
4894,3,93.50231981781705,274.1097089743105,Male,0,Yes,Yes,Yes,No,No,No internet service,Yes,No internet service,No internet service,No internet service,Yes,Two year,Yes,Credit card,0
4895,10,38.86205190426311,418.2219395135447,Female,0,Yes,Yes,No,No,Fiber optic,No,Yes,Yes,Yes,Yes,Yes,Month-to-month,No,Credit card,1
4896,29,31.34736376274391,6634.289414002486,Male,0,No,Yes,No,No,Fiber optic,No internet service,Yes,No internet service,No internet service,No,No,One year,No,Mailed check,1
4897,35,74.66794998887869,4900.652735760918,Female,0,Yes,Yes,Yes,No,Fiber optic,Yes,Yes,No internet service,No internet service,Yes,No,One year,Yes,Credit card,1
4898,6,90.92971369176652,4238.360322021074,Female,1,Yes,Yes,No,No,No,Yes,No,No,No,No,No internet service,Two year,No,Credit card,0
4899,12,25.00358364347567,7560.381459426827,Female,0,No,Yes,No,No phone service,Fiber optic,No,No internet service,No internet service,No internet service,No,Yes,One year,No,Bank transfer,0
4900,38,26.939531494054208,1467.6087048378745,Male,1,Yes,No,Yes,No phone service,Fiber optic,Yes,No internet service,No,Yes,No,No internet service,Month-to-month,Yes,Mailed check,1
4901,19,100.2679162705919,2137.9696333045085,Female,0,No,Yes,Yes,No phone service,Fiber optic,Yes,Yes,Yes,No,No,Yes,Two year,No,Credit card,1
4902,67,100.9032699507332,6078.238718061455,Female,0,Yes,Yes,Yes,No phone service,DSL,Yes,Yes,No internet service,No,No internet service,No,Two year,Yes,Mailed check,1
4903,8,44.53047170590812,6224.358300867642,Female,0,Yes,Yes,No,Yes,No,No,No internet service,No internet service,No internet service,No,No internet service,Month-to-month,Yes,Credit card,0
4904,8,81.52282028002035,3298.6878518693993,Male,0,Yes,No,No,No phone service,DSL,Yes,Yes,No,No internet service,No,Yes,Month-to-month,No,Electronic check,1
4905,47,64.31800751446596,7612.729633685703,Male,0,Yes,Yes,Yes,No phone service,No,No internet service,No internet service,No,No internet service,No internet service,No,Month-to-month,No,Electronic check,0
4906,4,83.2696041403513,7512.211163949848,Female,0,Yes,No,Yes,No phone service,Fiber optic,Yes,No internet service,Yes,Yes,No internet service,No internet service,Two year,No,Mailed check,1
4907,51,106.28792840992251,198.0367489752603,Male,0,No,Yes,No,Yes,No,Yes,Yes,No,No internet service,No internet service,No internet service,Two year,No,Electronic check,0
4908,67,27.985642458225648,1461.3904284917278,Female,0,Yes,No,Yes,No,No,Yes,No internet service,No,Yes,No internet service,No internet service,Month-to-month,Yes,Electronic check,0
4909,45,97.79844259884543,6579.733589302583,Male,0,Yes,No,Yes,Yes,No,No internet service,No internet service,Yes,No internet service,Yes,No,Two year,Yes,Credit card,1
4910,8,69.30291045210393,2748.2118101254655,Female,0,No,No,No,No phone service,No,No,No internet service,No,No internet service,No internet service,No internet service,Month-to-month,Yes,Bank transfer,0
4911,16,76.41269437619965,854.1551617286442,Male,0,No,Yes,Yes,No phone service,DSL,No,Yes,No,No,No internet service,Yes,One year,No,Credit card,0
4912,67,85.39313600171202,6301.49347794631,Female,1,No,No,No,Yes,No,Yes,No,No,No,No internet service,No,Two year,No,Bank transfer,1
4913,9,112.26231491291074,3691.2096940441547,Male,0,Yes,Yes,Yes,No,DSL,No internet service,No,No,Yes,Yes,No internet service,Two year,No,Mailed check,0
4914,60,25.671995355173785,3990.045215051438,Male,1,No,Yes,No,Yes,DSL,Yes,No,Yes,No internet service,No internet service,No,Two year,No,Bank transfer,0
4915,71,22.947635212444766,1572.318171647753,Female,0,No,Yes,No,Yes,Fiber optic,No,No,Yes,Yes,Yes,Yes,Month-to-month,Yes,Mailed check,1
4916,15,37.82617814887735,5321.07092611753,Female,0,No,No,Yes,No phone service,No,No,No,No,No,No,No internet service,Two year,No,Bank transfer,0
4917,71,118.64477260267364,4454.80641316868,Male,0,No,Yes,Yes,Yes,Fiber optic,No internet service,Yes,No internet service,No,Yes,No,Month-to-month,Yes,Electronic check,1
4918,41,91.50763673777757,1732.7162085336988,Female,0,Yes,No,Yes,Yes,No,No internet service,Yes,Yes,No,No internet service,No,Two year,Yes,Electronic check,0
4919,22,81.46411190545018,2788.6189166697336,Female,0,No,Yes,No,Yes,DSL,No,No,No internet service,No,Yes,Yes,Two year,No,Mailed check,0
4920,24,24.70390534147479,4815.346369955759,Female,0,No,Yes,Yes,Yes,DSL,No,No,No,Yes,Yes,Yes,Two year,No,Bank transfer,0
4921,44,107.91102238929648,7406.49081792394,Female,0,Yes,Yes,No,Yes,DSL,No,No internet service,No,No internet service,Yes,No,Two year,Yes,Electronic check,1
4922,1,101.27568532971596,7370.973167539784,Male,1,Yes,Yes,Yes,Yes,No,Yes,No internet service,Yes,Yes,Yes,No internet service,One year,No,Mailed check,1
4923,10,86.48000438670849,2374.4566447401157,Female,0,No,Yes,No,No phone service,No,No,No internet service,No internet service,No internet service,Yes,No internet service,One year,No,Bank transfer,0
4924,56,53.91308154847027,5911.40572430309,Male,0,Yes,Yes,Yes,No phone service,No,No,No,Yes,No,Yes,No,One year,No,Electronic check,1
4925,50,27.05049555682573,6226.600736138094,Male,0,No,Yes,No,No phone service,No,No internet service,No,Yes,Yes,Yes,Yes,Month-to-month,No,Credit card,1
4926,12,78.00384879009225,6489.702489864078,Female,0,Yes,No,No,No phone service,No,No,Yes,Yes,No internet service,Yes,No internet service,One year,Yes,Bank transfer,0
4927,60,91.96945714608376,4609.022049536692,Female,0,Yes,Yes,No,Yes,Fiber optic,No,No internet service,No,No internet service,No,No internet service,Month-to-month,No,Mailed check,1
4928,26,29.424035047724743,183.01318498674362,Male,0,No,Yes,No,Yes,No,No internet service,No internet service,No internet service,No,No,Yes,One year,Yes,Credit card,0
4929,41,83.3767659798496,6117.242655025363,Female,0,Yes,No,No,Yes,Fiber optic,No,Yes,No,No internet service,No internet service,Yes,Month-to-month,Yes,Credit card,1
4930,36,48.63660678871585,942.1198536518654,Female,0,Yes,No,No,Yes,No,No internet service,Yes,No,No internet service,No internet service,Yes,Two year,No,Mailed check,0
4931,23,96.42442212198117,1023.2839511411745,Male,0,No,No,Yes,No phone service,No,No internet service,Yes,No,Yes,No internet service,No,Two year,No,Credit card,1
4932,43,73.9615850601837,4884.4359409046065,Male,1,No,Yes,No,No phone service,No,No internet service,No internet service,Yes,No,No internet service,No,One year,No,Mailed check,0
4933,6,32.903678781043666,7869.812116099883,Male,1,Yes,No,Yes,Yes,No,No internet service,Yes,No,No,No internet service,No,Month-to-month,No,Electronic check,0
4934,69,72.6519447733236,2016.0618387998186,Female,0,Yes,Yes,Yes,Yes,DSL,No internet service,No,No,No internet service,No internet service,Yes,Two year,No,Mailed check,0
4935,43,59.57368633667186,5201.90595240454,Female,0,No,No,Yes,Yes,DSL,No internet service,No,No,No internet service,No,No,Two year,Yes,Credit card,0
4936,25,38.03559682816519,2498.863801327048,Male,0,Yes,Yes,Yes,Yes,Fiber optic,No internet service,No,No,No,No,Yes,One year,No,Credit card,0
4937,18,104.15157240621231,7199.936297523184,Male,0,No,No,Yes,No,Fiber optic,No,Yes,No,No,No,No,Month-to-month,Yes,Bank transfer,1
4938,62,21.10284484991362,4788.783447699526,Female,0,Yes,Yes,Yes,No,No,Yes,No internet service,No,No,Yes,No,Two year,No,Credit card,0
4939,13,51.212827687810595,1739.0708884861199,Female,0,Yes,Yes,Yes,No,No,No,No internet service,No internet service,No internet service,Yes,No internet service,Month-to-month,Yes,Electronic check,0
4940,43,21.259503816942676,2170.8352985188835,Female,1,No,Yes,No,No,No,No internet service,Yes,Yes,No internet service,No internet service,Yes,Month-to-month,Yes,Mailed check,1
4941,28,29.60069465061527,3516.597770303156,Male,0,No,No,Yes,Yes,No,No internet service,Yes,No,No,No,No internet service,Month-to-month,Yes,Mailed check,1
4942,18,49.709621917308105,1064.1441400355202,Female,0,Yes,No,Yes,Yes,DSL,No,No internet service,Yes,No,No internet service,Yes,Month-to-month,Yes,Credit card,1
4943,59,25.427118538937357,721.9936092815051,Female,0,Yes,No,No,Yes,Fiber optic,Yes,No,No internet service,No internet service,No,No,Month-to-month,Yes,Electronic check,0
4944,60,79.66305323571412,5472.485026408854,Male,0,Yes,No,No,No,Fiber optic,No,No,No internet service,No internet service,No,No,One year,No,Mailed check,1
4945,63,28.68629079861828,3316.60399050405,Female,1,Yes,No,Yes,No,Fiber optic,No,No internet service,Yes,No internet service,No internet service,No,One year,No,Bank transfer,0
4946,57,90.17136340660952,5837.183755775189,Male,0,No,Yes,No,Yes,DSL,No,Yes,No internet service,Yes,No internet service,Yes,Two year,No,Electronic check,0
4947,51,25.26421126271611,969.4597834572098,Female,0,Yes,No,Yes,No,No,Yes,No,No,No,Yes,Yes,Month-to-month,No,Bank transfer,0
4948,56,25.93088948010968,4917.937828418656,Male,0,Yes,Yes,No,No phone service,DSL,No internet service,No,No internet service,Yes,No,No,Month-to-month,Yes,Bank transfer,1
4949,27,50.53258990332664,3602.1236676209496,Male,0,No,Yes,Yes,No,DSL,Yes,No,No,Yes,Yes,No internet service,Two year,Yes,Mailed check,1
4950,32,109.65715249692775,558.1893702105257,Male,0,No,Yes,No,No,Fiber optic,No,Yes,Yes,No internet service,Yes,No,Month-to-month,No,Electronic check,1
4951,9,84.13932487233166,4403.935628380217,Female,0,No,Yes,Yes,No,DSL,No,Yes,Yes,No,Yes,No,Two year,No,Credit card,0
4952,68,97.01312919289194,754.1537702449116,Female,0,Yes,No,No,No,Fiber optic,Yes,No,Yes,No internet service,Yes,No,One year,No,Mailed check,1
4953,46,34.15521094771061,6638.986007548964,Female,0,No,No,Yes,Yes,DSL,Yes,Yes,Yes,No internet service,No,No,Month-to-month,No,Bank transfer,0
4954,67,103.41254332472458,5092.463976581228,Female,0,No,No,No,No phone service,Fiber optic,No internet service,No internet service,Yes,No internet service,No,No internet service,Month-to-month,Yes,Mailed check,1
4955,26,20.814624819423514,4500.043516707542,Male,0,Yes,No,No,Yes,Fiber optic,No internet service,Yes,Yes,No internet service,Yes,No internet service,Month-to-month,No,Mailed check,0
4956,8,41.30573507330061,1154.4051353103064,Female,1,No,No,No,No,No,Yes,No internet service,No,No,No,No internet service,Month-to-month,Yes,Bank transfer,1
4957,6,81.60923211499934,2370.9111966822556,Female,1,No,No,No,No,Fiber optic,No internet service,No,Yes,No,Yes,Yes,Month-to-month,No,Mailed check,1
4958,24,57.52464085940503,3993.7195873688647,Male,0,Yes,Yes,No,No,DSL,No,No,No internet service,No internet service,No internet service,No,One year,No,Credit card,0
4959,48,118.41933917185635,5102.939757753536,Male,1,No,No,Yes,No,Fiber optic,Yes,No internet service,No,Yes,Yes,Yes,Month-to-month,Yes,Bank transfer,1
4960,45,23.033924681831824,1547.522678063029,Male,0,Yes,Yes,Yes,No,DSL,No internet service,No,No,No internet service,No internet service,No,Month-to-month,Yes,Electronic check,0
4961,13,119.85981679365432,170.04359725562483,Male,0,No,Yes,Yes,No phone service,Fiber optic,No,No,No,Yes,Yes,No internet service,Two year,No,Bank transfer,1
4962,69,82.36278328613162,2823.605479427435,Female,0,No,Yes,No,Yes,No,Yes,No,No,Yes,Yes,No,One year,Yes,Credit card,1
4963,25,75.87069945960965,3914.6844909943243,Male,0,No,Yes,No,No,No,No internet service,Yes,Yes,No internet service,No,No internet service,Month-to-month,No,Electronic check,0
4964,20,25.951244256397437,1557.0246942147442,Female,1,Yes,No,No,No phone service,DSL,No,Yes,Yes,No,No internet service,No,Month-to-month,Yes,Bank transfer,1
4965,66,47.332887666589066,3988.1074962561256,Female,0,No,No,Yes,Yes,Fiber optic,Yes,No internet service,Yes,No internet service,No,No,One year,Yes,Bank transfer,0
4966,45,112.46626882915957,2774.0382826972227,Male,0,No,Yes,Yes,Yes,DSL,No internet service,No internet service,No internet service,No,Yes,No internet service,Two year,Yes,Mailed check,0
4967,47,55.424600318924426,3695.208362240621,Male,0,No,No,Yes,Yes,No,No,Yes,Yes,Yes,No internet service,No,One year,Yes,Electronic check,0
4968,63,86.1653200467251,2844.9162295708925,Male,1,No,Yes,No,No,DSL,No,No,Yes,No,Yes,No internet service,One year,Yes,Credit card,0
4969,55,119.94963504187217,5064.896013315722,Male,0,Yes,Yes,No,No,DSL,No,Yes,No internet service,No,No internet service,No internet service,Two year,Yes,Credit card,0
4970,19,46.30697138335412,438.8863868492163,Male,1,No,Yes,No,No phone service,Fiber optic,No,No,Yes,No,No internet service,No,One year,Yes,Bank transfer,0
4971,35,77.60808790144938,1450.1517905597611,Female,0,No,Yes,Yes,No phone service,No,Yes,No internet service,Yes,No internet service,Yes,No internet service,Two year,Yes,Mailed check,0
4972,53,89.64377927022132,3518.7318659768966,Male,0,No,No,No,Yes,No,No,No internet service,No,Yes,Yes,Yes,Two year,No,Credit card,0
4973,26,36.46272465654152,2914.744052859668,Female,0,No,Yes,No,No,Fiber optic,Yes,No internet service,Yes,Yes,No,Yes,Month-to-month,No,Mailed check,1
4974,14,34.86725636961821,3193.8924520351547,Male,0,Yes,No,No,Yes,Fiber optic,Yes,Yes,No internet service,No,No,No,Month-to-month,No,Electronic check,1
4975,45,65.63079116581733,6449.70948955579,Female,0,Yes,Yes,Yes,Yes,Fiber optic,No internet service,Yes,No,Yes,Yes,No internet service,One year,No,Mailed check,0
4976,44,58.58125217592894,7102.020100154189,Female,0,Yes,No,Yes,No phone service,No,Yes,No,No internet service,No,No,Yes,Month-to-month,Yes,Mailed check,0
4977,65,91.42154368573138,2064.4833896308037,Female,0,No,No,Yes,No,No,No,No internet service,No internet service,No,No,Yes,Two year,Yes,Bank transfer,1
4978,51,26.950877144858623,6707.489376261813,Male,0,Yes,No,No,No phone service,Fiber optic,Yes,No,Yes,No,Yes,No internet service,Two year,No,Credit card,0
4979,43,117.21666237406905,3724.439935793827,Male,0,Yes,Yes,No,No,DSL,Yes,No,No,No,No internet service,Yes,One year,Yes,Electronic check,0
4980,23,21.427698168583234,2263.1828923611442,Male,0,Yes,Yes,Yes,Yes,No,No internet service,Yes,Yes,No internet service,Yes,Yes,One year,No,Credit card,0
4981,56,80.13168243361511,7885.102960936959,Female,0,No,No,No,Yes,Fiber optic,Yes,Yes,No,No,No,No,Month-to-month,No,Electronic check,1
4982,19,76.26325958673883,6615.934152329922,Female,0,No,No,No,Yes,Fiber optic,No internet service,No,No,Yes,Yes,No,One year,No,Electronic check,0
4983,55,33.471573086972576,7954.601220783635,Male,0,Yes,Yes,No,No,DSL,Yes,No,No,No internet service,Yes,No internet service,One year,No,Credit card,0
4984,60,35.09159827135298,1428.7071969832116,Male,1,No,No,Yes,Yes,Fiber optic,No internet service,No,No internet service,Yes,No internet service,No internet service,One year,Yes,Electronic check,0
4985,59,99.26774877946268,1236.3571241880834,Female,0,No,No,Yes,No,DSL,Yes,Yes,Yes,No internet service,No internet service,Yes,Two year,Yes,Credit card,0
4986,33,108.75624584126831,4076.6858282594903,Female,0,No,No,Yes,No,DSL,No,No,No,No,No,No,Month-to-month,No,Mailed check,1
4987,19,48.301696588376956,5145.285704272976,Male,0,Yes,Yes,No,No phone service,No,Yes,Yes,No,No internet service,No,No internet service,Two year,Yes,Electronic check,0
4988,28,63.796396396256846,1451.374731013478,Male,0,No,Yes,Yes,Yes,Fiber optic,No internet service,No internet service,No internet service,Yes,No,Yes,Two year,Yes,Credit card,1
4989,52,55.499504103835356,6897.402277899487,Male,0,No,Yes,Yes,No phone service,No,No internet service,No internet service,No,No internet service,No,No,One year,Yes,Mailed check,0
4990,49,27.25470129866519,4302.90648144057,Female,0,Yes,Yes,Yes,No,No,No,No,No,No internet service,No,No internet service,Two year,No,Mailed check,0
4991,37,87.32042460158094,3346.440482443115,Female,0,No,Yes,Yes,Yes,No,No,Yes,Yes,No,Yes,No,Month-to-month,No,Mailed check,1
4992,26,102.51929348056902,4856.224016123657,Male,0,No,Yes,Yes,Yes,Fiber optic,No internet service,No internet service,No internet service,No,Yes,Yes,Month-to-month,Yes,Mailed check,1
4993,40,50.48793573912071,5116.134332481085,Male,0,Yes,No,No,No,Fiber optic,No,Yes,No internet service,No internet service,No,Yes,Month-to-month,Yes,Electronic check,1
4994,38,119.01757936307183,437.9879197719737,Male,0,Yes,No,No,Yes,Fiber optic,Yes,Yes,No,No,No internet service,Yes,Two year,Yes,Credit card,1
4995,54,27.585155728235492,7999.152066969889,Male,0,No,No,No,No,No,Yes,No internet service,No,No,No internet service,No,Two year,No,Credit card,1
4996,22,86.17907138145209,2974.9646567553564,Male,0,No,No,No,Yes,DSL,No,No,No internet service,No internet service,No,No internet service,Two year,No,Mailed check,0
4997,16,64.8228014526089,586.1869105881799,Female,1,No,No,No,Yes,No,Yes,No,No,Yes,Yes,No internet service,Month-to-month,No,Bank transfer,1
4998,28,64.66019011066558,6833.353080726571,Male,0,Yes,No,No,No,DSL,Yes,No internet service,No,No,No internet service,Yes,Month-to-month,Yes,Bank transfer,1
4999,35,65.76456160335403,7944.847565777267,Female,0,Yes,Yes,Yes,No phone service,Fiber optic,No,Yes,No internet service,No internet service,No internet service,Yes,Month-to-month,Yes,Bank transfer,0
5000,60,45.86817738014284,6549.2322228071125,Female,0,No,No,No,No,Fiber optic,No internet service,No,No,No internet service,No internet service,Yes,Two year,No,Bank transfer,0
